"Index","value"
2007-10-12,1e+05
2007-10-15,99998.3767733054
2007-10-16,99835.4431297405
2007-10-17,99997.7804008045
2007-10-18,100099.588599396
2007-10-19,100135.837860133
2007-10-22,100007.609040636
2007-10-23,100080.940066285
2007-10-24,100124.04453567
2007-10-25,100145.407241971
2007-10-26,100173.556286711
2007-10-29,100314.286012205
2007-10-30,100361.090127032
2007-10-31,100393.361960704
2007-11-01,100296.584054649
2007-11-02,100429.380820051
2007-11-05,100410.734902642
2007-11-06,100554.214134354
2007-11-07,100578.768469594
2007-11-08,100615.84098035
2007-11-09,100546.415335499
2007-11-12,100373.271902498
2007-11-13,100504.425335292
2007-11-14,100440.855575939
2007-11-15,100403.208807267
2007-11-16,100486.401199869
2007-11-19,100575.818424534
2007-11-20,100744.20644804
2007-11-21,100603.293935719
2007-11-22,100671.778485976
2007-11-23,100654.041346596
2007-11-26,100824.196006105
2007-11-27,100736.553620374
2007-11-28,100694.807579071
2007-11-29,100743.992485947
2007-11-30,100678.945473074
2007-12-03,100739.595821659
2007-12-04,100728.435610505
2007-12-05,100671.391546166
2007-12-06,100677.674534743
2007-12-07,100535.903946216
2007-12-10,100488.152225503
2007-12-11,100458.163414177
2007-12-12,100446.251332817
2007-12-13,100282.419777945
2007-12-14,100013.254577093
2007-12-17,100054.519831519
2007-12-18,100169.688407293
2007-12-19,100262.036790747
2007-12-20,100287.566850567
2007-12-21,100334.286135314
2007-12-24,100318.966536897
2007-12-25,100358.365690205
2007-12-26,100481.108519023
2007-12-27,100565.114249692
2007-12-28,100665.389484353
2008-01-02,100838.592843944
2008-01-03,100877.114976357
2008-01-04,100881.488982307
2008-01-07,100942.247193284
2008-01-08,100969.610428369
2008-01-09,101045.102233764
2008-01-10,101190.037624012
2008-01-11,101272.026996887
2008-01-14,101430.999067097
2008-01-15,101475.742632503
2008-01-16,101395.556416549
2008-01-17,101415.131393022
2008-01-18,101416.957445179
2008-01-21,101247.410719737
2008-01-22,101585.029259396
2008-01-23,101746.199589392
2008-01-24,101661.321418498
2008-01-25,101584.690151687
2008-01-28,101757.515186392
2008-01-29,101793.875547303
2008-01-30,101961.929604841
2008-01-31,102125.483666298
2008-02-01,102379.892970495
2008-02-04,102394.937523386
2008-02-05,102534.34396446
2008-02-13,102423.370941558
2008-02-14,102183.32943139
2008-02-15,102264.082410976
2008-02-18,102145.933438362
2008-02-19,101995.95149108
2008-02-20,101943.065731669
2008-02-21,102074.248691687
2008-02-22,102157.531254668
2008-02-25,102103.059496135
2008-02-26,102285.773122804
2008-02-27,102321.446497169
2008-02-28,102441.809580547
2008-02-29,102629.707213253
2008-03-03,102694.44224655
2008-03-04,102618.989514986
2008-03-05,102538.04308941
2008-03-06,102575.274623835
2008-03-07,102726.756530143
2008-03-10,102809.539510691
2008-03-11,102655.101513813
2008-03-12,102979.70104316
2008-03-13,102962.834501304
2008-03-14,103045.129733846
2008-03-17,103114.407433175
2008-03-18,102963.503199933
2008-03-19,102886.90118186
2008-03-20,102801.577450952
2008-03-21,102936.396126729
2008-03-24,103016.136295845
2008-03-25,103112.529574717
2008-03-26,103180.075070319
2008-03-27,102998.028882918
2008-03-28,103020.68934459
2008-03-31,103073.403692538
2008-04-01,102847.511934387
2008-04-02,102860.932839466
2008-04-03,102898.367934038
2008-04-07,102911.463310698
2008-04-08,102920.188531705
2008-04-09,103032.976446509
2008-04-10,102972.302485032
2008-04-11,103085.917388551
2008-04-14,103103.778283007
2008-04-15,103002.959342377
2008-04-16,103040.664217547
2008-04-17,102924.330383209
2008-04-18,102826.478327519
2008-04-21,102910.98742376
2008-04-22,102961.269124639
2008-04-23,102914.802702212
2008-04-24,102726.407831331
2008-04-25,102746.060819628
2008-04-28,102780.12166056
2008-04-29,102699.766727477
2008-04-30,102865.469844409
2008-05-05,102948.654803007
2008-05-06,102983.570591073
2008-05-07,102768.78060199
2008-05-08,102880.816536702
2008-05-09,102984.412291467
2008-05-12,103077.179848003
2008-05-13,102915.464573158
2008-05-14,102821.639129424
2008-05-15,102839.574804966
2008-05-16,102990.578465141
2008-05-19,102937.351825588
2008-05-20,103019.768771917
2008-05-21,103039.941306975
2008-05-22,102822.742223977
2008-05-23,102901.08916884
2008-05-26,102941.864158153
2008-05-27,102842.694320051
2008-05-28,102747.291545028
2008-05-29,102554.391685286
2008-05-30,102711.412187527
2008-06-02,102778.405447477
2008-06-03,102733.153905703
2008-06-04,102764.490950664
2008-06-05,102734.802923572
2008-06-06,102809.802666633
2008-06-10,102324.543448373
2008-06-11,102366.503175094
2008-06-12,102133.769067149
2008-06-13,102019.251716874
2008-06-16,102104.829019098
2008-06-17,102202.530343241
2008-06-18,102287.601895552
2008-06-19,102221.871537813
2008-06-20,102348.478562649
2008-06-23,102316.312013564
2008-06-24,102386.60240492
2008-06-25,102457.224083481
2008-06-26,102528.814928632
2008-06-27,102615.081972704
2008-06-30,102515.23680002
2008-07-01,102517.256762537
2008-07-02,102528.977100145
2008-07-03,102468.163004154
2008-07-04,102517.324274441
2008-07-07,102583.987745703
2008-07-08,102566.099741526
2008-07-09,102688.269328013
2008-07-10,102741.793950619
2008-07-11,102716.961129764
2008-07-14,102836.441588355
2008-07-15,102892.356706652
2008-07-16,102699.912650362
2008-07-17,102619.260498111
2008-07-18,102493.409597427
2008-07-21,102550.988372932
2008-07-22,102419.862035274
2008-07-23,102345.968416114
2008-07-24,102467.695793765
2008-07-25,102438.487554966
2008-07-28,102602.160100473
2008-07-29,102462.290104855
2008-07-30,102433.621990625
2008-07-31,102508.820626365
2008-08-01,102578.385479258
2008-08-04,102632.675773147
2008-08-05,102523.935226546
2008-08-06,102413.587869616
2008-08-07,102618.69559114
2008-08-08,102495.54324541
2008-08-11,102348.65895624
2008-08-12,102426.581279547
2008-08-13,102437.218893621
2008-08-14,102456.566453148
2008-08-15,102464.717851951
2008-08-18,102641.134245741
2008-08-19,102644.040468034
2008-08-20,102644.035292235
2008-08-21,102747.710310642
2008-08-22,102550.925327562
2008-08-25,102664.205802971
2008-08-26,102508.069129921
2008-08-27,102369.086951844
2008-08-28,102346.95311139
2008-08-29,102568.514665324
2008-09-01,102400.022910193
2008-09-02,102357.724600192
2008-09-03,102545.705573475
2008-09-04,102393.668833177
2008-09-05,102584.581180898
2008-09-08,102477.208157131
2008-09-09,102582.173898643
2008-09-10,102594.651110242
2008-09-11,102850.833839062
2008-09-12,103032.472290658
2008-09-16,103812.803615394
2008-09-17,103916.262745329
2008-09-18,103923.444451187
2008-09-19,103741.209723563
2008-09-22,103803.608820324
2008-09-23,103700.106090513
2008-09-24,103989.409160916
2008-09-25,103882.770043452
2008-09-26,104142.315867442
2008-10-06,103648.361122033
2008-10-07,103764.522706241
2008-10-08,103826.360876967
2008-10-09,104159.088815194
2008-10-10,103776.476086178
2008-10-13,104121.655238941
2008-10-14,104014.527419255
2008-10-15,103663.73200777
2008-10-16,104277.332435529
2008-10-17,104236.624671045
2008-10-20,104327.619856168
2008-10-21,104204.002944972
2008-10-22,104232.044533188
2008-10-23,104434.317770394
2008-10-24,103743.657978715
2008-10-27,103556.217171352
2008-10-28,104087.462253514
2008-10-29,104367.637550545
2008-10-30,104431.79686366
2008-10-31,104224.84966722
2008-11-03,104288.849234298
2008-11-04,104858.716845788
2008-11-05,104750.340830793
2008-11-06,104504.21451871
2008-11-07,104762.42405372
2008-11-10,104746.50532759
2008-11-11,104711.962129273
2008-11-12,104798.271485118
2008-11-13,105291.470433738
2008-11-14,105093.108964618
2008-11-17,105160.341594476
2008-11-18,105291.060513373
2008-11-19,105231.559008161
2008-11-20,105209.805750883
2008-11-21,105348.695523416
2008-11-24,105402.976786193
2008-11-25,105591.357469258
2008-11-26,105572.192857179
2008-11-27,105857.573925893
2008-11-28,105910.306620459
2008-12-01,106201.113062354
2008-12-02,106440.762391266
2008-12-03,106556.94825886
2008-12-04,106671.48235772
2008-12-05,106722.306806328
2008-12-08,106870.637528969
2008-12-09,106753.30717422
2008-12-10,106821.077849006
2008-12-11,107143.980544086
2008-12-12,107144.846695302
2008-12-15,107453.771430639
2008-12-16,108177.011118284
2008-12-17,108679.742205404
2008-12-18,108696.236785288
2008-12-19,108639.390614935
2008-12-22,108699.339754578
2008-12-23,108703.876469821
2008-12-24,108801.658257249
2008-12-25,108814.835630795
2008-12-26,108944.628561978
2008-12-29,109110.76579328
2008-12-30,109192.836655351
2008-12-31,109221.346180438
2009-01-05,108810.744120527
2009-01-06,108724.370737474
2009-01-07,108654.729966093
2009-01-08,108871.700253769
2009-01-09,108768.326741599
2009-01-12,108606.936921061
2009-01-13,108399.449469213
2009-01-14,108335.324773085
2009-01-15,108307.750266969
2009-01-16,108262.354937244
2009-01-19,108058.794692594
2009-01-20,107883.756143247
2009-01-21,107793.186711657
2009-01-22,107530.984430323
2009-01-23,107515.029043805
2009-02-02,107307.422537055
2009-02-03,107073.190774272
2009-02-04,106608.082481798
2009-02-05,106625.275508264
2009-02-06,106856.327578484
2009-02-09,106910.183711024
2009-02-10,106684.495306922
2009-02-11,106982.580322684
2009-02-12,107100.422838753
2009-02-13,106963.64894634
2009-02-16,106830.065424828
2009-02-17,107086.058681632
2009-02-18,107166.18060651
2009-02-19,107143.546859738
2009-02-20,107362.284436021
2009-02-23,107252.077651401
2009-02-24,107584.838041087
2009-02-25,107340.570105154
2009-02-26,107368.955424171
2009-02-27,107017.668418817
2009-03-02,107076.631504429
2009-03-03,107072.025251924
2009-03-04,107070.274332628
2009-03-05,107136.158310657
2009-03-06,107273.442599381
2009-03-09,107205.767308609
2009-03-10,107200.623974765
2009-03-11,107408.967548275
2009-03-12,107582.513083156
2009-03-13,107667.328774078
2009-03-16,107640.375723401
2009-03-17,107562.633322154
2009-03-18,108358.157749792
2009-03-19,108540.557121013
2009-03-20,108490.604899305
2009-03-23,108604.847758487
2009-03-24,108336.339597884
2009-03-25,108321.464201688
2009-03-26,108433.464796675
2009-03-27,108248.821278287
2009-03-30,108270.163257647
2009-03-31,108344.635808066
2009-04-01,108455.476021132
2009-04-02,108576.677036275
2009-04-03,108382.645552166
2009-04-07,108234.417904628
2009-04-08,108256.816121326
2009-04-09,108197.322830095
2009-04-10,108108.793965289
2009-04-13,108361.380641434
2009-04-14,108315.33722745
2009-04-15,108444.098725781
2009-04-16,108307.672254994
2009-04-17,108148.666336924
2009-04-20,108040.029507064
2009-04-21,108201.601483581
2009-04-22,108118.868250314
2009-04-23,108253.139276327
2009-04-24,108337.671879366
2009-04-27,108316.759122181
2009-04-28,108265.464405863
2009-04-29,108404.256482565
2009-04-30,108324.20445575
2009-05-04,108426.35780816
2009-05-05,108364.511832695
2009-05-06,108454.444554717
2009-05-07,108383.524608285
2009-05-08,108596.362762633
2009-05-11,108676.610876345
2009-05-12,108800.509033617
2009-05-13,108748.83623065
2009-05-14,108916.68887148
2009-05-15,108769.771857433
2009-05-18,108918.663234365
2009-05-19,108940.444735571
2009-05-20,109058.936229629
2009-05-21,109024.001119048
2009-05-22,108930.765367378
2009-05-25,108843.010819708
2009-05-26,108939.347117821
2009-05-27,108503.91416174
2009-06-01,108869.018913391
2009-06-02,109014.786239415
2009-06-03,108974.210516861
2009-06-04,108867.172372857
2009-06-05,108471.921453525
2009-06-08,108422.411460359
2009-06-09,108592.672921885
2009-06-10,108462.208083277
2009-06-11,108737.917251804
2009-06-12,108725.011775714
2009-06-15,108628.375084032
2009-06-16,108711.705661922
2009-06-17,108824.152445661
2009-06-18,108569.501093641
2009-06-19,108646.582561016
2009-06-22,108561.748037712
2009-06-23,108825.209831534
2009-06-24,108728.461828975
2009-06-26,108958.162563852
2009-06-29,109025.380425082
2009-06-30,109021.825543825
2009-07-01,109051.196993366
2009-07-02,108952.060100963
2009-07-03,109015.998513427
2009-07-06,109032.818954036
2009-07-07,109007.47927243
2009-07-08,109135.688049072
2009-07-09,109130.627400675
2009-07-10,109132.414064651
2009-07-13,109096.722364585
2009-07-14,109048.066827278
2009-07-15,108887.544850311
2009-07-16,108960.855872802
2009-07-17,108791.220681938
2009-07-20,108956.847364681
2009-07-21,109150.659300706
2009-07-22,108983.936115175
2009-07-23,108821.402781238
2009-07-24,108828.413155434
2009-07-27,108818.959317911
2009-07-28,108741.136320058
2009-07-29,108656.067923252
2009-07-30,108768.254306702
2009-07-31,109101.631332281
2009-08-03,109036.247342892
2009-08-04,108750.828403431
2009-08-05,108791.371715204
2009-08-06,108806.775665612
2009-08-07,108771.98358338
2009-08-10,108808.109833094
2009-08-11,108878.566813901
2009-08-12,108888.012306527
2009-08-13,109138.919888078
2009-08-14,109143.833985638
2009-08-17,109154.743941936
2009-08-18,109184.915666396
2009-08-19,109409.626851947
2009-08-20,109488.995496274
2009-08-21,109383.910197525
2009-08-24,109630.964077432
2009-08-25,109698.754961336
2009-08-26,109655.544456454
2009-08-27,109788.967781359
2009-08-28,109787.506215802
2009-08-31,109861.910514564
2009-09-01,109807.50832435
2009-09-02,109951.401845591
2009-09-03,109882.007734765
2009-09-04,109855.479389547
2009-09-07,109918.528727312
2009-09-08,109945.307518757
2009-09-09,109993.886659502
2009-09-10,110158.924084925
2009-09-11,110254.221093683
2009-09-14,110319.477516145
2009-09-15,110280.717699715
2009-09-16,110331.116981881
2009-09-17,110389.799401103
2009-09-18,110317.359204551
2009-09-21,110293.907278977
2009-09-22,110404.321345441
2009-09-23,110352.993903328
2009-09-24,110412.389469896
2009-09-25,110556.11466586
2009-09-28,110788.898208504
2009-09-29,110691.983204976
2009-09-30,110779.136343308
2009-10-09,110959.471643419
2009-10-12,111002.818913017
2009-10-13,111122.545833929
2009-10-14,111305.82396181
2009-10-15,111245.662306516
2009-10-16,111260.197399956
2009-10-19,111316.890757098
2009-10-20,111349.786999709
2009-10-21,111365.008331624
2009-10-22,111452.296300811
2009-10-23,111303.422449842
2009-10-26,111236.072810547
2009-10-27,111321.738445254
2009-10-28,111182.620056547
2009-10-29,111313.61433977
2009-10-30,111314.442624417
2009-11-02,111333.568959433
2009-11-03,111282.46312958
2009-11-04,111324.624708357
2009-11-05,111302.447220528
2009-11-06,111339.958814836
2009-11-09,111560.650062681
2009-11-10,111511.409430954
2009-11-11,111545.734016524
2009-11-12,111631.593189162
2009-11-13,111809.941942793
2009-11-16,111866.799290779
2009-11-17,111470.631444657
2009-11-18,111643.925083454
2009-11-19,111328.352448962
2009-11-20,111280.610208058
2009-11-23,111625.612107622
2009-11-24,111964.167517259
2009-11-25,112415.002686973
2009-11-26,112284.272769515
2009-11-27,112308.468692318
2009-11-30,111936.778773615
2009-12-01,111951.856184112
2009-12-02,111884.063593578
2009-12-03,111873.740771442
2009-12-04,111637.848491904
2009-12-07,111718.590124339
2009-12-08,111588.39417801
2009-12-09,111559.949858116
2009-12-10,111570.656369466
2009-12-11,111456.603359216
2009-12-14,111520.701419485
2009-12-15,111347.469692182
2009-12-16,111362.790848367
2009-12-17,111276.425364681
2009-12-18,111320.933464769
2009-12-21,111089.707330883
2009-12-22,110945.649732737
2009-12-23,110952.831101375
2009-12-24,110988.8909873
2009-12-25,111021.924259511
2009-12-28,110783.11369205
2009-12-29,110763.897342202
2009-12-30,110790.358428453
2009-12-31,110830.893099112
2010-01-04,110958.330727747
2010-01-05,110996.364685162
2010-01-06,111023.034106421
2010-01-07,110963.913071321
2010-01-08,111065.26119432
2010-01-11,111204.470161174
2010-01-12,111256.554878548
2010-01-13,111239.245433599
2010-01-14,111303.879072656
2010-01-15,111276.69890842
2010-01-18,111322.554680327
2010-01-19,111336.857675248
2010-01-20,111099.780553099
2010-01-22,111264.953129245
2010-01-25,111281.00698668
2010-01-26,111226.179890874
2010-01-27,111179.701270859
2010-01-28,111221.548735901
2010-01-29,111155.471358182
2010-02-01,111317.841410694
2010-02-02,111296.867034826
2010-02-03,111186.398206842
2010-02-04,111138.209518634
2010-02-05,111613.509427227
2010-02-08,111636.692925582
2010-02-09,111775.478779926
2010-02-10,111672.512773783
2010-02-11,111712.844645687
2010-02-12,111700.398020223
2010-02-22,111675.724673562
2010-02-23,111789.238638865
2010-02-24,111849.853004442
2010-02-25,111919.408477021
2010-02-26,112081.934835215
2010-03-01,112139.085162051
2010-03-02,112250.307958801
2010-03-04,112213.594119548
2010-03-05,112198.399272951
2010-03-08,112187.354561388
2010-03-09,112202.872983559
2010-03-10,112213.122830015
2010-03-11,112196.229620836
2010-03-15,112279.190723241
2010-03-16,112553.937917063
2010-03-17,112571.540613748
2010-03-18,112475.432392366
2010-03-19,112421.136097142
2010-03-22,112524.51276071
2010-03-23,112525.831073976
2010-03-24,112615.731035962
2010-03-25,112607.136771662
2010-03-26,112223.007804834
2010-03-29,112282.754415932
2010-03-30,112296.699103791
2010-03-31,112432.674927272
2010-04-01,112444.949661355
2010-04-02,112376.63801851
2010-04-06,112248.103261867
2010-04-07,112292.263940743
2010-04-08,112556.915885075
2010-04-09,112431.791569376
2010-04-12,112482.098334797
2010-04-13,112518.570182272
2010-04-14,112516.756013238
2010-04-15,112445.301673657
2010-04-16,112531.758507827
2010-04-19,112514.681263749
2010-04-20,112569.972168965
2010-04-21,112549.608071424
2010-04-22,112430.459569722
2010-04-23,112493.133185611
2010-04-26,112552.057788487
2010-04-27,112500.963940644
2010-04-28,112509.900041605
2010-04-29,112637.166154637
2010-04-30,112770.875787717
2010-05-04,112540.386797326
2010-05-05,112592.569135031
2010-05-06,112510.66891022
2010-05-07,112622.588280036
2010-05-10,112824.75076627
2010-05-11,112798.551064186
2010-05-12,112792.765660334
2010-05-13,112755.754786131
2010-05-14,112723.274211474
2010-05-17,112795.202336261
2010-05-18,112685.015265135
2010-05-19,112676.157163801
2010-05-20,112681.274287684
2010-05-21,112916.46954082
2010-05-24,112787.234651387
2010-05-25,112961.811867305
2010-05-26,112723.636435156
2010-05-27,112864.391149716
2010-05-28,112872.226588196
2010-05-31,112882.568509986
2010-06-01,112735.589419593
2010-06-02,112722.725958983
2010-06-03,112635.86703565
2010-06-04,112528.56005118
2010-06-07,112583.037593206
2010-06-08,112715.062552962
2010-06-09,112722.079764257
2010-06-10,112795.585950386
2010-06-11,112898.730012629
2010-06-17,113162.460455848
2010-06-18,113165.784021977
2010-06-21,113070.035836196
2010-06-22,113156.370594876
2010-06-23,113280.523822787
2010-06-24,113179.291509013
2010-06-25,113346.663841397
2010-06-28,113418.534069962
2010-06-29,113321.831499556
2010-06-30,113313.008499627
2010-07-01,113470.597726723
2010-07-02,113432.461503155
2010-07-05,113482.752841106
2010-07-06,113785.089613177
2010-07-07,113780.827344917
2010-07-08,113879.717930377
2010-07-09,113609.22477309
2010-07-12,113964.988376447
2010-07-13,114031.387238323
2010-07-14,114105.727034248
2010-07-15,114284.343427726
2010-07-16,114306.640312024
2010-07-19,114275.943504013
2010-07-20,114337.994143636
2010-07-21,114309.886618428
2010-07-22,114438.454761029
2010-07-23,114403.77656166
2010-07-26,114496.710414978
2010-07-27,114360.199206405
2010-07-28,114403.378393549
2010-07-29,114487.598342994
2010-07-30,114539.396107822
2010-08-02,114694.799545954
2010-08-03,114824.595539852
2010-08-04,115021.291823772
2010-08-05,115109.793924465
2010-08-06,115269.709992731
2010-08-09,115251.107993008
2010-08-10,115254.311105675
2010-08-11,115075.11239336
2010-08-12,115083.603842529
2010-08-13,115103.959037475
2010-08-16,115442.739226394
2010-08-17,115481.339323936
2010-08-18,115465.773613877
2010-08-19,115460.295590728
2010-08-20,115393.910150762
2010-08-23,115411.380828971
2010-08-24,115473.536705297
2010-08-27,115524.566600241
2010-08-30,115535.207484137
2010-08-31,115680.465643622
2010-09-01,115773.622323208
2010-09-02,115669.569585575
2010-09-03,115683.785712076
2010-09-06,115620.712275624
2010-09-07,115647.91723127
2010-09-08,115653.171159507
2010-09-09,115486.165827828
2010-09-10,115349.551577483
2010-09-13,115653.603081975
2010-09-14,115768.872094103
2010-09-15,115649.048888391
2010-09-16,115494.980767161
2010-09-17,115587.805975627
2010-09-20,115648.975726677
2010-09-21,115671.588320587
2010-09-27,115803.590844572
2010-09-28,116027.683239638
2010-09-29,116029.288104914
2010-09-30,116145.852178048
2010-10-08,116524.509132929
2010-10-11,116465.661410377
2010-10-12,116474.638167559
2010-10-13,116472.578295161
2010-10-14,116431.350905856
2010-10-15,116230.383173874
2010-10-18,116307.201149537
2010-10-19,116134.936735982
2010-10-20,116253.653658793
2010-10-21,116046.099022249
2010-10-22,116114.814665107
2010-10-25,116147.816093013
2010-10-26,115921.407387551
2010-10-27,115633.740970708
2010-10-28,115864.533434893
2010-10-29,115938.398884172
2010-11-01,116029.57271076
2010-11-02,116049.625566587
2010-11-03,116131.310475156
2010-11-04,116246.699257247
2010-11-05,116063.391176969
2010-11-08,116022.553922412
2010-11-09,115661.642373134
2010-11-10,115555.464996775
2010-11-11,115279.828512837
2010-11-12,115186.382484992
2010-11-15,114937.225787273
2010-11-16,114976.817192876
2010-11-17,115018.998085805
2010-11-18,115027.000722777
2010-11-19,115096.692755129
2010-11-22,115180.848874334
2010-11-23,115001.076672701
2010-11-24,114873.786494643
2010-11-25,114799.209088068
2010-11-26,114826.379511571
2010-11-29,114721.665099483
2010-11-30,114706.014686759
2010-12-01,114732.504286722
2010-12-02,114798.402725132
2010-12-03,115006.148112209
2010-12-06,114973.473064641
2010-12-07,114687.533704151
2010-12-08,114591.413959976
2010-12-09,114588.721114416
2010-12-10,114530.200198428
2010-12-13,114738.449672464
2010-12-14,114570.350474584
2010-12-15,114353.258531997
2010-12-16,114445.854425177
2010-12-17,114590.150905594
2010-12-20,114698.340312247
2010-12-21,114625.656897678
2010-12-22,114533.149543673
2010-12-23,114504.511343652
2010-12-24,114418.639284399
2010-12-27,114532.191517323
2010-12-28,114385.136303477
2010-12-29,114606.24492125
2010-12-30,114578.789627099
2010-12-31,114710.09767918
2011-01-04,114680.016312132
2011-01-05,114483.666808483
2011-01-06,114461.401834061
2011-01-07,114532.648067992
2011-01-10,114647.650722809
2011-01-11,114546.629233471
2011-01-12,114597.970770902
2011-01-13,114793.307069294
2011-01-14,114668.337083256
2011-01-17,114704.229008323
2011-01-18,114670.76005438
2011-01-19,114737.877515443
2011-01-20,114562.453496102
2011-01-21,114674.152112057
2011-01-24,114806.039552012
2011-01-25,114896.704765555
2011-01-26,114812.6513164
2011-01-27,114801.44493415
2011-01-28,114843.792487754
2011-01-31,114987.871509278
2011-02-01,115076.370292532
2011-02-09,114799.992536918
2011-02-10,114635.080536503
2011-02-11,114723.836820552
2011-02-14,114776.12028393
2011-02-15,114696.315080752
2011-02-16,114807.232926766
2011-02-17,114944.964122986
2011-02-18,114926.24453078
2011-02-21,114920.728599425
2011-02-22,115010.8733544
2011-02-23,115100.782839396
2011-02-24,115224.949649168
2011-02-25,115321.729192593
2011-02-28,115365.577714627
2011-03-01,115308.578071389
2011-03-02,115342.162443446
2011-03-03,115207.901761845
2011-03-04,115291.422306006
2011-03-07,115260.169656842
2011-03-08,115196.93404188
2011-03-09,115262.179294391
2011-03-10,115335.78849079
2011-03-11,115514.538481693
2011-03-14,115626.181930222
2011-03-15,115596.201745818
2011-03-16,115611.679443539
2011-03-17,115673.03868201
2011-03-18,115841.795402141
2011-03-21,116015.248499446
2011-03-22,115971.687267785
2011-03-23,115938.643904883
2011-03-24,116016.562746419
2011-03-25,115945.136281397
2011-03-28,115963.360441706
2011-03-29,115973.851400263
2011-03-30,116052.927857
2011-03-31,115992.069730719
2011-04-01,116058.719852424
2011-04-06,116096.718632831
2011-04-07,116080.735186587
2011-04-08,116150.297909426
2011-04-11,116133.82927694
2011-04-12,116189.061426821
2011-04-13,116271.262866596
2011-04-14,116310.994973299
2011-04-15,116359.545897118
2011-04-18,116284.210807119
2011-04-19,116392.96872475
2011-04-20,116526.639342608
2011-04-21,116470.414335412
2011-04-22,116547.708129994
2011-04-25,116673.065836583
2011-04-26,116743.334626812
2011-04-27,116750.231370558
2011-04-28,116842.733692086
2011-04-29,116883.450926755
2011-05-03,116937.202945442
2011-05-04,116872.767644396
2011-05-05,116702.538437196
2011-05-06,116766.402943062
2011-05-09,116939.555602189
2011-05-10,116990.7455713
2011-05-11,116766.078656746
2011-05-12,116896.706469335
2011-05-13,116762.318784056
2011-05-16,116921.773951467
2011-05-17,116998.976206585
2011-05-18,116985.385881228
2011-05-19,117042.741839522
2011-05-20,116959.186176442
2011-05-23,116906.368753106
2011-05-24,116961.017227307
2011-05-25,116945.249053389
2011-05-26,117059.534301493
2011-05-27,117278.889092596
2011-05-30,117269.541987643
2011-05-31,117295.310664624
2011-06-01,117291.961812837
2011-06-02,117384.917226738
2011-06-03,117519.483485425
2011-06-07,117568.005707597
2011-06-08,117481.142382324
2011-06-09,117431.839540304
2011-06-10,117366.793371979
2011-06-14,117349.022229101
2011-06-15,117286.53110116
2011-06-16,117377.235833541
2011-06-17,117461.203830554
2011-06-20,117438.849021103
2011-06-21,117468.32350339
2011-06-22,117382.960673437
2011-06-23,117438.986877085
2011-06-24,117471.25993188
2011-06-27,117482.29897663
2011-06-28,117403.153916228
2011-06-29,117376.638029147
2011-06-30,117407.310296984
2011-07-01,117416.529713473
2011-07-04,117451.680794751
2011-07-05,117421.179388043
2011-07-06,117386.829380216
2011-07-07,117420.740153475
2011-07-08,117365.434036172
2011-07-11,117394.341659265
2011-07-12,117508.18674691
2011-07-13,117736.026751012
2011-07-14,117672.23572414
2011-07-15,117601.910285356
2011-07-18,117587.131660134
2011-07-19,117704.485113098
2011-07-20,117748.97134683
2011-07-21,117902.590608367
2011-07-22,117818.216745941
2011-07-25,117832.524737636
2011-07-26,117980.555776457
2011-07-27,117991.665018444
2011-07-28,117971.492309309
2011-07-29,118079.610049211
2011-08-02,118116.256043782
2011-08-03,118345.331359181
2011-08-04,118062.827658853
2011-08-05,118456.18131313
2011-08-08,118260.658509473
2011-08-09,118695.97145161
2011-08-10,118650.864297651
2011-08-11,118777.842073538
2011-08-12,118775.439147468
2011-08-15,118915.399420651
2011-08-16,118968.777803943
2011-08-17,119081.386439772
2011-08-18,119030.983958424
2011-08-19,119133.669481813
2011-08-22,119218.024939142
2011-08-23,119355.074100952
2011-08-24,119152.609907154
2011-08-25,119146.24762046
2011-08-30,119395.598334279
2011-08-31,119332.703616649
2011-09-01,119384.353636607
2011-09-02,119522.891240285
2011-09-05,119479.640445793
2011-09-06,119439.703248446
2011-09-07,119505.582835282
2011-09-08,119439.849724796
2011-09-13,119264.913700144
2011-09-14,119248.759036085
2011-09-15,119221.820655752
2011-09-19,119284.123077993
2011-09-22,119185.191407284
2011-09-23,119231.830029307
2011-09-26,119226.473554727
2011-09-27,119089.357725468
2011-09-28,118932.292351773
2011-09-29,119069.019671143
2011-09-30,118910.04983115
2011-10-10,118962.728966979
2011-10-11,119034.652231037
2011-10-12,119103.908289181
2011-10-13,119252.51158628
2011-10-14,119400.897089036
2011-10-17,119193.479423701
2011-10-18,119391.879930914
2011-10-19,119311.971408429
2011-10-20,119365.851054559
2011-10-21,119474.841173617
2011-10-24,119482.558267923
2011-10-25,119490.48852706
2011-10-26,119462.167508484
2011-10-27,119566.205765868
2011-10-28,119568.039116238
2011-10-31,119520.629984219
2011-11-01,119612.468351891
2011-11-02,119701.775858683
2011-11-03,119719.42727557
2011-11-04,119625.011354042
2011-11-07,119729.182725171
2011-11-08,119688.402767968
2011-11-09,119447.590138364
2011-11-10,119484.869814863
2011-11-11,119669.854789255
2011-11-14,119581.623108633
2011-11-15,119510.00067327
2011-11-16,119441.656182822
2011-11-17,119459.381877999
2011-11-18,119573.37889764
2011-11-21,119539.168728734
2011-11-22,119529.310127709
2011-11-23,119488.206458248
2011-11-24,119527.849045991
2011-11-25,119317.614674348
2011-11-28,119542.095526198
2011-11-29,119566.056798315
2011-11-30,119817.650731221
2011-12-01,119745.554413012
2011-12-02,119709.382590907
2011-12-05,119933.663578837
2011-12-07,120101.13642077
2011-12-08,120013.072586924
2011-12-09,120048.323837063
2011-12-12,119851.663290313
2011-12-13,119882.493408625
2011-12-14,119891.546773024
2011-12-15,120020.47100557
2011-12-16,120024.902412819
2011-12-19,119981.350143416
2011-12-20,120129.010985555
2011-12-21,120005.234179229
2011-12-22,120086.504081191
2011-12-28,120030.502432816
2011-12-29,120129.836386074
2012-01-04,120094.61163882
2012-01-05,119946.939576957
2012-01-06,119972.10326228
2012-01-09,120139.988732966
2012-01-10,120195.914918433
2012-01-11,120290.87456244
2012-01-12,120454.740553696
2012-01-13,120366.056924419
2012-01-16,120527.793393571
2012-01-17,120558.615749734
2012-01-18,120620.562746556
2012-01-19,120604.488905888
2012-01-20,120627.532768765
2012-01-30,121231.67174997
2012-01-31,121169.767580723
2012-02-01,121267.899247896
2012-02-02,121292.381771983
2012-02-03,121202.024657955
2012-02-06,121235.562849914
2012-02-07,121214.521339861
2012-02-08,121130.917760072
2012-02-09,121115.292129506
2012-02-10,121111.926197308
2012-02-13,121183.727301583
2012-02-14,121207.991020715
2012-02-15,121156.324843566
2012-02-16,121221.923838724
2012-02-17,121128.2529221
2012-02-20,121233.416326801
2012-02-21,121137.797964839
2012-02-22,121171.772399103
2012-02-23,121359.446595598
2012-02-24,121393.274830048
2012-02-27,121557.163919476
2012-02-28,121622.268148852
2012-02-29,121450.733266348
2012-03-01,121476.51169544
2012-03-02,121421.047522015
2012-03-05,121441.057387867
2012-03-06,121375.565701352
2012-03-07,121483.566344762
2012-03-08,121577.829023109
2012-03-09,121366.513279034
2012-03-12,121451.297049835
2012-03-13,121377.111866389
2012-03-14,121034.533942735
2012-03-15,121026.563728397
2012-03-16,121064.517719657
2012-03-19,121036.695172116
2012-03-20,120955.789562509
2012-03-21,121015.259464105
2012-03-22,120895.797928787
2012-03-23,121119.580801721
2012-03-26,121294.971232567
2012-03-27,121250.108151039
2012-03-28,121252.556052375
2012-03-29,121331.374248419
2012-03-30,121282.257242644
2012-04-10,121481.34631908
2012-04-11,121494.299957896
2012-04-12,121626.681521933
2012-04-13,121598.127335681
2012-04-16,121720.153840408
2012-04-17,121674.072439481
2012-04-18,121684.419346363
2012-04-19,121706.744438109
2012-04-20,121798.936534979
2012-04-23,121828.149720321
2012-04-24,121868.182233725
2012-04-26,121953.330092194
2012-04-27,122169.417170039
2012-05-02,122096.794369753
2012-05-03,122085.529692073
2012-05-08,122167.864370711
2012-05-09,122080.481339302
2012-05-10,122140.140306613
2012-05-11,122173.20799272
2012-05-15,122124.377414058
2012-05-16,122160.188872769
2012-05-17,122223.244481356
2012-05-18,122336.129300261
2012-05-21,122335.24515807
2012-05-22,122134.108570755
2012-05-23,122224.360837725
2012-05-24,122265.614079653
2012-05-25,122262.518333023
2012-05-28,122373.208548456
2012-05-29,122414.718789285
2012-05-30,122443.545685703
2012-05-31,122652.058375744
2012-06-06,122846.119741493
2012-06-07,122787.021414769
2012-06-08,122871.412412694
2012-06-12,122838.875598231
2012-06-13,122865.195188601
2012-06-14,123018.057072571
2012-06-15,123113.744482662
2012-06-18,123049.446669927
2012-06-19,123166.199268149
2012-06-20,123140.121022529
2012-06-21,123038.032922501
2012-06-25,123093.467457693
2012-06-26,123097.121727187
2012-06-27,123054.645790472
2012-06-28,123096.442713467
2012-06-29,123313.493536109
2012-07-02,123363.124586772
2012-07-03,123433.149179285
2012-07-04,123371.943424675
2012-07-05,123428.853026652
2012-07-06,123414.749051344
2012-07-09,123562.715522557
2012-07-10,123566.815857696
2012-07-11,123669.368521403
2012-07-12,123653.577207043
2012-07-13,123792.220576524
2012-07-16,123882.132223899
2012-07-17,123937.873921427
2012-07-18,123903.99994995
2012-07-19,123958.956849064
2012-07-20,123906.330070751
2012-07-23,123931.178430182
2012-07-24,123822.485678961
2012-07-25,123994.424465769
2012-07-26,124136.505180221
2012-07-27,123987.917769544
2012-07-30,124034.797817129
2012-07-31,124019.168112556
2012-08-01,123955.71688285
2012-08-02,123967.833594085
2012-08-03,124084.215605605
2012-08-06,124075.399300861
2012-08-07,123963.867224071
2012-08-08,123919.82895782
2012-08-09,123868.89567493
2012-08-10,123952.422031433
2012-08-13,123994.630766383
2012-08-14,123864.418357713
2012-08-15,123763.692849416
2012-08-16,123756.351440286
2012-08-17,123699.238179514
2012-08-20,123771.669603302
2012-08-21,123880.153013837
2012-08-22,124041.112085503
2012-08-23,124162.547031797
2012-08-28,124223.338936941
2012-08-29,124164.533346193
2012-08-30,124181.662260543
2012-08-31,124331.908401332
2012-09-03,124293.97406609
2012-09-04,124330.24305374
2012-09-05,124350.682999208
2012-09-06,124306.214752639
2012-09-07,124506.996306646
2012-09-10,124436.617337286
2012-09-11,124519.832158631
2012-09-12,124436.879907203
2012-09-13,124596.63595389
2012-09-14,124414.009833961
2012-09-17,124309.341512647
2012-09-18,124374.656936436
2012-09-19,124409.829517635
2012-09-20,124380.352222559
2012-09-21,124415.337743998
2012-09-24,124446.872721445
2012-09-25,124526.833563077
2012-09-26,124610.606968555
2012-09-27,124697.535931639
2012-09-28,124610.951044429
2012-10-08,124574.286587339
2012-10-09,124530.938911278
2012-10-10,124573.584727423
2012-10-11,124660.092652281
2012-10-12,124640.47866986
2012-10-15,124713.440205466
2012-10-16,124700.708742728
2012-10-17,124639.352731477
2012-10-18,124532.438216394
2012-10-19,124613.58308198
2012-10-22,124626.021003813
2012-10-23,124539.087745014
2012-10-24,124580.665560012
2012-10-25,124453.411715872
2012-10-26,124630.265665447
2012-10-29,124630.807844236
2012-10-30,124700.148927094
2012-10-31,124739.445464848
2012-11-01,124740.393544096
2012-11-02,124612.002060716
2012-11-05,124716.633340341
2012-11-06,124717.698003268
2012-11-07,124820.373123104
2012-11-08,124863.423901977
2012-11-09,124906.268234088
2012-11-12,124908.297525428
2012-11-13,124948.718588396
2012-11-14,124922.675370945
2012-11-15,124982.344488329
2012-11-16,125017.803333804
2012-11-19,125051.758896911
2012-11-20,124949.564901535
2012-11-21,124888.752831292
2012-11-22,124924.56672799
2012-11-23,125004.941359328
2012-11-26,125081.200356639
2012-11-27,125054.921279529
2012-11-28,125227.528122347
2012-11-29,125162.542069941
2012-11-30,125231.391293383
2012-12-03,125264.039876528
2012-12-04,125346.407343852
2012-12-05,125356.142035172
2012-12-06,125379.58711237
2012-12-07,125336.287548135
2012-12-10,125375.821221547
2012-12-11,125320.48359595
2012-12-12,125434.305505338
2012-12-13,125274.217796808
2012-12-14,125393.296473619
2012-12-17,125328.748404699
2012-12-18,125247.34283123
2012-12-19,125275.960187915
2012-12-20,125291.530793347
2012-12-21,125284.378579625
2012-12-27,125411.608504973
2012-12-28,125410.386703218
2013-01-04,125187.130294469
2013-01-07,125271.92841717
2013-01-08,125287.762942026
2013-01-09,125346.180331989
2013-01-10,125422.998958527
2013-01-11,125397.771065892
2013-01-14,125504.620878209
2013-01-15,125494.215389623
2013-01-16,125573.779689805
2013-01-17,125564.233677904
2013-01-18,125504.402354159
2013-01-21,125561.668364887
2013-01-22,125635.364930594
2013-01-23,125662.701737392
2013-01-24,125637.53782704
2013-01-25,125519.058074726
2013-01-29,125483.267508604
2013-01-30,125416.487257198
2013-01-31,125482.429314488
2013-02-01,125497.392220189
2013-02-04,125517.40428408
2013-02-05,125512.089081143
2013-02-06,125518.442133524
2013-02-07,125497.716302528
2013-02-08,125455.031108743
2013-02-18,125652.923484381
2013-02-19,125675.036419569
2013-02-20,125521.779362986
2013-02-21,125594.278858164
2013-02-22,125661.823070902
2013-02-25,125677.176745726
2013-02-26,125677.289188692
2013-02-27,125740.60085451
2013-02-28,125708.360614124
2013-03-04,125791.439508781
2013-03-05,125793.281245011
2013-03-06,125677.865086252
2013-03-07,125696.546881957
2013-03-08,125525.001535484
2013-03-11,125598.874491854
2013-03-12,125649.374762886
2013-03-13,125623.345726753
2013-03-14,125657.085308773
2013-03-15,125773.942191209
2013-03-18,125859.115195247
2013-03-19,125820.118507222
2013-03-20,125857.071340837
2013-03-21,125890.587649954
2013-03-22,125966.735992585
2013-03-25,125912.765746247
2013-03-26,125953.431487614
2013-03-27,125916.691858864
2013-04-02,126077.56041557
2013-04-03,126103.141925407
2013-04-08,126469.735012786
2013-04-09,126534.784799642
2013-04-10,126468.608597934
2013-04-11,126525.735235537
2013-04-12,126590.717009489
2013-04-15,126496.740931661
2013-04-16,126608.775527935
2013-04-17,126488.912592704
2013-04-18,126579.297443182
2013-04-19,126541.945329322
2013-04-22,126592.510761433
2013-04-23,126614.065201009
2013-04-24,126649.498946615
2013-04-26,126666.908462856
2013-05-02,126815.62367401
2013-05-03,126779.489414443
2013-05-06,126753.351510787
2013-05-07,126691.935964215
2013-05-08,126685.976587503
2013-05-09,126534.597015294
2013-05-10,126899.765753385
2013-05-13,126859.157641048
2013-05-14,126683.932913473
2013-05-15,126226.195465036
2013-05-16,126290.223772039
2013-05-17,126170.689374607
2013-05-20,126189.846296036
2013-05-21,126176.060772909
2013-05-22,125984.576228007
2013-05-23,126056.363037995
2013-05-24,125842.470537353
2013-05-27,125808.91631499
2013-05-28,125680.618418371
2013-05-29,125692.517536088
2013-05-30,125818.140682874
2013-05-31,125734.882917581
2013-06-03,125922.532808393
2013-06-04,125983.981200521
2013-06-05,125975.586676508
2013-06-06,126129.106245593
2013-06-07,126013.332926417
2013-06-13,126146.126968062
2013-06-14,126172.930959492
2013-06-17,126118.390548115
2013-06-18,126105.810283765
2013-06-19,125793.694301169
2013-06-20,125432.06726164
2013-06-21,125351.746577573
2013-06-24,125104.133999135
2013-06-25,125137.975012504
2013-06-26,125230.59979418
2013-06-27,125367.549579396
2013-06-28,125249.257223456
2013-07-01,125354.707077975
2013-07-02,125329.925470219
2013-07-03,125260.310973932
2013-07-04,125230.200715223
2013-07-05,125149.442826252
2013-07-08,125087.118177584
2013-07-09,125127.15090302
2013-07-10,125184.167806713
2013-07-11,125390.196801929
2013-07-12,125278.431596389
2013-07-15,125389.247448926
2013-07-16,125533.836010746
2013-07-17,125551.45367458
2013-07-18,125536.136093768
2013-07-19,125595.834891755
2013-07-22,125692.684697677
2013-07-23,125658.456479718
2013-07-24,125426.535769651
2013-07-25,125476.692688913
2013-07-26,125547.277059877
2013-07-29,125553.741270839
2013-07-30,125462.400441281
2013-07-31,125431.163452183
2013-08-01,125253.241956658
2013-08-02,125374.929882451
2013-08-05,125422.722586607
2013-08-06,125442.387212475
2013-08-07,125528.170804149
2013-08-08,125643.150327047
2013-08-09,125701.644338488
2013-08-12,125663.109538365
2013-08-13,125454.442126186
2013-08-14,125437.212292058
2013-08-15,125371.077696531
2013-08-16,125336.863772482
2013-08-19,125241.458732021
2013-08-20,125350.302159881
2013-08-21,125202.208055814
2013-08-22,125169.34151629
2013-08-27,125415.480020275
2013-08-28,125341.721452733
2013-08-29,125340.253936847
2013-08-30,125332.475482841
2013-09-02,125178.6587698
2013-09-03,125164.62874604
2013-09-04,125214.092196134
2013-09-05,125015.607184121
2013-09-06,125123.185094883
2013-09-09,125284.094517479
2013-09-10,125228.025701446
2013-09-11,125256.462419539
2013-09-12,125295.657954581
2013-09-13,125276.576092165
2013-09-16,125456.436450003
2013-09-17,125468.019472567
2013-09-18,125791.99637428
2013-09-23,125844.201071221
2013-09-24,125942.571271314
2013-09-25,126009.712337389
2013-09-26,125971.333713664
2013-09-27,125976.794065324
2013-09-30,126041.192301944
2013-10-08,126159.084228696
2013-10-09,126136.949422469
2013-10-10,126024.544401237
2013-10-11,126101.889827979
2013-10-14,126086.019037593
2013-10-15,126033.187245083
2013-10-16,126141.345995054
2013-10-17,126389.838934303
2013-10-18,126458.14015597
2013-10-21,126444.861336078
2013-10-22,126652.847508033
2013-10-23,126644.007100619
2013-10-24,126615.278478057
2013-10-25,126632.63599902
2013-10-28,126575.306025515
2013-10-29,126516.039974385
2013-10-30,126512.898736134
2013-10-31,126426.595023269
2013-11-01,126311.791452948
2013-11-04,126389.437430037
2013-11-05,126289.230569076
2013-11-06,126327.357784441
2013-11-07,126309.713839334
2013-11-08,126091.030930825
2013-11-11,126073.503663744
2013-11-12,125993.053010446
2013-11-13,126132.567184991
2013-11-14,126171.824793552
2013-11-15,126011.988012307
2013-11-18,126141.282480247
2013-11-19,126139.717422386
2013-11-20,126079.2869986
2013-11-21,125935.641358412
2013-11-22,125989.953655654
2013-11-25,126024.069556859
2013-11-26,126178.908178369
2013-11-27,126119.476297601
2013-11-28,126135.11451702
2013-11-29,126140.742058451
2013-12-02,126051.189495402
2013-12-03,126109.315800783
2013-12-04,125951.318855813
2013-12-05,125977.692562461
2013-12-06,126000.230477681
2013-12-09,126078.637018781
2013-12-10,126181.75211555
2013-12-11,126098.997238992
2013-12-12,125977.165737048
2013-12-13,126049.164335519
2013-12-16,126099.566317149
2013-12-17,126115.217239019
2013-12-18,126021.210186456
2013-12-19,126013.268920945
2013-12-20,126098.939370791
2013-12-23,126124.380791061
2013-12-27,125994.806637841
2013-12-30,126106.645729758
2014-01-02,126055.034976262
2014-01-03,126056.744037625
2014-01-06,126126.040055228
2014-01-07,126015.892681981
2014-01-08,125933.280514119
2014-01-09,126018.99731421
2014-01-10,126147.342836409
2014-01-13,126349.945429849
2014-01-14,126251.75169012
2014-01-15,126191.361021953
2014-01-16,126264.30124011
2014-01-17,126244.186537922
2014-01-20,126445.497406985
2014-01-21,126460.500050717
2014-01-22,126496.407251987
2014-01-23,126605.040018565
2014-01-24,126471.869504163
2014-01-28,126487.899035486
2014-01-29,126509.046925535
2014-01-30,126497.062955927
2014-02-07,126727.856012964
2014-02-10,126786.584573905
2014-02-11,126845.507042823
2014-02-12,126768.948788146
2014-02-13,126852.668801815
2014-02-14,126983.40611468
2014-02-17,126991.802136485
2014-02-18,126978.327944974
2014-02-19,127014.323252016
2014-02-20,127016.371338307
2014-02-24,127169.134764415
2014-02-25,127260.321281195
2014-02-26,127212.087595626
2014-02-27,127341.931143096
2014-02-28,127455.920579102
2014-03-03,127501.476744477
2014-03-04,127481.956110484
2014-03-05,127457.588555604
2014-03-06,127484.18005435
2014-03-07,127493.93506485
2014-03-10,127525.439149288
2014-03-11,127384.948676094
2014-03-12,127477.094166102
2014-03-13,127545.387534885
2014-03-14,127658.338877044
2014-03-17,127753.64339472
2014-03-18,127901.526777875
2014-03-19,127761.313975845
2014-03-20,127847.650647437
2014-03-21,127912.555274541
2014-03-24,127960.778163479
2014-03-25,128030.418145687
2014-03-26,128099.82410082
2014-03-27,128289.926799019
2014-03-28,128177.492720293
2014-03-31,128359.529147147
2014-04-01,128305.0147498
2014-04-02,128252.231467946
2014-04-03,128265.431314119
2014-04-04,128233.87923099
2014-04-08,128431.783058419
2014-04-09,128490.590993981
2014-04-10,128580.461398202
2014-04-11,128665.024147858
2014-04-14,128690.58201766
2014-04-15,128748.492313793
2014-04-16,128725.693166436
2014-04-17,128652.623353612
2014-04-22,128757.003529157
2014-04-23,128729.315314902
2014-04-24,128756.956005906
2014-04-28,128799.950040172
2014-04-29,128801.731797379
2014-04-30,128902.652389329
2014-05-05,129016.903281551
2014-05-06,129111.198164253
2014-05-07,129146.345829661
2014-05-08,129174.172409314
2014-05-09,129157.405756715
2014-05-12,129197.00990614
2014-05-13,129213.699049562
2014-05-14,129311.211963026
2014-05-15,129330.510456129
2014-05-16,129318.516006805
2014-05-19,129310.525192363
2014-05-20,129285.361724554
2014-05-21,129290.342061491
2014-05-22,129354.964883852
2014-05-23,129232.508058253
2014-05-26,129442.207480209
2014-05-27,129540.485433199
2014-05-28,129639.329509868
2014-05-29,129686.041568696
2014-05-30,129750.319872575
2014-06-03,129693.600694448
2014-06-04,129626.660670579
2014-06-05,129750.15998609
2014-06-06,129774.497374001
2014-06-10,129739.359617378
2014-06-11,129767.518202998
2014-06-12,129790.782484198
2014-06-13,129776.045352685
2014-06-16,129901.975808989
2014-06-17,129836.053884612
2014-06-18,129850.638618403
2014-06-19,129916.774400702
2014-06-20,129907.132552615
2014-06-23,129938.570474434
2014-06-24,130037.270017145
2014-06-25,130157.085660852
2014-06-26,130141.683098771
2014-06-27,130160.762391048
2014-06-30,130167.413147797
2014-07-01,130153.305079916
2014-07-02,130121.974956809
2014-07-03,130066.060536998
2014-07-04,130010.709359906
2014-07-07,130095.344947011
2014-07-08,130173.663469694
2014-07-09,130214.160587271
2014-07-10,130217.653455805
2014-07-11,130274.766828066
2014-07-14,130292.8142924
2014-07-15,130288.562035608
2014-07-16,130237.738102173
2014-07-17,130256.95020507
2014-07-18,130298.569543722
2014-07-21,130336.947682029
2014-07-22,130337.592003426
2014-07-23,130348.656423583
2014-07-24,130278.701788013
2014-07-25,130288.147965274
2014-07-28,130325.150429267
2014-07-29,130320.239728573
2014-07-30,130171.37309523
2014-07-31,130179.661731015
2014-08-01,130250.741089047
2014-08-04,130358.411232797
2014-08-05,130307.47087748
2014-08-06,130327.673635971
2014-08-07,130355.391332605
2014-08-08,130411.446861886
2014-08-11,130401.250996041
2014-08-12,130415.668558847
2014-08-13,130459.025283272
2014-08-14,130530.888800971
2014-08-15,130567.997196677
2014-08-18,130581.699424707
2014-08-19,130535.24631297
2014-08-20,130500.7545208
2014-08-21,130589.316781366
2014-08-22,130610.688278826
2014-08-25,130689.711833165
2014-08-26,130704.031316165
2014-08-27,130732.818425587
2014-08-28,130759.604057509
2014-08-29,130716.453614647
2014-09-01,130764.727245891
2014-09-02,130710.840022528
2014-09-03,130705.823605731
2014-09-04,130624.024231006
2014-09-05,130691.691436775
2014-09-09,130546.671289851
2014-09-10,130465.549575211
2014-09-11,130437.35119597
2014-09-12,130378.451491769
2014-09-15,130434.831502538
2014-09-16,130522.108831226
2014-09-17,130408.709465888
2014-09-18,130414.662858209
2014-09-19,130464.347927015
2014-09-22,130567.666254828
2014-09-23,130642.476052005
2014-09-24,130585.071341175
2014-09-25,130584.705328051
2014-09-26,130542.106342393
2014-09-29,130702.836680639
2014-09-30,130744.472509626
2014-10-08,131116.093835667
2014-10-09,131087.150444033
2014-10-10,131060.943821161
2014-10-13,131223.894472075
2014-10-14,131249.399324374
2014-10-15,131502.212114938
2014-10-16,131432.914001491
2014-10-17,131288.152058278
2014-10-20,131413.29740047
2014-10-21,131403.720350112
2014-10-22,131344.03352008
2014-10-23,131299.298024284
2014-10-24,131368.251610365
2014-10-27,131620.643035936
2014-10-28,131647.322043632
2014-10-29,131515.676998893
2014-10-30,131575.726949158
2014-10-31,131576.609527192
2014-11-03,131550.695155083
2014-11-04,131631.261418338
2014-11-05,131545.3672383
2014-11-06,131495.262520658
2014-11-07,131708.820434605
2014-11-10,131714.969714666
2014-11-11,131943.479382563
2014-11-12,132000.786726308
2014-11-13,132042.188754258
2014-11-14,132138.957668235
2014-11-17,132066.056324605
2014-11-18,132117.393397434
2014-11-19,132049.656692443
2014-11-20,132134.289020368
2014-11-21,132146.721906034
2014-11-24,132240.829921946
2014-11-25,132266.311293451
2014-11-26,132395.908867856
2014-11-27,132412.817610082
2014-11-28,132464.267707105
2014-12-01,132509.046137866
2014-12-02,132350.037796874
2014-12-03,132318.706931678
2014-12-04,132369.720859911
2014-12-05,132305.994704424
2014-12-08,132436.700835219
2014-12-09,132579.411101487
2014-12-10,132617.141977773
2014-12-11,132614.248791022
2014-12-12,132652.423258701
2014-12-15,132685.136997885
2014-12-16,132796.779283436
2014-12-17,132713.492617539
2014-12-18,132715.79026764
2014-12-19,132632.792210288
2014-12-22,132645.335214348
2014-12-23,132554.93673952
2014-12-24,132552.039408465
2014-12-29,132779.406472575
2014-12-30,132842.542047217
2014-12-31,132778.349034512
2015-01-05,132931.423275436
2015-01-06,132983.55212277
2015-01-07,132975.975209678
2015-01-08,132951.23477791
2015-01-09,133160.76958262
2015-01-12,133226.886361656
2015-01-13,133274.440531931
2015-01-14,133410.245731833
2015-01-15,133485.868211869
2015-01-16,133640.844293011
2015-01-19,133693.557574212
2015-01-20,133646.720068752
2015-01-21,133613.692071599
2015-01-22,133412.836803965
2015-01-23,133395.064503244
2015-01-27,133673.122528439
2015-01-28,133667.401149806
2015-01-29,133643.555851631
2015-01-30,133660.271311311
2015-02-02,133851.515163628
2015-02-03,133897.515077226
2015-02-04,133758.781858962
2015-02-05,133919.49535978
2015-02-06,133691.877838465
2015-02-09,133719.92627374
2015-02-10,133633.389484884
2015-02-11,133621.991476798
2015-02-12,133846.945174046
2015-02-13,133941.093566625
2015-02-16,133965.317091142
2015-02-17,133961.495560343
2015-02-25,134336.546605866
2015-02-26,134205.971678029
2015-02-27,134223.465753504
2015-03-02,134161.671497741
2015-03-03,134149.318412324
2015-03-04,134080.828646235
2015-03-05,134059.566098088
2015-03-06,133778.038803374
2015-03-09,133822.497522341
2015-03-10,133804.844200758
2015-03-11,133760.916541537
2015-03-12,133920.343013228
2015-03-13,133794.584977981
2015-03-16,133876.765510548
2015-03-17,133887.690717899
2015-03-18,134140.503799365
2015-03-19,133906.736734567
2015-03-20,134170.164052787
2015-03-23,134379.657822218
2015-03-24,134353.60685271
2015-03-25,134379.300169602
2015-03-26,134246.281055989
2015-03-27,134232.900724077
2015-03-30,134141.630589011
2015-03-31,134031.012167272
2015-04-01,134230.326225232
2015-04-02,134214.847227079
2015-04-07,134290.82879119
2015-04-08,134364.745457164
2015-04-09,134258.475030364
2015-04-10,134236.091748863
2015-04-13,134208.60484675
2015-04-14,134376.164453461
2015-04-15,134277.857892839
2015-04-16,134491.945643023
2015-04-17,134515.247105013
2015-04-20,134458.197080076
2015-04-21,134488.585777694
2015-04-22,134449.331104152
2015-04-23,134477.976822104
2015-04-24,134562.785492707
2015-04-27,134841.461401769
2015-04-28,134911.532456444
2015-04-29,134768.229671097
2015-04-30,134732.718179019
2015-05-04,134595.462206193
2015-05-05,134517.284878505
2015-05-06,134485.695114898
2015-05-07,134482.808406233
2015-05-08,134771.041452558
2015-05-11,134598.882823226
2015-05-12,134728.816419219
2015-05-13,134921.140714134
2015-05-14,134764.183780726
2015-05-15,134895.367066042
2015-05-18,134789.805090426
2015-05-19,134792.779103214
2015-05-20,134573.605373442
2015-05-21,134745.450750023
2015-05-22,134630.977710133
2015-05-25,134609.666855386
2015-05-26,134532.202350775
2015-05-27,134590.214490292
2015-05-28,134541.688188061
2015-05-29,134560.638868655
2015-06-01,134522.852091757
2015-06-02,134629.561764985
2015-06-03,134545.986489552
2015-06-04,134463.238297714
2015-06-05,134309.800371691
2015-06-09,134490.129180044
2015-06-10,134503.151460913
2015-06-11,134541.35018889
2015-06-12,134568.190981837
2015-06-15,134672.653761292
2015-06-16,134716.043757145
2015-06-17,134797.185599319
2015-06-18,134839.095075471
2015-06-19,134912.193841137
2015-06-23,134698.424103715
2015-06-24,134733.476458315
2015-06-25,134829.147629572
2015-06-26,134681.243670509
2015-06-29,134888.240136471
2015-06-30,134845.392867914
2015-07-01,134618.736509337
2015-07-02,134654.207309839
2015-07-03,134688.540696447
2015-07-06,134800.289374543
2015-07-07,134872.913886536
2015-07-08,134974.75769325
2015-07-09,134621.812313145
2015-07-10,134585.053326
2015-07-13,134542.7375075
2015-07-14,134628.931598383
2015-07-15,134657.142396646
2015-07-16,134658.89101644
2015-07-17,134636.976337478
2015-07-20,134876.105029028
2015-07-21,135037.269787106
2015-07-22,135092.740296068
2015-07-23,135212.060254435
2015-07-24,135215.476823994
2015-07-27,135301.830216241
2015-07-28,135383.861269446
2015-07-29,135305.142594771
2015-07-30,135342.923335275
2015-07-31,135409.50052789
2015-08-03,135464.421659441
2015-08-04,135370.874437523
2015-08-05,135308.623856451
2015-08-06,135433.77450741
2015-08-07,135639.422491606
2015-08-10,135656.447480981
2015-08-11,136095.168302235
2015-08-12,136466.033576839
2015-08-13,136433.556467376
2015-08-14,136355.423908872
2015-08-17,136434.309468171
2015-08-18,136342.385045405
2015-08-19,136487.594693674
2015-08-20,136637.450443306
2015-08-21,136811.602443867
2015-08-24,136960.939485304
2015-08-25,136678.593031091
2015-08-26,136550.442329256
2015-08-27,136533.254634899
2015-08-28,136429.743184799
2015-08-31,136451.65645033
2015-09-01,136454.575945099
2015-09-02,136418.58864916
2015-09-07,136503.792589282
2015-09-08,136562.538159754
2015-09-09,136639.648603299
2015-09-10,136724.166344644
2015-09-11,136889.19865613
2015-09-14,136932.372542796
2015-09-15,136776.252516205
2015-09-16,136759.295387523
2015-09-17,136912.367690094
2015-09-18,137032.99661922
2015-09-21,136902.72888931
2015-09-22,136964.076021199
2015-09-23,136970.162701232
2015-09-24,137048.147267502
2015-09-25,136930.594418578
2015-09-28,137051.83554686
2015-09-29,137149.52580874
2015-09-30,137114.949752598
2015-10-08,137402.8326707
2015-10-09,137508.543361522
2015-10-12,137639.004451457
2015-10-13,137738.676179811
2015-10-14,138009.331760685
2015-10-15,138004.575836854
2015-10-16,137993.083437937
2015-10-19,138062.784838112
2015-10-20,138031.831974874
2015-10-21,138088.817047761
2015-10-22,138056.545815243
2015-10-23,138001.691269574
2015-10-26,138085.12394041
2015-10-27,138172.486652124
2015-10-28,138049.310016977
2015-10-29,137923.679616945
2015-10-30,137901.727414526
2015-11-02,137955.973029066
2015-11-03,137908.047213766
2015-11-04,137781.339530584
2015-11-05,137727.684571303
2015-11-06,137491.615224022
2015-11-09,137447.509416573
2015-11-10,137480.502339336
2015-11-11,137526.206213862
2015-11-12,137634.368752009
2015-11-13,137692.351427338
2015-11-16,137647.267024215
2015-11-17,137699.426549602
2015-11-18,137770.081666195
2015-11-19,137912.589836875
2015-11-20,137951.563072821
2015-11-23,137946.589485062
2015-11-24,138028.464525094
2015-11-25,138064.490967573
2015-11-26,138157.537554704
2015-11-27,138052.181790746
2015-11-30,138126.356015125
2015-12-01,138339.350026013
2015-12-02,138350.981038361
2015-12-03,138344.423343654
2015-12-04,138396.106971141
2015-12-07,138420.06952514
2015-12-08,138534.38901119
2015-12-09,138734.609142253
2015-12-10,138740.977938013
2015-12-11,138922.662425572
2015-12-14,138890.163245708
2015-12-15,138879.657219677
2015-12-16,138863.496018704
2015-12-17,138886.968438902
2015-12-18,139125.485451586
2015-12-21,139356.69224724
2015-12-22,139447.901878128
2015-12-23,139429.460281688
2015-12-24,139577.742085772
2015-12-29,139822.05246157
2015-12-30,139859.606352057
2015-12-31,139746.078786169
2016-01-04,139956.182777209
2016-01-05,139875.689787028
2016-01-06,140046.617622493
2016-01-07,140207.406301769
2016-01-08,140196.61302906
2016-01-11,140175.338917162
2016-01-12,140309.620665814
2016-01-13,140426.693846011
2016-01-14,140543.924355958
2016-01-15,140553.070234959
2016-01-18,140510.988915604
2016-01-19,140533.575589624
2016-01-20,140541.5267073
2016-01-21,140672.853859937
2016-01-22,140630.870052434
2016-01-25,140641.299303605
2016-01-27,140719.694706728
2016-01-28,140826.042452495
2016-01-29,140867.403902273
2016-02-01,140966.576544294
2016-02-02,140993.604541086
2016-02-03,141233.985919066
2016-02-04,141292.973539873
2016-02-05,141224.847055794
2016-02-15,141258.938482014
2016-02-16,141254.430151563
2016-02-17,141329.74754241
2016-02-18,141306.839831065
2016-02-19,141430.429413665
2016-02-22,141470.123926191
2016-02-23,141516.331560551
2016-02-24,141588.802346175
2016-02-25,141646.096882131
2016-02-26,141538.579842293
2016-02-29,141568.575837752
2016-03-01,141498.184473997
2016-03-02,141573.080517816
2016-03-03,141606.100699353
2016-03-04,141571.797203219
2016-03-07,141625.692645596
2016-03-08,141674.598984494
2016-03-09,141728.310365376
2016-03-10,141714.853774264
2016-03-11,141763.714804999
2016-03-14,141797.072735806
2016-03-15,141796.030691519
2016-03-16,142031.824218969
2016-03-17,142179.432339059
2016-03-18,142140.141889916
2016-03-21,142121.951014996
2016-03-22,142189.402024761
2016-03-23,142265.790962259
2016-03-24,142320.992590381
2016-03-29,142675.126038856
2016-03-30,142608.41534487
2016-03-31,142642.839461076
2016-04-01,142762.990713448
2016-04-05,142789.386743392
2016-04-06,142825.811551923
2016-04-07,142705.422164925
2016-04-08,142787.521381784
2016-04-11,142809.842777112
2016-04-12,142871.777796602
2016-04-13,142809.953460718
2016-04-14,142820.160749405
2016-04-15,142864.289459187
2016-04-18,142925.002357457
2016-04-19,142918.118797574
2016-04-20,142856.66122035
2016-04-21,142720.782682862
2016-04-22,142687.40222053
2016-04-26,142579.224896814
2016-04-27,142585.082023825
2016-04-28,142669.671843063
2016-04-29,142724.648090971
2016-05-03,142836.758194845
2016-05-04,142869.148621507
2016-05-05,142905.773542237
2016-05-06,142872.464214185
2016-05-09,142944.118331524
2016-05-10,143000.643332067
2016-05-11,143005.307765276
2016-05-12,143058.986821136
2016-05-13,143166.565364515
2016-05-16,143142.625790388
2016-05-17,143149.995051115
2016-05-18,142954.81436071
2016-05-19,142984.623200653
2016-05-20,143035.591415518
2016-05-23,143049.901403911
2016-05-24,142989.04709488
2016-05-25,142989.706344827
2016-05-26,143107.513529095
2016-05-27,143025.571391668
2016-05-30,143156.083282027
2016-05-31,143152.049982582
2016-06-01,143185.353849465
2016-06-02,143223.174119515
2016-06-03,143523.447035582
2016-06-06,143511.725281392
2016-06-07,143636.047752575
2016-06-08,143660.686581239
2016-06-14,143681.626955766
2016-06-15,143757.730764681
2016-06-16,143787.619282154
2016-06-17,143800.418120727
2016-06-20,143907.119765093
2016-06-21,143868.704995392
2016-06-22,143897.704697379
2016-06-23,143999.691798323
2016-06-24,144064.924671018
2016-06-27,144187.185718318
2016-06-28,144293.264275563
2016-06-29,144384.695521828
2016-06-30,144457.648216884
2016-07-01,144648.837378638
2016-07-04,144737.402828903
2016-07-05,144759.318779543
2016-07-06,144934.115126776
2016-07-07,144912.626210115
2016-07-08,145030.606440183
2016-07-11,144991.683406045
2016-07-12,144964.496311389
2016-07-13,144996.961473246
2016-07-14,144970.413035003
2016-07-15,144825.438535219
2016-07-18,144959.087721586
2016-07-19,144913.143313968
2016-07-20,144858.979232055
2016-07-21,144970.500675695
2016-07-22,144952.336130707
2016-07-25,144986.957389937
2016-07-26,145000.187643524
2016-07-27,145082.309157661
2016-07-28,145122.041083394
2016-07-29,145301.352438483
2016-08-01,145291.586763297
2016-08-02,145317.795182072
2016-08-03,145254.825084691
2016-08-04,145397.368491843
2016-08-05,145342.866667966
2016-08-08,145450.138294076
2016-08-09,145620.678943428
2016-08-10,145761.259660855
2016-08-11,145676.049147755
2016-08-12,145775.886443001
2016-08-15,145870.236761932
2016-08-16,145893.95479558
2016-08-17,145897.827415968
2016-08-18,146017.416481015
2016-08-19,145970.804620882
2016-08-22,145963.934950341
2016-08-23,145944.93103243
2016-08-24,145937.588527293
2016-08-25,145954.067187289
2016-08-26,145871.732755861
2016-08-29,145962.36747613
2016-08-30,145888.672373187
2016-08-31,145900.640319055
2016-09-01,145911.207736104
2016-09-02,145919.304239687
2016-09-05,145921.002807974
2016-09-06,146149.55428326
2016-09-07,146097.731261515
2016-09-08,146011.938968871
2016-09-09,145882.983392827
2016-09-12,145906.158377882
2016-09-13,145768.52826345
2016-09-14,145844.056658159
2016-09-19,145794.226258292
2016-09-20,145889.567173576
2016-09-21,146004.348621846
2016-09-22,146133.625963099
2016-09-23,146186.766979049
2016-09-26,146303.805276725
2016-09-27,146346.841373393
2016-09-28,146388.240231437
2016-09-29,146367.256514827
2016-09-30,146434.186621886
2016-10-10,146318.415402863
2016-10-11,146292.654013001
2016-10-12,146231.671761215
2016-10-13,146379.334873395
2016-10-14,146345.554040754
2016-10-17,146455.986012864
2016-10-18,146533.568455996
2016-10-19,146771.238169793
2016-10-20,146850.369746565
2016-10-21,146969.798493441
2016-10-24,146984.855560713
2016-10-25,147036.556473983
2016-10-26,146951.674415981
2016-10-27,146853.889441482
2016-10-28,146908.537489034
2016-10-31,146934.94829166
2016-11-01,146961.764017304
2016-11-02,147027.799533261
2016-11-03,147118.818705333
2016-11-04,147142.183919322
2016-11-07,147112.622833456
2016-11-08,147144.285579165
2016-11-09,146826.618114468
2016-11-10,146650.837358652
2016-11-11,146533.535391661
2016-11-14,146477.952055928
2016-11-15,146475.462716464
2016-11-16,146488.857697531
2016-11-17,146253.825731589
2016-11-18,146112.137091009
2016-11-21,146264.088667543
2016-11-22,146318.131060291
2016-11-23,146327.890344339
2016-11-24,146318.309060873
2016-11-25,146311.225905296
2016-11-28,146392.841313757
2016-11-29,146357.114472775
2016-11-30,145968.662967964
2016-12-01,145927.363710539
2016-12-02,146075.166041983
2016-12-05,146144.218397494
2016-12-06,146001.175078315
2016-12-07,146094.866721161
2016-12-08,145982.887706407
2016-12-09,145881.855066689
2016-12-12,145817.346149469
2016-12-13,145774.11061753
2016-12-14,145610.237159263
2016-12-15,145274.422592553
2016-12-16,145283.268443297
2016-12-19,145231.664533117
2016-12-20,145139.478669235
2016-12-21,145179.618535447
2016-12-22,145320.884219741
2016-12-23,145351.461128739
2016-12-28,145204.152602783
2016-12-29,145461.769695089
2016-12-30,145556.765541255
2017-01-03,145442.164459528
2017-01-04,145456.776647759
2017-01-05,145460.560326349
2017-01-06,145434.059955063
2017-01-09,145647.458856272
2017-01-10,145594.636661747
2017-01-11,145707.984258963
2017-01-12,145672.561210302
2017-01-13,145679.029436985
2017-01-16,145676.047964402
2017-01-17,145643.256430093
2017-01-18,145437.362563212
2017-01-19,145507.214172471
2017-01-20,145553.586868557
2017-01-23,145625.785434404
2017-01-24,145632.398179005
2017-01-25,145552.514834846
2017-02-03,145702.218644005
2017-02-06,145654.650431992
2017-02-07,145633.959275051
2017-02-08,145712.150455835
2017-02-09,145680.605169277
2017-02-10,145680.349126608
2017-02-13,145650.358390176
2017-02-14,145560.15259822
2017-02-15,145539.238446562
2017-02-16,145581.404083743
2017-02-17,145603.276527786
2017-02-20,145772.904107552
2017-02-21,145718.878022911
2017-02-22,145798.752620621
2017-02-23,145837.199726426
2017-02-24,145905.745461599
2017-02-27,145973.263448234
2017-02-28,145959.857346779
2017-03-01,145861.340565807
2017-03-02,145736.972684808
2017-03-03,145863.402839645
2017-03-06,145818.234794923
2017-03-07,145828.374866368
2017-03-08,145735.469728267
2017-03-09,145619.609911832
2017-03-10,145692.866823724
2017-03-13,145746.719574839
2017-03-14,145746.046217013
2017-03-15,146040.614355118
2017-03-16,145973.340219572
2017-03-17,145936.293289281
2017-03-20,146044.22716983
2017-03-21,146038.339564544
2017-03-22,146065.717174307
2017-03-23,146019.419566729
2017-03-24,146105.504134539
2017-03-27,146207.682033469
2017-03-28,146150.367899282
2017-03-29,146259.348014555
2017-03-30,146168.904466034
2017-03-31,146159.552518638
2017-04-05,146272.899484867
2017-04-06,146310.123315197
2017-04-07,146288.110658903
2017-04-10,146378.221360732
2017-04-11,146381.620888843
2017-04-12,146453.773235154
2017-04-13,146564.194981696
2017-04-18,146683.655407989
2017-04-19,146612.338635017
2017-04-20,146551.591326899
2017-04-21,146600.953802873
2017-04-24,146716.850763612
2017-04-26,146637.722905886
2017-04-27,146702.840940547
2017-04-28,146727.187970484
2017-05-02,146828.575961841
2017-05-03,146724.353003903
2017-05-04,146684.640058603
2017-05-05,146731.785076448
2017-05-08,146627.041145892
2017-05-09,146533.176887642
2017-05-10,146431.326903814
2017-05-11,146378.810498309
2017-05-12,146433.739724381
2017-05-15,146278.269683913
2017-05-16,146510.044234072
2017-05-17,146625.642345264
2017-05-18,146618.283772917
2017-05-19,146668.230835421
2017-05-22,146621.755985861
2017-05-23,146618.826757061
2017-05-24,146629.606401062
2017-05-25,146550.534279894
2017-05-26,146391.44096986
2017-05-31,146515.404491314
2017-06-01,146415.477146349
2017-06-02,146612.315362116
2017-06-05,146619.456869216
2017-06-06,146613.565460106
2017-06-07,146648.313913494
2017-06-08,146616.507523736
2017-06-09,146606.251937984
2017-06-13,146718.288300801
2017-06-14,146842.549391969
2017-06-15,146794.948464637
2017-06-16,146919.542934244
2017-06-19,146944.927538362
2017-06-20,146985.59183381
2017-06-21,147011.203039801
2017-06-22,147008.691675103
2017-06-23,147056.538249289
2017-06-26,147015.167645711
2017-06-27,146907.470018352
2017-06-28,146940.560236099
2017-06-29,146856.650621355
2017-06-30,146761.461509401
2017-07-03,146775.240444021
2017-07-04,146663.618567317
2017-07-05,146672.415536655
2017-07-06,146651.587624414
2017-07-07,146633.008189772
2017-07-10,146636.452801536
2017-07-11,146664.134473294
2017-07-12,146687.827860701
2017-07-13,146687.533383939
2017-07-14,146823.348188411
2017-07-17,146824.882611269
2017-07-18,146918.077867368
2017-07-19,146957.310016008
2017-07-20,147079.320778058
2017-07-21,147132.253124241
2017-07-24,147114.850704593
2017-07-25,147014.338958135
2017-07-26,147144.165147649
2017-07-27,146986.896516684
2017-07-28,147050.327744503
2017-07-31,147105.740038633
2017-08-01,146991.369736624
2017-08-02,147196.400242499
2017-08-03,147155.970506571
2017-08-04,147037.466477664
2017-08-07,147069.003106859
2017-08-08,146935.373202763
2017-08-09,146862.080663386
2017-08-10,146759.509074297
2017-08-11,146969.966106662
2017-08-14,146904.258490844
2017-08-15,146994.638978492
2017-08-16,147170.484275074
2017-08-17,147092.240002268
2017-08-18,147157.759369185
2017-08-21,147175.005711849
2017-08-22,147077.999640381
2017-08-23,147113.103592429
2017-08-24,147093.154317214
2017-08-25,147148.855011812
2017-08-28,147121.297808977
2017-08-29,147111.91944301
2017-08-30,147084.407569977
2017-08-31,147153.258019149
2017-09-01,147055.243385707
2017-09-04,146994.713703032
2017-09-05,147119.49348671
2017-09-06,146906.779611058
2017-09-07,146978.222678901
2017-09-08,146961.342989299
2017-09-11,147013.694605724
2017-09-12,146940.232738249
2017-09-13,146866.958369167
2017-09-14,146930.177828391
2017-09-15,146924.487446212
2017-09-18,146947.188520972
2017-09-19,147032.630242255
2017-09-20,146937.310125521
2017-09-21,146919.773893953
2017-09-22,146945.154102013
2017-09-25,147042.137739489
2017-09-26,147038.599205316
2017-09-27,146910.343773109
2017-09-28,147017.573620342
2017-09-29,147003.771017307
