"Index","gold"
2000-05-22,79.9722906067467
2000-05-23,79.5644173041488
2000-05-24,79.3044134355358
2000-05-25,78.438320085596
2000-05-26,78.9293709301023
2000-05-30,78.959321697565
2000-05-31,78.7862904519646
2000-06-01,79.0163614197387
2000-06-02,81.5970792789522
2000-06-05,82.7559526438198
2000-06-06,83.8028632337791
2000-06-07,83.2809076842262
2000-06-08,82.3549765586852
2000-06-09,82.236003060703
2000-06-12,83.0759176027711
2000-06-13,82.7849491233727
2000-06-14,84.5516912751085
2000-06-15,83.97177569709
2000-06-16,83.7108136869816
2000-06-19,82.8119445410528
2000-06-20,82.8429420824784
2000-06-21,82.8739410252078
2000-06-22,82.6699619844679
2000-06-23,81.9720573244094
2000-06-26,82.2369965851203
2000-06-27,82.817947726671
2000-06-28,84.8198262092092
2000-06-29,83.896950276349
2000-06-30,84.1309827300573
2000-07-05,82.3379132322435
2000-07-06,82.138864679038
2000-07-07,82.1408489252648
2000-07-10,82.2588541222987
2000-07-11,81.8517921746197
2000-07-12,81.3306865158412
2000-07-13,81.2107419143031
2000-07-14,81.534707946022
2000-07-17,82.196872351834
2000-07-18,81.9407861784106
2000-07-19,80.9255905974391
2000-07-20,81.1576353016612
2000-07-21,81.2436708027358
2000-07-24,80.869532838926
2000-07-25,80.8975620685085
2000-07-26,81.0416129495502
2000-07-27,80.8066402209702
2000-07-28,80.5465722427069
2000-07-31,80.2835888518203
2000-08-01,80.3087128282322
2000-08-02,80.1956076403743
2000-08-03,79.3012776678848
2000-08-04,79.0711429407864
2000-08-07,79.2171311243763
2000-08-08,79.1301112073594
2000-08-09,78.7810800539897
2000-08-10,78.8980580953144
2000-08-11,79.7943726643566
2000-08-14,79.5903722537333
2000-08-15,79.6416487635701
2000-08-16,80.4334670548491
2000-08-17,80.5514365186353
2000-08-18,80.2884373630805
2000-08-21,79.7972639044889
2000-08-22,79.3331576803989
2000-08-23,78.6312999422291
2000-08-24,79.1591178463651
2000-08-25,79.5071975144326
2000-08-28,79.478190875427
2000-08-29,79.3041510413932
2000-08-30,79.4386292656295
2000-08-31,80.7128019098306
2000-09-01,80.3367452107483
2000-09-05,79.9916145865961
2000-09-06,79.5314011845526
2000-09-07,79.4695518373
2000-09-08,79.27035719817
2000-09-11,79.2046935018855
2000-09-12,79.1476453718889
2000-09-13,79.1090860446574
2000-09-14,78.9892731656797
2000-09-15,78.9583677599811
2000-09-18,78.6983470757222
2000-09-19,78.8500007307067
2000-09-20,78.0052418812898
2000-09-21,78.3850596798584
2000-09-22,78.8286185858534
2000-09-25,79.5014360537255
2000-09-26,79.4415078940272
2000-09-27,80.7505817618052
2000-09-28,79.9422970995171
2000-09-29,79.3612058275831
2000-10-02,79.2085204626519
2000-10-03,78.7734681715718
2000-10-04,78.3964228526357
2000-10-05,78.4834333108517
2000-10-06,78.1063879919157
2000-10-09,78.3384158804917
2000-10-10,79.004541772238
2000-10-11,78.450639297913
2000-10-12,80.1617622992353
2000-10-13,78.9997703326885
2000-10-16,78.7359044707134
2000-10-17,78.6227523391772
2000-10-18,78.3879004730528
2000-10-19,78.3289535763631
2000-10-20,78.646053219303
2000-10-23,78.3327384980145
2000-10-24,78.3327384980145
2000-10-25,77.1998193820795
2000-10-26,76.8255945374322
2000-10-27,76.6833646507208
2000-10-30,76.6469545732424
2000-10-31,76.8163144028018
2000-11-01,76.5244830705685
2000-11-02,76.6666919377224
2000-11-03,76.7228309718577
2000-11-06,76.6966150294344
2000-11-07,76.6367695466623
2000-11-08,76.8425275426174
2000-11-09,77.0707803186689
2000-11-10,76.6975416415936
2000-11-13,76.635843635155
2000-11-14,76.8144583758757
2000-11-15,76.8678098663624
2000-11-16,77.0754361506522
2000-11-17,77.0427153558387
2000-11-20,77.2260213114645
2000-11-21,77.0585392290406
2000-11-22,77.2288200655438
2000-11-27,78.3289535763631
2000-11-28,78.2391180896209
2000-11-29,77.2503546021889
2000-11-30,78.3261148851246
2000-12-01,77.9182471877419
2000-12-04,78.4944184819202
2000-12-05,78.4064807108931
2000-12-06,79.537343413454
2000-12-07,79.2183821383727
2000-12-08,78.9274637555863
2000-12-11,78.3513274940038
2000-12-12,78.378431162405
2000-12-13,77.8845440789419
2000-12-14,77.9986452434986
2000-12-15,78.4045861481116
2000-12-18,78.2072846704593
2000-12-19,78.2053950122412
2000-12-20,79.014452143267
2000-12-21,79.3614468518423
2000-12-22,79.3700764311684
2000-12-26,79.4783902108972
2000-12-27,79.7983117294296
2000-12-28,78.7939051369901
2000-12-29,78.8742359301629
2001-01-02,77.8350135936803
2001-01-03,77.713381822328
2001-01-04,77.5178904789012
2001-01-05,77.7152595694635
2001-01-08,77.7180761901667
2001-01-09,77.5665199257985
2001-01-10,76.7527540635698
2001-01-11,76.5479314379228
2001-01-12,76.5198605195512
2001-01-16,76.3440410296503
2001-01-17,76.3132018355577
2001-01-18,76.6031456115287
2001-01-19,76.6321399891258
2001-01-22,77.2578207490082
2001-01-23,77.1745475681133
2001-01-24,76.6525100422861
2001-01-25,76.7105142118225
2001-01-26,76.2174787707635
2001-01-29,76.2174787707635
2001-01-30,77.0005350595042
2001-01-31,77.0248848155487
2001-02-01,77.8574288497841
2001-02-02,77.4533397681857
2001-02-05,76.8986637741451
2001-02-06,76.3440410296503
2001-02-07,76.1981449817873
2001-02-08,75.4134649322307
2001-02-09,75.3563873748536
2001-02-12,75.5974753933583
2001-02-13,75.4732767837109
2001-02-14,75.2114154868681
2001-02-15,73.9718067023461
2001-02-16,74.868910205446
2001-02-20,74.2572925805001
2001-02-21,74.8707192886937
2001-02-22,74.9549940515028
2001-02-23,75.6554711550717
2001-02-26,77.0782296498422
2001-02-27,77.5468908120396
2001-02-28,77.3747581525218
2001-03-01,76.9060962896724
2001-03-02,76.0107913600414
2001-03-05,76.1221960656986
2001-03-06,75.3691343351654
2001-03-07,75.7995448073005
2001-03-08,76.9566567332508
2001-03-09,78.5262613598827
2001-03-12,78.7677592597584
2001-03-13,77.3747581525218
2001-03-14,76.1231156713387
2001-03-15,75.3963119223437
2001-03-16,74.840817917191
2001-03-19,75.3346741719699
2001-03-20,75.5376544334032
2001-03-21,75.9426974525855
2001-03-22,75.7079787103252
2001-03-23,75.8285423378313
2001-03-26,75.9426974525855
2001-03-27,75.6835546851777
2001-03-28,75.3102259743312
2001-03-29,75.0510488749794
2001-03-30,74.7882452013092
2001-04-02,74.1203743359656
2001-04-03,74.464758765827
2001-04-04,74.9278084068274
2001-04-05,74.8381053432974
2001-04-06,75.3881142949239
2001-04-09,74.8979066849988
2001-04-10,74.6070405007802
2001-04-11,75.0129863099566
2001-04-12,75.4216657125841
2001-04-16,76.3468082543934
2001-04-17,75.7143816178616
2001-04-18,75.7723780802269
2001-04-19,76.9304484979986
2001-04-20,76.7873161716192
2001-04-23,76.4637165808524
2001-04-24,76.5787772882085
2001-04-25,76.0840045807232
2001-04-26,76.6657656758891
2001-04-27,76.5244830705685
2001-04-30,76.5544054616286
2001-05-01,76.6703969850553
2001-05-02,76.9603757936221
2001-05-03,77.2213567213322
2001-05-04,77.1633609596189
2001-05-07,77.1633609596189
2001-05-08,76.8835980063166
2001-05-09,78.2952241931162
2001-05-10,78.0304692038594
2001-05-11,77.6825072453137
2001-05-14,77.7984945648289
2001-05-15,77.7386224572839
2001-05-16,78.8694714971325
2001-05-17,79.3314925811199
2001-05-18,83.3338685612695
2001-05-21,82.7639512860954
2001-05-22,82.6729583223876
2001-05-23,82.2350095362858
2001-05-24,80.9291744319906
2001-05-25,80.5821902331941
2001-05-29,79.3904426307432
2001-05-30,77.0501618844043
2001-05-31,76.927660253698
2001-06-01,77.2531544072461
2001-06-05,77.0427153558387
2001-06-06,77.0455078040508
2001-06-07,77.1278400094222
2001-06-08,79.27350172397
2001-06-11,77.6787531523466
2001-06-12,78.7263931209506
2001-06-13,78.8790003631932
2001-06-14,79.8302015510705
2001-06-15,78.6384525473159
2001-06-18,78.98641030195
2001-06-19,79.2849952180037
2001-06-20,78.98641030195
2001-06-21,79.0434482724939
2001-06-22,78.9545520096453
2001-06-25,79.3614468518423
2001-06-26,80.0863413243655
2001-06-27,78.8975143894274
2001-06-28,78.0875194358118
2001-06-29,78.4616297238708
2001-07-02,78.1165159153646
2001-07-03,77.5917668666217
2001-07-05,76.8668811522474
2001-07-06,77.0997760975698
2001-07-09,77.272817152297
2001-07-10,77.1886285696736
2001-07-11,77.7966147157377
2001-07-12,77.3036805188807
2001-07-13,77.4467897237468
2001-07-16,77.3887988665969
2001-07-17,77.7386224572839
2001-07-18,78.4064807108931
2001-07-19,78.1146283591023
2001-07-20,78.259607253607
2001-07-23,77.9425370380475
2001-07-24,78.2063398413502
2001-07-25,77.6235757629663
2001-07-26,77.1895611373741
2001-07-27,77.5365863243077
2001-07-30,76.7219040093726
2001-07-31,77.1886285696736
2001-08-01,77.5356495526957
2001-08-02,77.5347127810838
2001-08-03,77.6796916755884
2001-08-06,77.4495968856492
2001-08-07,77.4804655071222
2001-08-08,77.6843842917973
2001-08-09,79.2792484709869
2001-08-10,79.4194384096441
2001-08-13,79.9442599758604
2001-08-14,80.1201768563777
2001-08-15,79.9442599758604
2001-08-16,79.7983117294296
2001-08-17,80.9852104702943
2001-08-20,80.0573455454646
2001-08-21,79.7383919775543
2001-08-22,79.7103592447123
2001-08-23,79.8253793142571
2001-08-24,79.0182706962104
2001-08-27,79.0444032610557
2001-08-28,78.9555059472293
2001-08-29,79.3624056939896
2001-08-30,79.8534102954694
2001-08-31,79.5653785985778
2001-09-04,78.7525354949228
2001-09-05,78.8704243837386
2001-09-06,79.1584763995358
2001-09-07,79.1865154382451
2001-09-10,78.7515840096205
2001-09-11,78.753486980225
2001-09-14,84.1437170786347
2001-09-17,84.0287520102652
2001-09-18,83.536839013576
2001-09-19,84.5206530958718
2001-09-20,83.7957761396465
2001-09-21,84.6376560103396
2001-09-24,84.0028012645922
2001-09-25,84.2368084948316
2001-09-26,85.0456470224595
2001-09-27,84.5817089548293
2001-09-28,84.783657506316
2001-10-01,84.7256659485141
2001-10-02,84.0587630337927
2001-10-03,84.2327377071983
2001-10-04,84.2327377071983
2001-10-05,84.4936997173067
2001-10-08,84.6956468674895
2001-10-09,83.7698173364764
2001-10-10,82.7539529832509
2001-10-11,81.8241108187136
2001-10-12,82.6059798527823
2001-10-15,81.7951157404646
2001-10-16,81.8540948671424
2001-10-17,82.1750302289977
2001-10-18,80.9581709115434
2001-10-19,81.2171767015017
2001-10-22,79.8853011680882
2001-10-23,80.0573455454646
2001-10-24,79.9983874383443
2001-10-25,80.551246992292
2001-10-26,80.5812166773565
2001-10-29,80.9291744319906
2001-10-30,81.3621555960064
2001-10-31,81.0432020280961
2001-11-01,81.1021734476028
2001-11-02,81.1311695768297
2001-11-05,80.7532442390869
2001-11-06,81.1002137241932
2001-11-07,81.4761698797255
2001-11-08,80.258376593267
2001-11-09,80.432347062761
2001-11-12,80.6923278098607
2001-11-13,80.5473541702455
2001-11-14,80.5493005812687
2001-11-15,79.7693152498768
2001-11-16,79.6542916770723
2001-11-19,79.0733997406085
2001-11-20,79.1594327894014
2001-11-21,79.1304366601745
2001-11-26,78.9574138223971
2001-11-27,79.2183821383727
2001-11-28,79.4812709412507
2001-11-29,79.309204143013
2001-11-30,79.4232765808412
2001-12-03,80.291251881828
2001-12-04,79.7702789965876
2001-12-05,79.3652822204317
2001-12-06,79.5112287152326
2001-12-07,79.4232765808412
2001-12-10,78.9284173428443
2001-12-11,78.9265101683283
2001-12-12,79.3904426307432
2001-12-13,79.4184788668449
2001-12-14,80.6082653445822
2001-12-17,80.5222508630651
2001-12-18,81.3041640382045
2001-12-19,79.8824057240444
2001-12-20,80.0264159672749
2001-12-21,80.6072914384187
2001-12-26,81.0992338624883
2001-12-27,80.4333188669688
2001-12-28,80.1733286610683
2001-12-31,80.8092830799982
2002-01-02,80.8672732364962
2002-01-03,80.6643076887531
2002-01-04,80.8692273546906
2002-01-07,80.7812640098685
2002-01-08,80.8672732364962
2002-01-09,82.1730445814671
2002-01-10,83.2448696529153
2002-01-11,83.3338685612695
2002-01-14,82.7529531529665
2002-01-15,82.4639951942416
2002-01-16,83.3038662958909
2002-01-17,82.4639951942416
2002-01-18,82.0860582957422
2002-01-22,81.6221314385426
2002-01-23,80.7793119936299
2002-01-24,80.6362868669936
2002-01-25,80.837301449476
2002-01-28,80.6942777241436
2002-01-29,81.5921501927215
2002-01-30,81.7361380150907
2002-01-31,81.7941274709368
2002-02-01,82.9259237921761
2002-02-04,83.8827613743935
2002-02-05,86.4622786665486
2002-02-06,86.261400010538
2002-02-07,86.8982495122908
2002-02-08,88.0011257250362
2002-02-11,87.0163324816875
2002-02-12,87.1903071550931
2002-02-13,86.813362029381
2002-02-14,86.9003493660838
2002-02-15,86.5234042403717
2002-02-19,85.0176780489418
2002-02-20,84.754661727415
2002-02-21,85.013569426105
2002-02-22,85.0125422703959
2002-02-25,84.8675686307806
2002-02-26,86.4063771534128
2002-02-27,85.9124168518244
2002-02-28,86.0273577477028
2002-03-01,86.4053331820576
2002-03-04,86.0294365819382
2002-03-05,85.2445000937803
2002-03-06,85.1005546608521
2002-03-07,84.119803478408
2002-03-08,84.119803478408
2002-03-11,84.4077321794679
2002-03-12,85.1305782961141
2002-03-13,85.1346925241662
2002-03-14,84.3838332929316
2002-03-15,84.0658721984607
2002-03-18,84.7017866802314
2002-03-19,84.9068209027571
2002-03-20,84.702809982355
2002-03-21,84.9037436395411
2002-03-22,86.2065337106084
2002-03-25,86.2344883207618
2002-03-26,86.0045974205303
2002-03-28,87.7475874723062
2002-04-01,87.9215747574462
2002-04-02,88.7023742463648
2002-04-03,87.7465273859569
2002-04-04,87.3094547650764
2002-04-05,87.0184351380881
2002-04-08,87.1344210562994
2002-04-09,86.6404341299383
2002-04-10,87.4834357443492
2002-04-11,87.6294785787886
2002-04-12,87.6004813985839
2002-04-15,86.9904896364096
2002-04-16,86.6435744518268
2002-04-17,87.6004813985839
2002-04-18,88.2964137234981
2002-04-19,87.6616528651075
2002-04-22,87.8614560204267
2002-04-23,88.152492813387
2002-04-24,88.2405514468697
2002-04-25,89.3424709194234
2002-04-26,90.3563051337217
2002-04-29,90.2370443684539
2002-04-30,89.5733718093923
2002-05-01,89.6313668704537
2002-05-02,89.3993866262079
2002-05-03,90.530290316906
2002-05-06,90.2414052259804
2002-05-07,90.3573967494071
2002-05-08,89.372548504883
2002-05-09,89.7462727337362
2002-05-10,90.1801409230779
2002-05-13,90.0619773787109
2002-05-14,89.1061816658929
2002-05-15,89.5110509234
2002-05-16,89.8289230350776
2002-05-17,90.060889266285
2002-05-20,91.5407799692821
2002-05-21,91.569776098509
2002-05-22,92.2088049780473
2002-05-23,93.5136465579254
2002-05-24,92.9058429316854
2002-05-28,93.9150584485519
2002-05-29,94.3488446616194
2002-05-30,94.3778393895425
2002-05-31,94.667786668773
2002-06-03,94.7280651544294
2002-06-04,95.0481632372448
2002-06-05,93.1355670767609
2002-06-06,94.2095620671936
2002-06-07,94.1225726285351
2002-06-10,92.4117803349173
2002-06-11,92.6995051462695
2002-06-12,92.8746019137189
2002-06-13,92.1207025538199
2002-06-14,92.5277662531286
2002-06-17,92.0381619045034
2002-06-18,92.5623539349729
2002-06-19,92.7352229796547
2002-06-20,93.7188864217885
2002-06-21,94.1237097865951
2002-06-24,94.0355831898766
2002-06-25,92.8478492719278
2002-06-26,92.93596255626
2002-06-27,92.5578809731398
2002-06-28,90.905061670048
2002-07-01,91.0489457959335
2002-07-02,90.6998922217024
2002-07-03,90.1478766029878
2002-07-08,90.4947325824837
2002-07-09,91.6534423451289
2002-07-10,91.2475112496428
2002-07-11,91.9746106737463
2002-07-12,91.5095725826077
2002-07-15,92.6705093673686
2002-07-16,91.9757219076854
2002-07-17,92.0337141661392
2002-07-18,91.9166191159445
2002-07-19,93.9184625658869
2002-07-22,93.8326078330067
2002-07-23,90.6719915617466
2002-07-24,90.3229425417529
2002-07-25,89.8300083448958
2002-07-26,87.9731931854181
2002-07-29,87.7111714392865
2002-07-30,88.0580526422514
2002-07-31,87.9141394393113
2002-08-01,88.1450378769984
2002-08-02,89.0170412258516
2002-08-05,89.2479291537599
2002-08-06,88.5821045423376
2002-08-07,91.1348341601057
2002-08-08,90.0018102967092
2002-08-09,91.1025358583977
2002-08-12,91.0757415278175
2002-08-13,91.1036365825581
2002-08-14,90.4066539804214
2002-08-15,91.1337330856194
2002-08-16,90.9597584122138
2002-08-19,88.7260114394105
2002-08-20,89.5099694671674
2002-08-21,89.1888606939629
2002-08-22,88.8989099114727
2002-08-23,88.9289794394353
2002-08-26,89.7107721024451
2002-08-27,90.5527234396336
2002-08-28,89.7129399194739
2002-08-29,90.7266960110834
2002-08-30,90.5828132865017
2002-09-03,90.8749669186165
2002-09-04,91.3110172883512
2002-09-05,92.2690274115505
2002-09-06,92.7597380895514
2002-09-09,93.1656888032912
2002-09-10,92.1798084984945
2002-09-11,91.8028542643075
2002-09-12,92.4675389150621
2002-09-13,91.8006360003407
2002-09-16,91.9456148948454
2002-09-17,91.9177296492317
2002-09-18,92.9615903013996
2002-09-19,93.5403827343965
2002-09-20,93.3385399813491
2002-09-23,93.6597605085343
2002-09-24,94.4995268627221
2002-09-25,93.4255283690298
2002-09-26,92.8768461018066
2002-09-27,92.7039851146219
2002-09-30,93.9230013890001
2002-10-01,93.0530754730786
2002-10-02,93.2270606562629
2002-10-03,93.11107053414
2002-10-04,93.4010458394472
2002-10-07,93.3430507783858
2002-10-08,92.2701421487491
2002-10-09,92.673868292655
2002-10-10,91.7738577847547
2002-10-11,91.7147567446435
2002-10-14,92.147472011257
2002-10-15,90.6397097253585
2002-10-16,91.0456457254081
2002-10-17,90.3508470552943
2002-10-18,90.6687051539335
2002-10-21,90.1478766029878
2002-10-22,90.7589810004051
2002-10-23,90.4679231878873
2002-10-24,90.0920619706896
2002-10-25,90.8771627617219
2002-10-28,91.4002162328276
2002-10-29,92.1240415105266
2002-10-30,91.7749665664121
2002-10-31,92.2088049780473
2002-11-01,92.4418936536246
2002-11-04,92.2991396792799
2002-11-05,92.266797937153
2002-11-06,92.0638225802831
2002-11-07,92.9337169668685
2002-11-08,93.1656888032912
2002-11-11,93.1366923237384
2002-11-12,94.0935761489823
2002-11-13,92.4117803349173
2002-11-14,92.1798084984945
2002-11-15,92.9917099259741
2002-11-18,92.5567627326815
2002-11-19,92.3827838553644
2002-11-20,92.0348261007303
2002-11-21,92.0348261007303
2002-11-22,92.9962039073648
2002-11-25,92.1552653625211
2002-11-27,91.8630668886838
2002-12-02,92.0961569655648
2002-12-03,92.8489710156457
2002-12-04,93.4300433699779
2002-12-05,94.1805655876408
2002-12-06,94.6189421217374
2002-12-09,94.4762371930269
2002-12-10,93.8036113534538
2002-12-11,94.1839791637766
2002-12-12,96.0978161788041
2002-12-13,96.6162698700798
2002-12-16,97.7216778885244
2002-12-17,97.8376680106473
2002-12-18,99.2017504106938
2002-12-19,100.319422990606
2002-12-20,98.7520986356354
2002-12-23,100.072895811276
2002-12-24,100.56586574138
2002-12-26,101.114388960619
2002-12-27,101.259376613272
2002-12-30,99.5775198424904
2002-12-31,100.810028921145
2003-01-02,100.375002904512
2003-01-03,101.833175500062
2003-01-06,101.996635840487
2003-01-07,100.701123440873
2003-01-08,102.613581923256
2003-01-09,102.439611453762
2003-01-10,102.788794298271
2003-01-13,102.848027761595
2003-01-14,102.08487208923
2003-01-15,101.690653791828
2003-01-16,103.720407360527
2003-01-17,103.401446085446
2003-01-21,103.604421442315
2003-01-22,104.300336951584
2003-01-23,105.69216797012
2003-01-24,106.76245791322
2003-01-27,107.110407260031
2003-01-28,107.283085727392
2003-01-29,106.210254870118
2003-01-30,106.897810551048
2003-01-31,106.791453692121
2003-02-03,107.516348164644
2003-02-04,109.916573536001
2003-02-05,109.162528440504
2003-02-06,107.335419170644
2003-02-07,107.27741570176
2003-02-10,105.464018540226
2003-02-11,105.118588037054
2003-02-12,102.25023364863
2003-02-13,103.637174116791
2003-02-14,102.042309937602
2003-02-18,99.8082942647884
2003-02-19,101.464810908042
2003-02-20,102.392754305886
2003-02-21,102.015777300512
2003-02-24,103.321945915119
2003-02-25,102.163236853126
2003-02-26,102.652498232638
2003-02-27,100.361665644961
2003-02-28,101.55180560159
2003-03-03,101.261823289764
2003-03-04,102.420515185785
2003-03-05,102.392754305886
2003-03-06,103.465688859644
2003-03-07,101.724566045225
2003-03-10,102.852998186288
2003-03-11,101.632660832722
2003-03-12,100.472801650608
2003-03-13,97.3991748180066
2003-03-14,97.5755113890218
2003-03-17,97.7494944702503
2003-03-18,97.8944803712741
2003-03-19,97.4607001137479
2003-03-20,96.5327791367649
2003-03-21,94.5319495301453
2003-03-24,95.5480174227524
2003-03-25,95.2255893219897
2003-03-26,95.7800004696058
2003-03-27,95.3137313330504
2003-03-28,96.1244910482326
2003-03-31,97.4038817975798
2003-04-01,96.939915703873
2003-04-02,95.5723966061774
2003-04-03,94.2095620671936
2003-04-04,94.325547985405
2003-04-07,93.2259343583076
2003-04-08,93.4289146197409
2003-04-09,94.417100069342
2003-04-10,94.7349322438603
2003-04-11,95.0817538914123
2003-04-14,94.0111297373485
2003-04-15,94.2129766943074
2003-04-16,94.4739544690838
2003-04-17,94.877627363444
2003-04-21,96.702090971668
2003-04-22,96.9642276247139
2003-04-23,96.1256523787837
2003-04-24,97.0825593255408
2003-04-25,96.6742628291855
2003-04-28,96.9932241042668
2003-04-29,96.761252267844
2003-04-30,98.3282501190216
2003-05-01,99.1981550153857
2003-05-02,98.8791898867189
2003-05-05,99.2561486751433
2003-05-06,99.3129424684944
2003-05-07,99.1377658267265
2003-05-08,101.021293690836
2003-05-09,101.079285248638
2003-05-12,101.951622107803
2003-05-13,101.487678434958
2003-05-14,102.153363266323
2003-05-15,102.239116404675
2003-05-16,102.850512973941
2003-05-19,105.602626757183
2003-05-20,106.211538114102
2003-05-21,107.86560072402
2003-05-22,106.733462134319
2003-05-23,106.936432586626
2003-05-27,106.646474797616
2003-05-28,105.89514332699
2003-05-29,107.170988427315
2003-05-30,105.689614093886
2003-06-02,106.1245507774
2003-06-03,105.893863936591
2003-06-04,105.141234858616
2003-06-05,106.881023631787
2003-06-06,105.460196133698
2003-06-09,104.913065460143
2003-06-10,102.123133289071
2003-06-11,103.082484810364
2003-06-12,102.447037663422
2003-06-13,103.398947560712
2003-06-16,104.096103924524
2003-06-17,105.312668968174
2003-06-18,103.572922234118
2003-06-19,104.764280624429
2003-06-20,103.316953069565
2003-06-23,102.36128277344
2003-06-24,100.419661406674
2003-06-25,101.290821520946
2003-06-26,99.723712266114
2003-06-27,100.100684717251
2003-06-30,100.333879891919
2003-07-01,101.898553330365
2003-07-02,101.870786144599
2003-07-03,101.783791451051
2003-07-07,100.940403777434
2003-07-08,99.7817080278273
2003-07-09,99.6355149035519
2003-07-10,99.8397037895407
2003-07-11,99.982277346017
2003-07-14,100.821977488599
2003-07-15,99.1993534804884
2003-07-16,99.4869213458114
2003-07-17,99.8058826208927
2003-07-18,100.675777007478
2003-07-21,101.746188163359
2003-07-22,101.661657312275
2003-07-23,103.981375676502
2003-07-24,105.027786701645
2003-07-25,105.176584499419
2003-07-28,105.785547354255
2003-07-29,104.886602187593
2003-07-30,103.289203750423
2003-07-31,102.652498232638
2003-08-01,100.359240688679
2003-08-04,101.261823289764
2003-08-05,101.377816214494
2003-08-06,101.723337101764
2003-08-07,102.217530019788
2003-08-08,103.316953069565
2003-08-11,104.882800800622
2003-08-12,103.95237919695
2003-08-13,104.996252460852
2003-08-14,106.127115163413
2003-08-15,105.312668968174
2003-08-18,103.920871580929
2003-08-19,104.847469727094
2003-08-20,106.008567661796
2003-08-21,104.55625216594
2003-08-22,105.281129122165
2003-08-25,104.761749169056
2003-08-26,106.066559219598
2003-08-27,108.301851129876
2003-08-28,107.434552658641
2003-08-29,108.942406029288
2003-09-02,108.214861691218
2003-09-03,108.415217310573
2003-09-04,108.127872252559
2003-09-05,109.490706791543
2003-09-08,108.765794802722
2003-09-09,110.67956245321
2003-09-10,110.186622300811
2003-09-11,110.102293237479
2003-09-12,108.971403209493
2003-09-15,108.597063808257
2003-09-16,108.307084999691
2003-09-17,109.091345709075
2003-09-18,109.207338633806
2003-09-19,110.712571566287
2003-09-22,112.278438214946
2003-09-23,111.901470318046
2003-09-24,112.361358267275
2003-09-25,111.636446278454
2003-09-26,110.42259626098
2003-09-29,110.88253781008
2003-09-30,111.752432196665
2003-10-01,111.433470921584
2003-10-02,111.085513166949
2003-10-03,107.11299546821
2003-10-06,108.069879293454
2003-10-07,109.374720873332
2003-10-08,108.854099365027
2003-10-09,107.056295912541
2003-10-10,108.330847609429
2003-10-13,108.792162436285
2003-10-14,108.935825156165
2003-10-15,108.036966870341
2003-10-16,108.06465663407
2003-10-17,107.803700929829
2003-10-20,108.441592651307
2003-10-21,110.672876482299
2003-10-22,112.065977432434
2003-10-23,111.544066023952
2003-10-24,112.764584145712
2003-10-27,112.473267442312
2003-10-28,111.109139850216
2003-10-29,112.152962667181
2003-10-30,111.429432013613
2003-10-31,111.486075867454
2003-11-03,109.311444998778
2003-11-04,110.153633156314
2003-11-05,110.936509727838
2003-11-06,110.359267837532
2003-11-07,111.143506126055
2003-11-10,112.100389951299
2003-11-11,112.533977529548
2003-11-12,114.507097754185
2003-11-13,114.275125917762
2003-11-14,115.347995661218
2003-11-17,113.519845923262
2003-11-18,115.285824014084
2003-11-19,114.502947442559
2003-11-20,114.157760766254
2003-11-21,114.826059029266
2003-11-24,113.522588975514
2003-11-26,115.060811052493
2003-12-01,116.771644684574
2003-12-02,117.061616486621
2003-12-03,117.118195880486
2003-12-04,116.942802036624
2003-12-05,117.840269178069
2003-12-08,117.901110287214
2003-12-09,118.365059565275
2003-12-10,117.783699943657
2003-12-11,117.321173689638
2003-12-12,118.71302152382
2003-12-15,118.656461397883
2003-12-16,118.220075415881
2003-12-17,119.464052414774
2003-12-18,119.000114347144
2003-12-19,118.653594330242
2003-12-22,119.058106605598
2003-12-23,119.174091122505
2003-12-24,119.55248519638
2003-12-29,120.275944033127
2003-12-30,120.881941729053
2003-12-31,120.533996586153
2004-01-05,123.061059222274
2004-01-06,122.59859672758
2004-01-07,122.339103283888
2004-01-08,122.948044068188
2004-01-09,123.640988813331
2004-01-12,123.611992333779
2004-01-13,122.855115203236
2004-01-14,122.275199625217
2004-01-15,118.417330300181
2004-01-16,117.924408014406
2004-01-20,119.668471114592
2004-01-21,119.20596763176
2004-01-22,118.887002503093
2004-01-23,118.278069075638
2004-01-26,117.901110287214
2004-01-27,118.887002503093
2004-01-28,120.191859847639
2004-01-29,115.550971018088
2004-01-30,116.621022739536
2004-02-02,115.608963977193
2004-02-03,115.756743377407
2004-02-04,116.278692621093
2004-02-05,115.439169042794
2004-02-06,117.034033221984
2004-02-09,117.961954198967
2004-02-10,117.84454035215
2004-02-11,118.944996162851
2004-02-12,119.961334507097
2004-02-13,118.972555605323
2004-02-17,120.625354939836
2004-02-18,119.55248519638
2004-02-19,118.829008843335
2004-02-20,115.263791313926
2004-02-23,115.698749016998
2004-02-24,117.292176859759
2004-02-25,114.768066070161
2004-02-26,114.565090713291
2004-02-27,114.94065625538
2004-03-01,115.780145151409
2004-03-02,114.098389975155
2004-03-03,113.779436407245
2004-03-04,113.927168163128
2004-03-05,116.364278303637
2004-03-08,116.155686871333
2004-03-09,117.199522300032
2004-03-10,115.981714299883
2004-03-11,116.187489812136
2004-03-12,114.624468510909
2004-03-15,115.816136939693
2004-03-16,116.686062855615
2004-03-17,117.992377205821
2004-03-18,119.201647061719
2004-03-19,119.61336834464
2004-03-22,121.035692435223
2004-03-23,121.733103836332
2004-03-24,120.976235814264
2004-03-25,120.829790104973
2004-03-26,122.394140192559
2004-03-29,120.945777424488
2004-03-30,122.279631598913
2004-03-31,123.901957129307
2004-04-01,124.045440832622
2004-04-02,122.247680820555
2004-04-05,120.449920808488
2004-04-06,121.464785331429
2004-04-07,122.595634371278
2004-04-08,121.754746623698
2004-04-12,121.814210601502
2004-04-13,118.01424595343
2004-04-14,115.930726458636
2004-04-15,115.320392428
2004-04-16,116.274478199817
2004-04-19,116.157090277121
2004-04-20,115.316212688994
2004-04-21,113.316873018674
2004-04-22,114.04315408134
2004-04-23,114.56370657543
2004-04-26,114.823284447678
2004-04-27,115.577174699102
2004-04-28,111.74973188418
2004-04-29,112.099035591145
2004-04-30,112.217731630968
2004-05-03,112.217731630968
2004-05-04,113.493592145636
2004-05-05,114.073528743212
2004-05-06,112.507699929756
2004-05-07,109.810994751028
2004-05-10,109.692356865313
2004-05-11,109.291692570281
2004-05-12,109.436680222935
2004-05-13,108.681431407445
2004-05-14,109.31936937195
2004-05-17,110.044298877069
2004-05-18,108.970086684542
2004-05-19,111.02617880975
2004-05-20,109.724004261391
2004-05-21,111.579801373635
2004-05-24,111.811776012665
2004-05-25,112.591969788002
2004-05-26,112.591969788002
2004-05-28,114.244749153935
2004-06-01,114.415961156835
2004-06-02,113.546098299585
2004-06-03,112.532617914505
2004-06-04,113.343130299561
2004-06-07,114.15500229966
2004-06-08,113.372125728136
2004-06-09,111.487422870763
2004-06-10,111.894710778684
2004-06-14,111.225120163212
2004-06-15,112.529898684418
2004-06-16,111.515070945703
2004-06-17,112.76185931041
2004-06-18,114.559554161849
2004-06-21,114.24060830111
2004-06-22,114.5305590836
2004-06-23,114.531942871134
2004-06-24,116.880572585707
2004-06-25,116.822581728557
2004-06-28,116.270263778541
2004-06-29,113.805682127375
2004-06-30,113.834677205624
2004-07-01,114.821897156884
2004-07-02,115.487396665817
2004-07-06,113.837427965047
2004-07-07,116.650018518437
2004-07-08,118.246214987245
2004-07-09,118.159226599564
2004-07-12,118.331773694691
2004-07-13,116.563031181734
2004-07-14,117.547467442931
2004-07-15,117.199522300032
2004-07-16,117.893988160485
2004-07-19,117.604037377995
2004-07-20,116.532627442807
2004-07-21,115.139455726829
2004-07-22,114.588549240098
2004-07-23,113.225780562394
2004-07-26,113.169157728111
2004-07-27,112.212308585137
2004-07-28,112.793579924613
2004-07-29,112.215020108053
2004-07-30,113.374865277128
2004-08-02,113.579210408494
2004-08-03,114.24612943821
2004-08-04,113.724192806258
2004-08-05,113.751814957078
2004-08-06,115.926524649094
2004-08-09,116.187489812136
2004-08-10,115.98591821138
2004-08-11,114.679691092338
2004-08-12,114.331737541615
2004-08-13,115.664162035805
2004-08-16,116.823993191842
2004-08-17,117.257513157182
2004-08-18,117.228517728607
2004-08-19,118.041815905681
2004-08-20,119.809110871779
2004-08-23,119.026234300255
2004-08-24,116.851577157132
2004-08-25,118.270924177723
2004-08-26,118.125948786477
2004-08-27,116.938563442857
2004-08-30,118.243357728731
2004-08-31,118.995801133948
2004-09-01,118.531879881964
2004-09-02,117.721440014381
2004-09-03,116.126691442758
2004-09-07,115.227833156934
2004-09-08,115.807741728433
2004-09-09,115.548178920201
2004-09-10,116.531219482782
2004-09-13,117.16911120426
2004-09-14,117.634453728656
2004-09-15,117.432904548762
2004-09-16,117.343081673754
2004-09-17,117.663449157231
2004-09-20,117.518472014356
2004-09-21,118.386904490719
2004-09-22,118.067958629979
2004-09-23,119.140776525193
2004-09-24,118.328914334221
2004-09-27,118.618865116711
2004-09-28,119.604697777177
2004-09-29,119.749673168422
2004-09-30,121.402392628616
2004-10-01,121.634353254608
2004-10-04,120.039623950912
2004-10-05,121.257417237371
2004-10-06,121.315407393869
2004-10-07,121.199427080873
2004-10-08,122.68114052983
2004-10-11,122.35775183529
2004-10-12,120.357115608599
2004-10-13,119.806215778061
2004-10-14,121.226957446291
2004-10-15,121.400925813829
2004-10-18,120.676057615753
2004-10-19,121.864841460598
2004-10-20,122.792672754136
2004-10-21,123.053625305443
2004-10-22,123.111614761289
2004-10-25,124.387382789904
2004-10-26,123.749498775597
2004-10-27,123.169604217136
2004-10-28,123.256588400905
2004-10-29,124.242409150289
2004-11-01,123.894472415212
2004-11-02,121.777857276829
2004-11-03,123.111614761289
2004-11-04,124.706324797057
2004-11-05,125.721140274364
2004-11-08,125.460187723057
2004-11-09,126.330029560749
2004-11-10,125.837119186057
2004-11-11,126.098071737364
2004-11-12,126.967913575056
2004-11-15,126.706961023748
2004-11-16,127.634792317286
2004-11-17,128.968549801747
2004-11-18,128.330665787439
2004-11-19,129.548444360208
2004-11-22,130.128338918669
2004-11-23,129.838391639438
2004-11-24,130.273312558284
2004-11-29,131.549080586898
2004-11-30,130.853207116745
2004-12-01,131.636064770668
2004-12-02,130.592254565438
2004-12-03,132.215959329129
2004-12-06,131.694054226514
2004-12-07,131.056170212206
2004-12-08,126.764950479594
2004-12-09,126.359024288672
2004-12-10,125.808124458134
2004-12-13,127.257860854286
2004-12-14,126.388019016595
2004-12-15,127.808760684824
2004-12-16,126.677966295825
2004-12-17,128.040718508209
2004-12-20,128.272676331593
2004-12-21,128.098707964055
2004-12-22,127.663787045209
2004-12-23,128.127702691978
2004-12-27,129.084528713439
2004-12-28,128.823576162131
2004-12-29,126.417013744518
2004-12-30,126.851934663364
2005-01-03,124.300398606135
2005-01-04,124.242409150289
2005-01-05,123.691509319751
2005-01-06,122.06780455606
2005-01-07,121.458915269675
2005-01-10,121.516904725521
2005-01-11,122.328757107367
2005-01-12,123.546535680135
2005-01-13,123.140609489213
2005-01-14,122.560714930751
2005-01-18,122.705688570367
2005-01-19,122.647699114521
2005-01-20,122.473730746982
2005-01-21,123.720504047674
2005-01-24,123.77849350352
2005-01-25,122.35775183529
2005-01-26,123.77849350352
2005-01-27,123.604525135981
2005-01-28,123.459551496366
2005-01-31,122.299762379444
2005-02-01,122.009815100213
2005-02-02,122.096799283983
2005-02-03,120.792036527445
2005-02-04,120.038173601446
2005-02-07,119.922194689753
2005-02-08,119.632247410523
2005-02-09,119.719231594292
2005-02-10,120.966004894983
2005-02-11,121.922830916444
2005-02-14,123.459551496366
2005-02-15,123.488546224289
2005-02-16,123.372567312597
2005-02-17,123.894472415212
2005-02-18,123.836482959366
2005-02-22,125.982092825672
2005-02-23,126.098071737364
2005-02-24,125.982092825672
2005-02-25,126.098071737364
2005-02-28,126.561987384133
2005-03-01,125.518177178903
2005-03-02,125.48918245098
2005-03-03,124.648335341211
2005-03-04,125.895108641903
2005-03-07,126.127066465287
2005-03-08,127.663787045209
2005-03-09,128.185692147824
2005-03-10,128.388655243285
2005-03-11,129.374475992669
2005-03-14,127.895744868593
2005-03-15,127.837755412747
2005-03-16,128.649607794593
2005-03-17,127.19987139844
2005-03-18,127.373839765979
2005-03-21,124.996272076288
2005-03-22,125.054261532134
2005-03-23,123.285583128828
2005-03-24,123.140609489213
2005-03-28,123.488546224289
2005-03-29,123.517540952212
2005-03-30,123.77849350352
2005-03-31,124.300398606135
2005-04-01,123.488546224289
2005-04-04,122.908651665828
2005-04-05,123.082620033366
2005-04-06,123.836482959366
2005-04-07,123.662514591828
2005-04-08,123.77849350352
2005-04-11,124.271403878212
2005-04-12,123.981456598981
2005-04-13,124.474366973673
2005-04-14,122.937646393751
2005-04-15,123.198598945059
2005-04-18,123.952461871058
2005-04-19,125.518177178903
2005-04-20,126.214050649056
2005-04-21,125.547171906826
2005-04-22,125.924103369826
2005-04-25,126.011087553595
2005-04-26,126.967913575056
2005-04-27,125.547171906826
2005-04-28,125.054261532134
2005-04-29,126.127066465287
2005-05-02,124.532356429519
2005-05-03,123.720504047674
2005-05-04,124.387382789904
2005-05-05,124.619340613288
2005-05-06,123.546535680135
2005-05-09,123.575530408058
2005-05-10,123.865477687289
2005-05-11,123.865477687289
2005-05-12,122.241772923598
2005-05-13,121.835846732675
2005-05-16,121.458915269675
2005-05-17,121.603888909291
2005-05-18,122.212778195675
2005-05-19,121.922830916444
2005-05-20,121.02399435083
2005-05-23,120.792036527445
2005-05-24,121.052989078753
2005-05-25,121.429920541752
2005-05-26,121.197962718368
2005-05-27,121.719867820983
2005-05-31,120.705052343676
2005-06-01,120.415105064445
2005-06-02,122.560714930751
2005-06-03,122.850662209982
2005-06-06,123.662514591828
2005-06-07,123.169604217136
2005-06-08,123.140609489213
2005-06-09,122.995635849597
2005-06-10,123.923467143135
2005-06-13,124.474366973673
2005-06-14,123.952461871058
2005-06-15,124.416377517827
2005-06-16,126.475003200364
2005-06-17,127.083892486748
2005-06-20,127.112887214671
2005-06-21,127.257860854286
2005-06-22,127.025903030902
2005-06-23,128.069713236132
2005-06-24,127.721776501055
2005-06-27,127.663787045209
2005-06-28,126.53299265621
2005-06-29,126.793945207517
2005-06-30,126.388019016595
2005-07-01,124.039446054827
2005-07-05,122.618704386598
2005-07-06,122.792672754136
2005-07-07,122.73468329829
2005-07-08,122.618704386598
2005-07-11,123.372567312597
2005-07-12,123.604525135981
2005-07-13,122.908651665828
2005-07-14,121.661878365137
2005-07-15,121.98082037229
2005-07-18,121.922830916444
2005-07-19,121.69087309306
2005-07-20,122.270767651521
2005-07-21,120.86224535271
2005-07-22,120.679731484076
2005-07-25,120.969849722374
2005-07-26,120.292533368548
2005-07-27,120.705024667925
2005-07-28,121.400528193867
2005-07-29,122.074493679904
2005-08-01,122.627283518986
2005-08-02,122.606100709603
2005-08-03,124.054562269594
2005-08-04,124.301687105009
2005-08-05,124.118302326042
2005-08-08,123.489280157171
2005-08-09,123.316818191253
2005-08-10,123.957806093549
2005-08-11,126.419995018421
2005-08-12,126.499137155618
2005-08-15,125.435527227888
2005-08-16,126.590257637975
2005-08-17,124.823171816474
2005-08-18,124.725067235816
2005-08-19,124.133618576931
2005-08-22,124.402967390476
2005-08-23,124.704385042227
2005-08-24,124.097668477435
2005-08-25,124.405220687039
2005-08-26,124.064753602041
2005-08-29,123.934456868441
2005-08-30,122.318261691988
2005-08-31,123.093795081104
2005-09-01,125.429804653362
2005-09-02,125.946830766358
2005-09-06,125.973957906599
2005-09-07,126.111016982168
2005-09-08,126.640022491302
2005-09-09,127.323534710024
2005-09-12,127.539364226948
2005-09-13,126.468358918242
2005-09-14,127.54251295666
2005-09-15,129.114089217784
2005-09-16,130.207668480253
2005-09-19,132.221759676017
2005-09-20,132.140532749044
2005-09-21,132.876257198236
2005-09-22,132.25881330228
2005-09-23,131.331398546307
2005-09-26,132.058764568465
2005-09-27,131.141210437234
2005-09-28,133.152324563006
2005-09-29,133.920819553298
2005-09-30,132.957171984781
2005-10-03,132.135048746495
2005-10-04,132.135048746495
2005-10-05,132.135048746495
2005-10-06,133.779295223066
2005-10-07,134.573069384169
2005-10-10,134.609903356057
2005-10-11,135.156505738067
2005-10-12,134.274888393945
2005-10-13,133.507942194714
2005-10-14,132.921821293
2005-10-17,134.359791641523
2005-10-18,133.748337268474
2005-10-19,131.36549752344
2005-10-20,130.679555794199
2005-10-21,132.349289885526
2005-10-24,131.762935316397
2005-10-25,134.024498870927
2005-10-26,133.546186228583
2005-10-27,134.213357492989
2005-10-28,133.978456230904
2005-10-31,131.704915031867
2005-11-01,129.941804359013
2005-11-02,131.086037602091
2005-11-03,130.343840530497
2005-11-04,129.251335717741
2005-11-07,130.016136520805
2005-11-08,130.588237377676
2005-11-09,132.101900554013
2005-11-10,132.152562942445
2005-11-11,132.635685209867
2005-11-14,132.538472909425
2005-11-15,132.539682584959
2005-11-16,135.397589902986
2005-11-17,137.702060329887
2005-11-18,137.510012340302
2005-11-21,138.474522061002
2005-11-22,139.504320629212
2005-11-23,139.26962711042
2005-11-28,141.094121197003
2005-11-29,141.241960502955
2005-11-30,139.968490612626
2005-12-01,142.218220856942
2005-12-02,142.43405878169
2005-12-05,144.063430768406
2005-12-06,144.383186232434
2005-12-07,145.527243261555
2005-12-08,146.958425343989
2005-12-09,149.100549467011
2005-12-12,149.476279662301
2005-12-13,147.390233616697
2005-12-14,143.275781356028
2005-12-15,142.529716685856
2005-12-16,142.381235933074
2005-12-19,142.427218317032
2005-12-20,139.878389578808
2005-12-21,139.479432071844
2005-12-22,142.221992466207
2005-12-23,142.308629476952
2005-12-27,143.696533341498
2005-12-28,145.434097544835
2005-12-29,145.802345478311
2005-12-30,146.19454029298
2006-01-02,146.618620375052
2006-01-03,150.0395330371
2006-01-04,150.903088625799
2006-01-05,148.712595348066
2006-01-06,152.495150197324
2006-01-09,155.124240013855
2006-01-10,153.77583680239
2006-01-11,155.114469072558
2006-01-12,154.932809999261
2006-01-13,157.212829776241
2006-01-17,156.399117163558
2006-01-18,153.699655970517
2006-01-19,157.841535250446
2006-01-20,156.289705812603
2006-01-23,157.709607399185
2006-01-24,157.516673084926
2006-01-25,158.801438885449
2006-01-26,158.087434995985
2006-01-27,157.799112878874
2006-01-30,159.804435415907
2006-01-31,161.216634385648
2006-02-01,160.821218674121
2006-02-02,161.69678203536
2006-02-03,160.256339086224
2006-02-06,160.947292578622
2006-02-07,155.533602552101
2006-02-08,155.231376348039
2006-02-09,159.308720331594
2006-02-10,155.16514792631
2006-02-13,151.940480859476
2006-02-14,153.902756393754
2006-02-15,152.309860696123
2006-02-16,153.95581501174
2006-02-17,155.595109280567
2006-02-21,156.206666299122
2006-02-22,156.160095367554
2006-02-23,154.607568430728
2006-02-24,157.451493539116
2006-02-27,156.251553213809
2006-02-28,158.189288414721
2006-03-01,158.657354022789
2006-03-02,159.972709585322
2006-03-03,159.36521214397
2006-03-06,156.235964058999
2006-03-07,155.72109630423
2006-03-08,152.953714615082
2006-03-09,153.824384973665
2006-03-10,152.26794980045
2006-03-13,154.016535258429
2006-03-14,155.543718564468
2006-03-15,155.758226301553
2006-03-16,156.134029714967
2006-03-17,155.911719518143
2006-03-20,156.21345561619
2006-03-21,155.35790357433
2006-03-22,154.951480621198
2006-03-23,154.716829141522
2006-03-24,157.532615017976
2006-03-27,159.332933110189
2006-03-28,159.216559030816
2006-03-29,161.109327442723
2006-03-30,164.948998385213
2006-03-31,163.412398317421
2006-04-03,165.619308219877
2006-04-04,164.583856792008
2006-04-05,164.991856912603
2006-04-06,166.978019422334
2006-04-07,165.150731836562
2006-04-10,167.617821120936
2006-04-11,167.040573625414
2006-04-12,167.70489849141
2006-04-13,167.56214066348
2006-04-17,172.914436416167
2006-04-18,174.282960248711
2006-04-19,177.592142752287
2006-04-20,173.998751308674
2006-04-21,177.557365894425
2006-04-24,174.288561960781
2006-04-25,177.1098104699
2006-04-26,179.440110079366
2006-04-27,177.87074507569
2006-04-28,182.991363616085
2006-05-01,184.591625617637
2006-05-02,186.613009198545
2006-05-03,186.94990646203
2006-05-04,189.280112534466
2006-05-05,191.52609429103
2006-05-08,190.126963180178
2006-05-09,196.141789429304
2006-05-10,197.305784910005
2006-05-11,201.832565568481
2006-05-12,199.230966180208
2006-05-15,191.7778462317
2006-05-16,193.872995146999
2006-05-17,193.544249267908
2006-05-18,190.71282168775
2006-05-19,184.507363466563
2006-05-22,184.729750384772
2006-05-23,189.087034586564
2006-05-24,178.972423523984
2006-05-25,182.288959369421
2006-05-26,182.991800822881
2006-05-30,183.995565267839
2006-05-31,180.607745096446
2006-06-01,176.34018077383
2006-06-02,178.617771040291
2006-06-05,180.437228840899
2006-06-06,176.67174537558
2006-06-07,176.209255555461
2006-06-08,171.101592419322
2006-06-09,170.693234615924
2006-06-12,170.402357571601
2006-06-13,158.099915358243
2006-06-14,157.600478410952
2006-06-15,158.785585584866
2006-06-16,161.956300001869
2006-06-19,159.565758340646
2006-06-20,161.741046070493
2006-06-21,164.673781962195
2006-06-22,163.096432329282
2006-06-23,163.892398830231
2006-06-26,163.937470366697
2006-06-27,162.969099353287
2006-06-28,162.044412235223
2006-06-29,164.290753075895
2006-06-30,171.778786509389
2006-07-03,171.944278740371
2006-07-05,175.719675029001
2006-07-06,177.624495354518
2006-07-07,177.027567947974
2006-07-10,174.674614860752
2006-07-11,179.512268818914
2006-07-12,181.910341086933
2006-07-13,182.808421298804
2006-07-14,186.77045093901
2006-07-17,182.303466367346
2006-07-18,176.054823114976
2006-07-19,179.893976976353
2006-07-20,176.885815555543
2006-07-21,173.276224338976
2006-07-24,171.449612181651
2006-07-25,172.822924970041
2006-07-26,173.872560395303
2006-07-27,176.683043387729
2006-07-28,177.26461250427
2006-07-31,177.07484793928
2006-08-01,180.555173431542
2006-08-02,181.944511880887
2006-08-03,180.175355282648
2006-08-04,179.991591801321
2006-08-07,180.838059891087
2006-08-08,180.351360094981
2006-08-09,181.785488418722
2006-08-10,177.288088547375
2006-08-11,177.050288337987
2006-08-14,175.79160395472
2006-08-15,174.495038825602
2006-08-16,175.940048974254
2006-08-17,172.019735448488
2006-08-18,171.022250596329
2006-08-21,174.666492903739
2006-08-22,174.359423793632
2006-08-23,174.140960175828
2006-08-24,173.011699163547
2006-08-25,173.805767248129
2006-08-28,171.780538489505
2006-08-29,170.348680978625
2006-08-30,172.223358558055
2006-08-31,174.426310477836
2006-09-01,173.971102883408
2006-09-05,177.626768969986
2006-09-06,176.30903714648
2006-09-07,171.645601338264
2006-09-08,169.736457990423
2006-09-11,164.407201424371
2006-09-12,163.433452907504
2006-09-13,164.028457024538
2006-09-14,161.259165358267
2006-09-15,160.421606057615
2006-09-18,163.196340387971
2006-09-19,160.365216190093
2006-09-20,161.057805004064
2006-09-21,161.623842769577
2006-09-22,163.471894174887
2006-09-25,163.693233618481
2006-09-26,163.83650642557
2006-09-27,165.403513735548
2006-09-28,167.342915437043
2006-09-29,165.820128371453
2006-10-02,165.570816451082
2006-10-03,159.64273301114
2006-10-04,155.681443609684
2006-10-05,158.174562813397
2006-10-06,158.562381356197
2006-10-09,160.10693627552
2006-10-10,158.381800936526
2006-10-11,158.713117507497
2006-10-12,159.784058005901
2006-10-13,162.985760855855
2006-10-16,164.791861428332
2006-10-17,163.358842236575
2006-10-18,163.141352174608
2006-10-19,165.949819741798
2006-10-20,164.2127635111
2006-10-23,160.416018358583
2006-10-24,161.788269659321
2006-10-25,162.610359966966
2006-10-26,165.053889130005
2006-10-27,165.338393044499
2006-10-30,166.876501265541
2006-10-31,166.744782909203
2006-11-01,170.052488438539
2006-11-02,172.503546106418
2006-11-03,172.866777372174
2006-11-06,172.7015713575
2006-11-07,172.608214744553
2006-11-08,169.908794539649
2006-11-09,174.995785991977
2006-11-10,173.132903186905
2006-11-13,171.953877671623
2006-11-14,171.90924614456
2006-11-15,171.594602636912
2006-11-16,171.136083761528
2006-11-17,171.39515331081
2006-11-20,171.355944829579
2006-11-21,173.187837800396
2006-11-22,173.206747344637
2006-11-24,173.008522407759
2006-11-27,175.945502148118
2006-11-28,175.12213104877
2006-11-29,174.465681510313
2006-11-30,177.522836717016
2006-12-01,176.855871444274
2006-12-04,176.925223722571
2006-12-05,176.03998681065
2006-12-06,172.803663348213
2006-12-07,173.386600837946
2006-12-08,171.621865002972
2006-12-11,172.796842501808
2006-12-12,172.000358919745
2006-12-13,172.12626606909
2006-12-14,171.657944723072
2006-12-15,168.652468901058
2006-12-18,168.212610137832
2006-12-19,170.309964004712
2006-12-20,169.912052571059
2006-12-21,169.272290108965
2006-12-22,169.529567740971
2006-12-26,170.880965538727
2006-12-27,171.7366230287
2006-12-28,173.570409511322
2006-12-29,173.737993188273
2007-01-02,173.927141179577
2007-01-03,171.709241551814
2007-01-04,170.603537507935
2007-01-05,165.48221516269
2007-01-08,166.272240485715
2007-01-09,167.673937033558
2007-01-10,167.26156624631
2007-01-11,167.229340462075
2007-01-12,170.861366903326
2007-01-16,170.457977422666
2007-01-17,172.170407139812
2007-01-18,170.709654743907
2007-01-19,173.129888632035
2007-01-22,172.47285650151
2007-01-23,175.772469150888
2007-01-24,176.333286358974
2007-01-25,176.292428543131
2007-01-26,175.59305671796
2007-01-29,175.14404043419
2007-01-30,175.488754170452
2007-01-31,177.586169694701
2007-02-01,178.688488538847
2007-02-02,175.580819832244
2007-02-05,176.914876845398
2007-02-06,177.614391953886
2007-02-07,177.055453894239
2007-02-08,178.621060601037
2007-02-09,181.239689334134
2007-02-12,180.036909967262
2007-02-13,180.483169185742
2007-02-14,181.411273733527
2007-02-15,181.302271563291
2007-02-16,181.585636568094
2007-02-20,178.408973966649
2007-02-21,184.680846282323
2007-02-22,184.463638583079
2007-02-23,185.468224192083
2007-02-26,186.338447184417
2007-02-27,185.465011002395
2007-02-28,181.462442342969
2007-03-01,179.658409394296
2007-03-02,174.049820075218
2007-03-05,172.865716585173
2007-03-06,174.60393169414
2007-03-07,176.411680900576
2007-03-08,177.170907316994
2007-03-09,176.340074274738
2007-03-12,175.98096634551
2007-03-13,175.754765078269
2007-03-14,173.808446541057
2007-03-15,175.173516860306
2007-03-16,176.857963941221
2007-03-19,177.002618433889
2007-03-20,178.331167972656
2007-03-21,178.580853690825
2007-03-22,179.557061495918
2007-03-23,177.893165586683
2007-03-26,179.787143674123
2007-03-27,179.37916422276
2007-03-28,180.468495782986
2007-03-29,179.068295477311
2007-03-30,179.560284494733
2007-04-02,180.242550954347
2007-04-03,179.847397636962
2007-04-04,182.11430996822
2007-04-05,182.49674259974
2007-04-09,182.03422510387
2007-04-10,183.292327946046
2007-04-11,183.19578511851
2007-04-12,182.723804968186
2007-04-13,185.408373104096
2007-04-16,186.829666886035
2007-04-17,186.443062923332
2007-04-18,186.430991391467
2007-04-19,184.986152201883
2007-04-20,187.101625277643
2007-04-23,186.846482882351
2007-04-24,185.184430738633
2007-04-25,184.992000893754
2007-04-26,182.679130000703
2007-04-27,183.593570434818
2007-04-30,183.696665408749
2007-05-01,182.050009039912
2007-05-02,181.483127339165
2007-05-03,184.047592175878
2007-05-04,185.505287977799
2007-05-07,185.721242911417
2007-05-08,184.710398378845
2007-05-09,183.356684576181
2007-05-10,179.269250854706
2007-05-11,180.345279487326
2007-05-14,179.883568792137
2007-05-15,181.153395292502
2007-05-16,177.666350198037
2007-05-17,176.332440672111
2007-05-18,177.57597170606
2007-05-21,177.981897896983
2007-05-22,176.742281755616
2007-05-23,177.458339255846
2007-05-24,175.047045686168
2007-05-25,175.619164059337
2007-05-29,176.106982095902
2007-05-30,174.938861527044
2007-05-31,177.089684243606
2007-06-01,179.794167709583
2007-06-04,179.723673018336
2007-06-05,179.278782173048
2007-06-06,179.020260533564
2007-06-07,176.860126153035
2007-06-08,173.106653262864
2007-06-11,175.695807321474
2007-06-12,173.649912484255
2007-06-13,173.308437511476
2007-06-14,174.066831553418
2007-06-15,174.832358932518
2007-06-18,175.29449142016
2007-06-19,176.314929629095
2007-06-20,175.087369955576
2007-06-21,173.653823873578
2007-06-22,174.565235389459
2007-06-25,173.852071581643
2007-06-26,171.317577130646
2007-06-27,171.255814664231
2007-06-28,172.735658073224
2007-06-29,172.861665065467
2007-07-02,174.906628035638
2007-07-03,173.695905027666
2007-07-05,172.589596671509
2007-07-06,173.802757948149
2007-07-09,175.891332996845
2007-07-10,175.948147109102
2007-07-11,174.947490055392
2007-07-12,176.713248491837
2007-07-13,176.567996343085
2007-07-16,176.297597252317
2007-07-17,176.089990586281
2007-07-18,178.277082549287
2007-07-19,179.425170779209
2007-07-20,181.368057523334
2007-07-23,180.35514606761
2007-07-24,181.267846783017
2007-07-25,178.250335162385
2007-07-26,175.586085231394
2007-07-27,174.79864005905
2007-07-30,176.047366426958
2007-07-31,176.91812086377
2007-08-01,175.984563492447
2007-08-02,176.29632556909
2007-08-03,178.227017466614
2007-08-06,177.867898326954
2007-08-07,177.847988602103
2007-08-08,179.040614471731
2007-08-09,175.287594903349
2007-08-10,177.855311115279
2007-08-13,177.907260951607
2007-08-14,177.453426284609
2007-08-15,177.734575828054
2007-08-16,172.676537064533
2007-08-17,174.783068070212
2007-08-20,174.557309264656
2007-08-21,174.614824028829
2007-08-22,175.530057600913
2007-08-23,175.061300449403
2007-08-24,177.10462564572
2007-08-27,176.599595744507
2007-08-28,175.859223871154
2007-08-29,176.210408127863
2007-08-30,175.761773699387
2007-08-31,177.887989520652
2007-09-04,180.518587140107
2007-09-05,180.335648326085
2007-09-06,183.710556883966
2007-09-07,185.064255622614
2007-09-10,185.305591671897
2007-09-11,187.700465463918
2007-09-12,187.588978781987
2007-09-13,186.678184540444
2007-09-14,186.84122098646
2007-09-17,188.649246249751
2007-09-18,188.649246249751
2007-09-19,190.030322261374
2007-09-20,192.793259014765
2007-09-21,192.248172843502
2007-09-24,192.586051720321
2007-09-25,192.55704122773
2007-09-26,191.739510062104
2007-09-27,192.885063683718
2007-09-28,195.322724536633
2007-10-01,196.479725058928
2007-10-02,191.904313902578
2007-10-03,191.772836570499
2007-10-04,194.007951215842
2007-10-05,194.928292540396
2007-10-08,192.631565368147
2007-10-09,194.186932747841
2007-10-10,194.834293079315
2007-10-11,197.557839181977
2007-10-12,196.992187125343
2007-10-15,199.666486156442
2007-10-16,199.374916868026
2007-10-17,199.453530013026
2007-10-18,201.057500915497
2007-10-19,200.958922694144
2007-10-22,198.833806896387
2007-10-23,199.516115745442
2007-10-24,199.940766158174
2007-10-25,201.119981550126
2007-10-26,205.635844300117
2007-10-29,206.640554625162
2007-10-30,205.287418860329
2007-10-31,207.302863365269
2007-11-01,206.671740641953
2007-11-02,210.437171908704
2007-11-05,211.021552391059
2007-11-06,214.337941099593
2007-11-07,216.666708383319
2007-11-08,217.123923695813
2007-11-09,216.15369980841
2007-11-12,209.235317402362
2007-11-13,207.602679326739
2007-11-14,211.475140428583
2007-11-15,204.34337272982
2007-11-16,204.36018312092
2007-11-19,202.086117483923
2007-11-20,205.578789864253
2007-11-21,207.078150282698
2007-11-23,213.594549416482
2007-11-26,214.043534170916
2007-11-27,210.579694667917
2007-11-28,207.278743423053
2007-11-29,205.673027897311
2007-11-30,202.72366868857
2007-12-03,204.428885544565
2007-12-04,207.687873344862
2007-12-05,206.557676261622
2007-12-06,208.082976215309
2007-12-07,206.02470611362
2007-12-10,209.275941200465
2007-12-11,209.794020743617
2007-12-12,210.151749089223
2007-12-13,206.224017060968
2007-12-14,204.850101711929
2007-12-17,205.47689720901
2007-12-18,207.748723212157
2007-12-19,207.032646443999
2007-12-20,206.317634666754
2007-12-21,209.405029309509
2007-12-24,209.222038647246
2007-12-26,212.535920423224
2007-12-27,212.424066249362
2007-12-28,214.838177140395
2007-12-31,213.635533699995
2008-01-02,218.981280459222
2008-01-03,220.748813646971
2008-01-04,219.91103504227
2008-01-07,218.910852329907
2008-01-08,223.452140336634
2008-01-09,223.8
2008-01-10,215.54
2008-01-11,218.27
2008-01-14,220.31
2008-01-15,223.96
2008-01-16,216.11
2008-01-17,216.65
2008-01-18,214.79
2008-01-21,214.27
2008-01-22,206.54
2008-01-23,212.62
2008-01-24,216.73
2008-01-25,219.81
2008-01-28,220.37
2008-01-29,222.61
2008-01-30,220.16
2008-01-31,219.46
2008-02-01,218.83
2008-02-04,215.75
2008-02-05,215.49
2008-02-13,213.95
2008-02-14,216.29
2008-02-15,216.47
2008-02-18,215.64
2008-02-19,218.43
2008-02-20,219.88
2008-02-21,223.63
2008-02-22,222.53
2008-02-25,225.78
2008-02-26,219.55
2008-02-27,224.7
2008-02-28,223.65
2008-02-29,225.5
2008-03-03,228.53
2008-03-04,227.21
2008-03-05,224.76
2008-03-06,227.94
2008-03-07,227.55
2008-03-10,225.16
2008-03-11,224.45
2008-03-12,224.2
2008-03-13,226.29
2008-03-14,227.76
2008-03-17,232.41
2008-03-18,227.36
2008-03-19,226
2008-03-20,214.38
2008-03-21,209.93
2008-03-24,206.85
2008-03-25,210.33
2008-03-26,211.82
2008-03-27,213.39
2008-03-28,211.85
2008-03-31,209.01
2008-04-01,203.01
2008-04-02,198.93
2008-04-03,202.27
2008-04-07,205.09
2008-04-08,204.73
2008-04-09,203.21
2008-04-10,207.13
2008-04-11,204.21
2008-04-14,204.95
2008-04-15,207.73
2008-04-16,206.41
2008-04-17,210.01
2008-04-18,209.58
2008-04-21,203.69
2008-04-22,203.01
2008-04-23,203.86
2008-04-24,201.92
2008-04-25,198.76
2008-04-28,200.3
2008-04-29,198.99
2008-04-30,196.36
2008-05-05,194.75
2008-05-06,196.02
2008-05-07,195.03
2008-05-08,194.09
2008-05-09,197.48
2008-05-12,197.36
2008-05-13,196.58
2008-05-14,194.6
2008-05-15,195.23
2008-05-16,197.8
2008-05-19,203.33
2008-05-20,203.22
2008-05-21,204.62
2008-05-22,207.89
2008-05-23,204.59
2008-05-26,207.06
2008-05-27,206.74
2008-05-28,203.31
2008-05-29,200.3
2008-05-30,194.99
2008-06-02,196.33
2008-06-03,199.8
2008-06-04,196.13
2008-06-05,196.62
2008-06-06,197.2
2008-06-10,198.35
2008-06-11,195.56
2008-06-12,194.15
2008-06-13,194.7
2008-06-16,193.89
2008-06-17,197.55
2008-06-18,196.81
2008-06-19,198.28
2008-06-20,199.86
2008-06-23,200.95
2008-06-24,196.61
2008-06-25,196.93
2008-06-26,197.26
2008-06-27,202.53
2008-06-30,205.66
2008-07-01,205.51
2008-07-02,208.02
2008-07-03,208.28
2008-07-04,206.3
2008-07-07,203.64
2008-07-08,205.73
2008-07-09,204.2
2008-07-10,205.58
2008-07-11,208.39
2008-07-14,212.17
2008-07-15,213.91
2008-07-16,211.62
2008-07-17,211.02
2008-07-18,211.35
2008-07-21,211.93
2008-07-22,214.15
2008-07-23,206.62
2008-07-24,203.38
2008-07-25,205.23
2008-07-28,204.36
2008-07-29,204.65
2008-07-30,202.09
2008-07-31,202.88
2008-08-01,201.57
2008-08-04,203.39
2008-08-05,196.54
2008-08-06,196.97
2008-08-07,197.43
2008-08-08,194.13
2008-08-11,191.52
2008-08-12,182.86
2008-08-13,184.47
2008-08-14,186.03
2008-08-15,176.19
2008-08-18,181.48
2008-08-19,176.44
2008-08-20,182.31
2008-08-21,184.38
2008-08-22,186.57
2008-08-25,182.81
2008-08-26,182.27
2008-08-27,184.85
2008-08-28,185.57
2008-08-29,185.44
2008-09-01,184.92
2008-09-02,179.54
2008-09-03,178.79
2008-09-04,180.33
2008-09-05,178.02
2008-09-08,181.27
2008-09-09,178.6
2008-09-10,173.32
2008-09-11,168.89
2008-09-12,170.07
2008-09-16,172.94
2008-09-17,174.64
2008-09-18,182.98
2008-09-19,187.28
2008-09-22,191.85
2008-09-23,195.92
2008-09-24,196.39
2008-09-25,197.24
2008-09-26,193.82
2008-10-06,184.4
2008-10-07,192.13
2008-10-08,199.18
2008-10-09,194.69
2008-10-10,202.72
2008-10-13,191.58
2008-10-14,186.71
2008-10-15,186.74
2008-10-16,179.1
2008-10-17,176.74
2008-10-20,177.44
2008-10-21,172.86
2008-10-22,165.64
2008-10-23,159.83
2008-10-24,149.15
2008-10-27,156.55
2008-10-28,164.2
2008-10-29,163.95
2008-10-30,168.49
2008-10-31,159.12
2008-11-03,160.93
2008-11-04,158.73
2008-11-05,164.23
2008-11-06,159.92
2008-11-07,159.94
2008-11-10,163.45
2008-11-11,160.24
2008-11-12,160.41
2008-11-13,153.5
2008-11-14,158.37
2008-11-17,161.02
2008-11-18,159.91
2008-11-19,161.12
2008-11-20,161.61
2008-11-21,164.96
2008-11-24,171.65
2008-11-25,177.73
2008-11-26,177.38
2008-11-27,177.55
2008-11-28,177.83
2008-12-01,177.28
2008-12-02,168.12
2008-12-03,170.26
2008-12-04,167.97
2008-12-05,168.79
2008-12-08,170.34
2008-12-09,170.52
2008-12-10,173.14
2008-12-11,180.83
2008-12-12,178.09
2008-12-15,183.71
2008-12-16,183.11
2008-12-17,184.31
2008-12-18,186.68
2008-12-19,184.97
2008-12-22,184.3
2008-12-23,185.18
2008-12-24,184.23
2008-12-25,185.85
2008-12-26,185.43
2008-12-29,193.87
2008-12-30,190.91
2008-12-31,189.22
2009-01-05,190.25
2009-01-06,184.62
2009-01-07,187.68
2009-01-08,184.81
2009-01-09,186.99
2009-01-12,185.86
2009-01-13,179.25
2009-01-14,180.92
2009-01-15,177.52
2009-01-16,180.43
2009-01-19,184.11
2009-01-20,181.65
2009-01-21,186.46
2009-01-22,186.66
2009-01-23,187.53
2009-02-02,198.48
2009-02-03,197.32
2009-02-04,196.86
2009-02-05,198.74
2009-02-06,200.32
2009-02-09,198.34
2009-02-10,196.02
2009-02-11,199.59
2009-02-12,205.52
2009-02-13,206.06
2009-02-16,205.5
2009-02-17,210.83
2009-02-18,213.58
2009-02-19,214.01
2009-02-20,214.39
2009-02-23,216.48
2009-02-24,216.79
2009-02-25,209.64
2009-02-26,208.23
2009-02-27,206.49
2009-03-02,209.32
2009-03-03,203.98
2009-03-04,201.47
2009-03-05,202.52
2009-03-06,207.73
2009-03-09,206.08
2009-03-10,201.59
2009-03-11,198.47
2009-03-12,201.81
2009-03-13,202.77
2009-03-16,203.64
2009-03-17,202.02
2009-03-18,200.63
2009-03-19,205.26
2009-03-20,210.45
2009-03-23,211.47
2009-03-24,207.02
2009-03-25,204.44
2009-03-26,206.38
2009-03-27,205.57
2009-03-30,204.13
2009-03-31,202.5
2009-04-01,202.13
2009-04-02,202.78
2009-04-03,198.89
2009-04-07,193.48
2009-04-08,195.48
2009-04-09,193.75
2009-04-10,194.57
2009-04-13,195.85
2009-04-14,197.98
2009-04-15,196.45
2009-04-16,196.82
2009-04-17,192.42
2009-04-20,191.33
2009-04-21,196.6
2009-04-22,195.29
2009-04-23,196.63
2009-04-24,201.13
2009-04-27,201.34
2009-04-28,197.48
2009-04-29,197.27
2009-04-30,198.19
2009-05-04,197.34
2009-05-05,199.22
2009-05-06,198.97
2009-05-07,201.28
2009-05-08,201.72
2009-05-11,201.82
2009-05-12,200.71
2009-05-13,203.95
2009-05-14,202.7
2009-05-15,203.22
2009-05-18,204.52
2009-05-19,202.43
2009-05-20,203.72
2009-05-21,206.85
2009-05-22,208.38
2009-05-25,208.82
2009-05-26,208.04
2009-05-27,208
2009-06-01,215.03
2009-06-02,212.16
2009-06-03,216.19
2009-06-04,211.97
2009-06-05,214.33
2009-06-08,209.44
2009-06-09,209.14
2009-06-10,209.86
2009-06-11,209.5
2009-06-12,208.95
2009-06-15,204.91
2009-06-16,205.37
2009-06-17,206.32
2009-06-18,206.45
2009-06-19,205.08
2009-06-22,205.03
2009-06-23,201.63
2009-06-24,203.93
2009-06-25,205.51
2009-06-26,207.13
2009-06-29,205.94
2009-06-30,207.39
2009-07-01,204.47
2009-07-02,206.08
2009-07-03,205.17
2009-07-06,203.45
2009-07-07,203.19
2009-07-08,202.88
2009-07-09,201.07
2009-07-10,200.58
2009-07-13,200.12
2009-07-14,202.36
2009-07-15,204.11
2009-07-16,205.33
2009-07-17,205.35
2009-07-20,207.55
2009-07-21,207.78
2009-07-22,207.94
2009-07-23,209.18
2009-07-24,208.05
2009-07-27,210.09
2009-07-28,209.59
2009-07-29,204.91
2009-07-30,204.51
2009-07-31,205.95
2009-08-03,209.43
2009-08-04,209.68
2009-08-05,211.39
2009-08-06,211.56
2009-08-07,210.55
2009-08-10,209.78
2009-08-11,208.36
2009-08-12,207.17
2009-08-13,209.6
2009-08-14,209.93
2009-08-17,207.2
2009-08-18,206.52
2009-08-19,205.56
2009-08-20,207.55
2009-08-21,206.56
2009-08-24,209.78
2009-08-25,207.7
2009-08-26,208.27
2009-08-27,208.01
2009-08-28,208.81
2009-08-31,209.29
2009-09-01,209.72
2009-09-02,210.01
2009-09-03,215.57
2009-09-04,217.4
2009-09-07,218.9
2009-09-08,222.79
2009-09-09,220.55
2009-09-10,219.38
2009-09-11,220.24
2009-09-14,219.52
2009-09-15,219.26
2009-09-16,225.25
2009-09-17,225.95
2009-09-18,223.06
2009-09-21,220.94
2009-09-22,223.23
2009-09-23,223.14
2009-09-24,223.49
2009-09-25,218.82
2009-09-28,216.77
2009-09-29,217.81
2009-09-30,218.9
2009-10-09,229.35
2009-10-12,230.35
2009-10-13,231.22
2009-10-14,233.42
2009-10-15,231.49
2009-10-16,230.02
2009-10-19,231.47
2009-10-20,234.2
2009-10-21,231.91
2009-10-22,231.56
2009-10-23,232.91
2009-10-26,231.77
2009-10-27,229.22
2009-10-28,228.87
2009-10-29,227.44
2009-10-30,230.54
2009-11-02,230.6
2009-11-03,233.79
2009-11-04,237.97
2009-11-05,238.03
2009-11-06,239.15
2009-11-09,242.08
2009-11-10,240.75
2009-11-11,242.53
2009-11-12,245.49
2009-11-13,242.88
2009-11-16,247.36
2009-11-17,248.51
2009-11-18,249.52
2009-11-19,250.28
2009-11-20,250.94
2009-11-23,255.42
2009-11-24,255.06
2009-11-25,259.29
2009-11-26,261.93
2009-11-27,257.04
2009-11-30,258.26
2009-12-01,259.36
2009-12-02,267.49
2009-12-03,267.55
2009-12-04,265.78
2009-12-07,254.81
2009-12-08,255.88
2009-12-09,248.83
2009-12-10,249.28
2009-12-11,250.71
2009-12-14,249.7
2009-12-15,248.37
2009-12-16,252.36
2009-12-17,249.74
2009-12-18,245.4
2009-12-21,246.8
2009-12-22,242.41
2009-12-23,241.3
2009-12-24,245.62
2009-12-25,246.35
2009-12-28,247.99
2009-12-29,246.4
2009-12-30,243.4
2009-12-31,247.51
2010-01-04,245.97
2010-01-05,253.23
2010-01-06,251.11
2010-01-07,252.36
2010-01-08,249.56
2010-01-11,256.85
2010-01-12,257.14
2010-01-13,250.71
2010-01-14,252.97
2010-01-15,252.21
2010-01-18,251.81
2010-01-19,252.4
2010-01-20,251.39
2010-01-21,248.3
2010-01-22,243.34
2010-01-25,245.38
2010-01-26,243.12
2010-01-27,243.83
2010-01-28,241.45
2010-01-29,239.38
2010-02-01,239.57
2010-02-02,244.74
2010-02-03,247.24
2010-02-04,245.12
2010-02-05,235.78
2010-02-08,236.88
2010-02-09,238.46
2010-02-10,239.85
2010-02-11,240.34
2010-02-12,242.23
2010-02-22,248.35
2010-02-23,247.22
2010-02-24,245.06
2010-02-25,242.29
2010-02-26,246.41
2010-03-01,247.8
2010-03-02,247.4
2010-03-03,251.9
2010-03-04,251.06
2010-03-05,251.29
2010-03-08,252.02
2010-03-09,248.39
2010-03-10,249.46
2010-03-11,245.95
2010-03-12,246.84
2010-03-15,245.02
2010-03-16,246.36
2010-03-17,250.13
2010-03-18,248.54
2010-03-19,248.72
2010-03-22,245
2010-03-23,244.52
2010-03-24,243.91
2010-03-25,241.82
2010-03-26,243.87
2010-03-29,246.03
2010-03-30,246.45
2010-03-31,245.24
2010-04-01,245.91
2010-04-02,248.03
2010-04-06,248.76
2010-04-07,250.7
2010-04-08,251.98
2010-04-09,254.26
2010-04-12,255.92
2010-04-13,253.92
2010-04-14,254.25
2010-04-15,253.85
2010-04-16,254.01
2010-04-19,249.51
2010-04-20,250.96
2010-04-21,252.37
2010-04-22,252.38
2010-04-23,251.12
2010-04-26,255.23
2010-04-27,254.22
2010-04-28,256.57
2010-04-29,256.88
2010-04-30,258.4
2010-05-04,258.45
2010-05-05,257.16
2010-05-06,258.02
2010-05-07,264.36
2010-05-10,262.58
2010-05-11,265.41
2010-05-12,270
2010-05-13,270.97
2010-05-14,271.13
2010-05-17,271.75
2010-05-18,267.58
2010-05-19,266.18
2010-05-20,261.21
2010-05-21,259.65
2010-05-24,262.18
2010-05-25,262.12
2010-05-26,265.77
2010-05-27,266.67
2010-05-28,267.63
2010-05-31,266.54
2010-06-01,268.53
2010-06-02,268.66
2010-06-03,269.12
2010-06-04,264.81
2010-06-07,267.74
2010-06-08,272.87
2010-06-09,271.33
2010-06-10,270.18
2010-06-11,268.37
2010-06-17,271.1
2010-06-18,273.92
2010-06-21,276.97
2010-06-22,271.24
2010-06-23,272.08
2010-06-24,270.75
2010-06-25,272.95
2010-06-28,274.91
2010-06-29,270.61
2010-06-30,272.04
2010-07-01,270.8
2010-07-02,263.13
2010-07-05,264.27
2010-07-06,263.02
2010-07-07,259.42
2010-07-08,263.18
2010-07-09,261.37
2010-07-12,263.31
2010-07-13,261.22
2010-07-14,264.61
2010-07-15,263.76
2010-07-16,263.03
2010-07-19,260.32
2010-07-20,258.87
2010-07-21,259.77
2010-07-22,258.75
2010-07-23,261.47
2010-07-26,261.13
2010-07-27,259.48
2010-07-28,255.2
2010-07-29,256.19
2010-07-30,255.96
2010-08-02,259.27
2010-08-03,258.97
2010-08-04,261.58
2010-08-05,261.42
2010-08-06,262.91
2010-08-09,264.64
2010-08-10,262.02
2010-08-11,262.44
2010-08-12,262.91
2010-08-13,266.74
2010-08-16,267.48
2010-08-17,267.8
2010-08-18,267.55
2010-08-19,268.99
2010-08-20,268.78
2010-08-23,268.61
2010-08-24,266.87
2010-08-25,269.79
2010-08-26,271.11
2010-08-27,270.22
2010-08-30,270.4
2010-08-31,270.27
2010-09-01,274.1
2010-09-02,273.11
2010-09-03,273.72
2010-09-06,273.25
2010-09-07,273.15
2010-09-08,275.33
2010-09-09,273.83
2010-09-10,272.02
2010-09-13,272.09
2010-09-14,272.61
2010-09-15,276.56
2010-09-16,275.94
2010-09-17,278.24
2010-09-20,279.19
2010-09-21,277.39
2010-09-27,281.14
2010-09-28,279.41
2010-09-29,283.2
2010-09-30,284.11
2010-10-08,285.7
2010-10-11,290.88
2010-10-12,289.99
2010-10-13,292.53
2010-10-14,297.61
2010-10-15,297.25
2010-10-18,292.5
2010-10-19,293.31
2010-10-20,287.56
2010-10-21,287.8
2010-10-22,285.3
2010-10-25,291.31
2010-10-26,288.91
2010-10-27,287.48
2010-10-28,287.33
2010-10-29,289.81
2010-11-01,294.99
2010-11-02,293.99
2010-11-03,292.19
2010-11-04,293.48
2010-11-05,301.05
2010-11-08,301.43
2010-11-09,310.97
2010-11-10,305.58
2010-11-11,307.01
2010-11-12,300.86
2010-11-15,295.85
2010-11-16,294.46
2010-11-17,288.33
2010-11-18,292.9
2010-11-19,293.93
2010-11-22,294.28
2010-11-23,294.91
2010-11-24,298.59
2010-11-25,297.38
2010-11-26,295.16
2010-11-29,294.75
2010-11-30,296.25
2010-12-01,303.91
2010-12-02,304.91
2010-12-03,303.6
2010-12-06,308.46
2010-12-07,309.76
2010-12-08,301.22
2010-12-09,300.3
2010-12-10,301.34
2010-12-13,302.31
2010-12-14,305.9
2010-12-15,301.08
2010-12-16,300.23
2010-12-17,299.53
2010-12-20,302.35
2010-12-21,302.37
2010-12-22,302.32
2010-12-23,301.99
2010-12-24,301.49
2010-12-27,301.59
2010-12-28,303.71
2010-12-29,307.07
2010-12-30,308.34
2010-12-31,309.07
2011-01-04,307.8
2011-01-05,299.95
2011-01-06,298.91
2011-01-07,297.02
2011-01-10,299.22
2011-01-11,299.66
2011-01-12,301.06
2011-01-13,299.86
2011-01-14,297.42
2011-01-17,292.79
2011-01-18,294.35
2011-01-19,295.87
2011-01-20,293.32
2011-01-21,290.21
2011-01-24,291.61
2011-01-25,287.75
2011-01-26,288.96
2011-01-27,290.42
2011-01-28,284.73
2011-01-31,288.35
2011-02-01,289.62
2011-02-09,292.97
2011-02-10,292.73
2011-02-11,293.35
2011-02-14,293.02
2011-02-15,293.62
2011-02-16,295.9
2011-02-17,296.08
2011-02-18,297.45
2011-02-21,299.3
2011-02-22,299.55
2011-02-23,299.74
2011-02-24,301.24
2011-02-25,299.33
2011-02-28,301.32
2011-03-01,302.04
2011-03-02,303.65
2011-03-03,301.68
2011-03-04,300.04
2011-03-07,304.41
2011-03-08,302
2011-03-09,301.89
2011-03-10,303.26
2011-03-11,299.21
2011-03-14,301.33
2011-03-15,299.49
2011-03-16,297
2011-03-17,295.88
2011-03-18,299.17
2011-03-21,303.24
2011-03-22,302.45
2011-03-23,302.62
2011-03-24,303.54
2011-03-25,303.48
2011-03-28,300.18
2011-03-29,300.05
2011-03-30,300.58
2011-03-31,301.43
2011-04-01,302.14
2011-04-06,306.91
2011-04-07,306.15
2011-04-08,308.92
2011-04-11,308.64
2011-04-12,306.7
2011-04-13,307.99
2011-04-14,308.34
2011-04-15,309.5
2011-04-18,311.27
2011-04-19,310.63
2011-04-20,313.71
2011-04-21,314.56
2011-04-22,315.14
2011-04-25,316.39
2011-04-26,312.57
2011-04-27,313.32
2011-04-28,318.29
2011-04-29,317.69
2011-05-03,317.59
2011-05-04,314.65
2011-05-05,313.61
2011-05-06,309.78
2011-05-09,311.29
2011-05-10,312.45
2011-05-11,315.01
2011-05-12,310.35
2011-05-13,314.43
2011-05-16,311.09
2011-05-17,311.77
2011-05-18,310.99
2011-05-19,312.49
2011-05-20,313.32
2011-05-23,314.22
2011-05-24,317.12
2011-05-25,317.31
2011-05-26,317.97
2011-05-27,317.59
2011-05-30,319.5
2011-05-31,320.11
2011-06-01,317.54
2011-06-02,320.39
2011-06-03,319.51
2011-06-07,321.26
2011-06-08,320.02
2011-06-09,318.97
2011-06-10,320.53
2011-06-13,318.48
2011-06-14,317.06
2011-06-15,317.2
2011-06-16,318.15
2011-06-17,317.66
2011-06-20,320.27
2011-06-21,321.31
2011-06-22,321.2
2011-06-23,321.07
2011-06-24,316.83
2011-06-27,311.53
2011-06-28,312.17
2011-06-29,313.58
2011-06-30,314.18
2011-07-01,311.8
2011-07-04,311.95
2011-07-05,311.24
2011-07-06,316.55
2011-07-07,319.55
2011-07-08,319.19
2011-07-11,321.86
2011-07-12,322.07
2011-07-13,326.65
2011-07-14,329.66
2011-07-15,328.11
2011-07-18,332.47
2011-07-19,334.11
2011-07-20,330.59
2011-07-21,333.45
2011-07-22,330.19
2011-07-25,336.1
2011-07-26,335.41
2011-07-27,336.63
2011-07-28,335.2
2011-07-29,334.45
2011-08-01,333.52
2011-08-02,335.58
2011-08-03,345.29
2011-08-04,345.61
2011-08-05,344.08
2011-08-08,354.47
2011-08-09,362.45
2011-08-10,361.78
2011-08-11,367.44
2011-08-12,363
2011-08-15,360.29
2011-08-16,366.46
2011-08-17,369.32
2011-08-18,370.38
2011-08-19,383.78
2011-08-22,392.37
2011-08-23,391.69
2011-08-24,380.92
2011-08-25,363.53
2011-08-26,367.82
2011-08-29,376.79
2011-08-30,372.32
2011-08-31,380.2
2011-09-01,376.37
2011-09-02,381.26
2011-09-05,390.61
2011-09-06,395.25
2011-09-07,378.72
2011-09-08,382.02
2011-09-09,388.33
2011-09-13,378.63
2011-09-14,378.39
2011-09-15,375.61
2011-09-16,366.01
2011-09-19,378.11
2011-09-20,368.96
2011-09-21,375.3
2011-09-22,367.22
2011-09-23,361.37
2011-09-26,342.1
2011-09-27,341.55
2011-09-28,341.43
2011-09-29,335.32
2011-09-30,338.6
2011-10-10,341.8
2011-10-11,346.02
2011-10-12,346.89
2011-10-13,346.48
2011-10-14,346.14
2011-10-17,347.41
2011-10-18,343.21
2011-10-19,340.59
2011-10-20,333.5
2011-10-21,335.55
2011-10-24,341.81
2011-10-25,341.2
2011-10-26,354.25
2011-10-27,355.29
2011-10-28,357.97
2011-10-31,352.58
2011-11-01,352.66
2011-11-02,355.86
2011-11-03,356.01
2011-11-04,362.02
2011-11-07,364.56
2011-11-08,368.13
2011-11-09,366.98
2011-11-10,360.16
2011-11-11,362.88
2011-11-14,367.33
2011-11-15,363.53
2011-11-16,362.81
2011-11-17,362.86
2011-11-18,353.62
2011-11-21,353.75
2011-11-22,346.66
2011-11-23,351.08
2011-11-24,348.85
2011-11-25,346.56
2011-11-28,351.33
2011-11-29,352.68
2011-11-30,353.28
2011-12-01,359.03
2011-12-02,359.09
2011-12-05,358.99
2011-12-06,352.78
2011-12-07,356.25
2011-12-08,357.88
2011-12-09,351.37
2011-12-12,346.99
2011-12-13,339.69
2011-12-14,337.55
2011-12-15,322.36
2011-12-16,328.71
2011-12-19,328.39
2011-12-20,329.7
2011-12-21,334.47
2011-12-22,331.5
2011-12-23,330.93
2011-12-26,327.33
2011-12-27,326.22
2011-12-28,324.18
2011-12-29,316.01
2011-12-30,319.47
2012-01-04,327.31
2012-01-05,331.95
2012-01-06,333.44
2012-01-09,330.34
2012-01-10,332.25
2012-01-11,336.26
2012-01-12,337.07
2012-01-13,336.74
2012-01-16,335.23
2012-01-17,339.84
2012-01-18,338.72
2012-01-19,340.75
2012-01-20,339.7
2012-01-30,353.35
2012-01-31,355.1
2012-02-01,354.14
2012-02-02,356.9
2012-02-03,358.62
2012-02-06,353.38
2012-02-07,352.69
2012-02-08,357.79
2012-02-09,355.19
2012-02-10,353.25
2012-02-13,352.68
2012-02-14,350.45
2012-02-15,352.26
2012-02-16,350.86
2012-02-17,353.42
2012-02-20,353.83
2012-02-21,355.68
2012-02-22,358.31
2012-02-23,362.54
2012-02-24,362.28
2012-02-27,360.96
2012-02-28,361.91
2012-02-29,364.78
2012-03-01,349.9
2012-03-02,350.53
2012-03-05,348.88
2012-03-06,346.83
2012-03-07,341.34
2012-03-08,344.67
2012-03-09,347.78
2012-03-12,347.98
2012-03-13,347.62
2012-03-14,341.42
2012-03-15,337.43
2012-03-16,340.8
2012-03-19,340.99
2012-03-20,338.59
2012-03-21,338.65
2012-03-22,338.06
2012-03-23,337.23
2012-03-26,340.77
2012-03-27,345.84
2012-03-28,342.43
2012-03-29,340.03
2012-03-30,340.34
2012-04-05,333.18
2012-04-06,334.47
2012-04-09,336.49
2012-04-10,337.66
2012-04-11,340.02
2012-04-12,339.32
2012-04-13,342.54
2012-04-16,335.75
2012-04-17,336.2
2012-04-18,338.3
2012-04-19,335.84
2012-04-20,336.22
2012-04-23,335.87
2012-04-24,335.02
2012-04-25,336.17
2012-04-26,337.93
2012-04-27,338.15
2012-05-02,338.11
2012-05-03,335.87
2012-05-04,334.52
2012-05-07,335.26
2012-05-08,333.58
2012-05-09,325.91
2012-05-10,326.41
2012-05-11,324.17
2012-05-14,322.89
2012-05-15,318.91
2012-05-16,313.96
2012-05-17,318.32
2012-05-18,323.18
2012-05-21,327.52
2012-05-22,325.25
2012-05-23,320.01
2012-05-24,321.39
2012-05-25,321.73
2012-05-28,326.28
2012-05-29,325.48
2012-05-30,319.85
2012-05-31,322.94
2012-06-01,322.61
2012-06-04,335.66
2012-06-05,334.35
2012-06-06,336.34
2012-06-07,334.68
2012-06-08,324.92
2012-06-11,329.84
2012-06-12,328.33
2012-06-13,332.59
2012-06-14,333.6
2012-06-15,335.24
2012-06-18,333.5
2012-06-19,335.5
2012-06-20,333.49
2012-06-21,330.14
2012-06-25,325.12
2012-06-26,326.9
2012-06-27,324.34
2012-06-28,325.39
2012-06-29,324.51
2012-07-02,328.1
2012-07-03,331.72
2012-07-04,333.29
2012-07-05,333.79
2012-07-06,330.59
2012-07-09,326.9
2012-07-10,327.29
2012-07-11,326.1
2012-07-12,324.7
2012-07-13,326.44
2012-07-16,328.82
2012-07-17,329.64
2012-07-18,327.13
2012-07-19,326.95
2012-07-20,327.5
2012-07-23,326.14
2012-07-24,326.5
2012-07-25,327.49
2012-07-26,332.87
2012-07-27,335.29
2012-07-30,334.45
2012-07-31,335.58
2012-08-01,334.12
2012-08-02,331.48
2012-08-03,329.85
2012-08-06,332.9
2012-08-07,333.68
2012-08-08,332.55
2012-08-09,334.81
2012-08-10,334
2012-08-13,336.01
2012-08-14,334.03
2012-08-15,331.15
2012-08-16,331.71
2012-08-17,335.28
2012-08-20,335.12
2012-08-21,336.29
2012-08-22,339.52
2012-08-23,345.98
2012-08-24,344.78
2012-08-27,346.61
2012-08-28,343.85
2012-08-29,345.5
2012-08-30,343.38
2012-08-31,343.38
2012-09-03,349.7
2012-09-04,350.32
2012-09-05,350.15
2012-09-06,352.63
2012-09-07,349.63
2012-09-10,358.2
2012-09-11,357.77
2012-09-12,357.89
2012-09-13,356.12
2012-09-14,365.24
2012-09-17,364.49
2012-09-18,361.98
2012-09-19,365.64
2012-09-20,362.17
2012-09-21,364.02
2012-09-24,360.58
2012-09-25,361.35
2012-09-26,361.38
2012-09-27,360.69
2012-09-28,365.95
2012-10-08,361.82
2012-10-09,362.43
2012-10-10,360.33
2012-10-11,360.4
2012-10-12,360.8
2012-10-15,355.21
2012-10-16,354.75
2012-10-17,356.18
2012-10-18,355.83
2012-10-19,352.83
2012-10-22,351.33
2012-10-23,350.9
2012-10-24,348.71
2012-10-25,349.33
2012-10-26,346.71
2012-10-29,348.99
2012-10-30,348.4
2012-10-31,348.68
2012-11-01,350.53
2012-11-02,346.87
2012-11-05,341.09
2012-11-06,342.96
2012-11-07,350.83
2012-11-08,349.57
2012-11-09,353.38
2012-11-12,352.53
2012-11-13,350.35
2012-11-14,351.4
2012-11-15,350.4
2012-11-16,348.23
2012-11-19,350.67
2012-11-20,352.58
2012-11-21,350.88
2012-11-22,351.97
2012-11-23,352.8
2012-11-26,356.15
2012-11-27,355.96
2012-11-28,353.7
2012-11-29,349.47
2012-11-30,351.9
2012-12-03,348.96
2012-12-04,345.26
2012-12-05,346.13
2012-12-06,343.35
2012-12-07,346.02
2012-12-10,346.97
2012-12-11,347.44
2012-12-12,348.15
2012-12-13,344.77
2012-12-14,345.21
2012-12-17,343.68
2012-12-18,347.35
2012-12-19,341.82
2012-12-20,340.73
2012-12-21,335.89
2012-12-24,338.79
2012-12-25,337.22
2012-12-26,337.36
2012-12-27,337.93
2012-12-28,339.17
2012-12-31,340.24
2013-01-04,336.8
2013-01-07,338.51
2013-01-08,336.5
2013-01-09,339.28
2013-01-10,338.65
2013-01-11,341.36
2013-01-14,340.31
2013-01-15,340.87
2013-01-16,343.5
2013-01-17,342.48
2013-01-18,344.27
2013-01-21,344.07
2013-01-22,345.5
2013-01-23,344.81
2013-01-24,341.74
2013-01-25,340.11
2013-01-28,338.48
2013-01-29,339.08
2013-01-30,339.51
2013-01-31,341.32
2013-02-01,338.68
2013-02-04,340.17
2013-02-05,341.86
2013-02-06,340.85
2013-02-07,341.76
2013-02-08,341.13
2013-02-18,329.82
2013-02-19,329.78
2013-02-20,329.03
2013-02-21,320.92
2013-02-22,324.38
2013-02-25,324.11
2013-02-26,324.65
2013-02-27,328.17
2013-02-28,326.44
2013-03-01,323.13
2013-03-04,322.62
2013-03-05,323.53
2013-03-06,322.41
2013-03-07,323.13
2013-03-08,321.39
2013-03-11,322.82
2013-03-12,322.21
2013-03-13,324.4
2013-03-14,323.06
2013-03-15,324.3
2013-03-18,324.29
2013-03-19,325.85
2013-03-20,327.04
2013-03-21,326.24
2013-03-22,326.53
2013-03-25,325.82
2013-03-26,324.83
2013-03-27,323.17
2013-03-28,325.35
2013-03-29,323.7
2013-04-01,323.25
2013-04-02,324.09
2013-04-03,316.63
2013-04-08,319.77
2013-04-09,319.33
2013-04-10,320.74
2013-04-11,314.91
2013-04-12,315.11
2013-04-15,299.53
2013-04-16,276.83
2013-04-17,275.83
2013-04-18,276.83
2013-04-19,283.28
2013-04-22,284.26
2013-04-23,282.42
2013-04-24,285.87
2013-04-25,289.86
2013-04-26,295.75
2013-05-02,290.8
2013-05-03,295.25
2013-05-06,294.01
2013-05-07,289.97
2013-05-08,290.36
2013-05-09,292.84
2013-05-10,291.63
2013-05-13,285.52
2013-05-14,286.44
2013-05-15,281.92
2013-05-16,278.3
2013-05-17,275.33
2013-05-20,269.74
2013-05-21,279.67
2013-05-22,279.02
2013-05-23,276.41
2013-05-24,278.44
2013-05-27,279.36
2013-05-28,278.49
2013-05-29,277.49
2013-05-30,281.89
2013-05-31,283.58
2013-06-03,279.52
2013-06-04,281.25
2013-06-05,280.61
2013-06-06,278.98
2013-06-07,281.78
2013-06-13,278.28
2013-06-14,277.13
2013-06-17,277.57
2013-06-18,275.97
2013-06-19,274.49
2013-06-20,266.96
2013-06-21,261.3
2013-06-24,256.91
2013-06-25,257.9
2013-06-26,251.05
2013-06-27,250.5
2013-06-28,243.8
2013-07-01,252.4
2013-07-02,254.8
2013-07-03,252.35
2013-07-04,253.45
2013-07-05,251.3
2013-07-08,245.95
2013-07-09,253.35
2013-07-10,251.75
2013-07-11,259.6
2013-07-12,257.1
2013-07-15,259.15
2013-07-16,258.45
2013-07-17,259.35
2013-07-18,256.6
2013-07-19,258.55
2013-07-22,264.25
2013-07-23,266.2
2013-07-24,267.75
2013-07-25,264.05
2013-07-26,265.9
2013-07-29,263.3
2013-07-30,263.5
2013-07-31,265.9
2013-08-01,263.5
2013-08-02,257.1
2013-08-05,262.45
2013-08-06,258.45
2013-08-07,256.1
2013-08-08,258.1
2013-08-09,261.55
2013-08-12,266.05
2013-08-13,267.65
2013-08-14,263.8
2013-08-15,268.05
2013-08-16,271.95
2013-08-19,274.55
2013-08-20,271.2
2013-08-21,273.2
2013-08-22,272.35
2013-08-23,274.7
2013-08-26,278.55
2013-08-27,279.25
2013-08-28,284.25
2013-08-29,281
2013-08-30,280.15
2013-09-02,278.55
2013-09-03,277.6
2013-09-04,280.5
2013-09-05,276.5
2013-09-06,273.8
2013-09-09,276.8
2013-09-10,275.05
2013-09-11,272.95
2013-09-12,268.6
2013-09-13,262.75
2013-09-16,264.05
2013-09-17,262.35
2013-09-18,260.4
2013-09-23,264.35
2013-09-24,263.95
2013-09-25,264.5
2013-09-26,265.5
2013-09-27,264.25
2013-09-30,267.45
2013-10-08,265
2013-10-09,263.45
2013-10-10,260.8
2013-10-11,257.9
2013-10-14,255.4
2013-10-15,254.4
2013-10-16,257.4
2013-10-17,254.95
2013-10-18,263.4
2013-10-21,263.25
2013-10-22,262.35
2013-10-23,265.35
2013-10-24,265.9
2013-10-25,264.85
2013-10-28,266.3
2013-10-29,266.7
2013-10-30,265.9
2013-10-31,264.25
2013-11-01,262.85
2013-11-04,260.95
2013-11-05,261.1
2013-11-06,260.6
2013-11-07,261.8
2013-11-08,259.9
2013-11-11,255.6
2013-11-12,254.4
2013-11-13,252.95
2013-11-14,255.15
2013-11-15,255.75
2013-11-18,255.9
2013-11-19,253.05
2013-11-20,253.8
2013-11-21,248.75
2013-11-22,248.65
2013-11-25,245.75
2013-11-26,249.95
2013-11-27,248.5
2013-11-28,247.45
2013-11-29,247.8
2013-12-02,249
2013-12-03,245.05
2013-12-04,244.7
2013-12-05,247.7
2013-12-06,245.85
2013-12-09,246.65
2013-12-10,249.15
2013-12-11,250.9
2013-12-12,250
2013-12-13,244.7
2013-12-16,245.65
2013-12-17,247.95
2013-12-18,245.65
2013-12-19,243.75
2013-12-20,238.35
2013-12-23,240.2
2013-12-24,239
2013-12-25,240.9
2013-12-26,240.6
2013-12-27,242.85
2013-12-30,241.05
2013-12-31,239.4
2014-01-02,244.45
2014-01-03,246.4
2014-01-06,246.9
2014-01-07,246.95
2014-01-08,243.8
2014-01-09,243.75
2014-01-10,244.9
2014-01-13,247.45
2014-01-14,247.7
2014-01-15,245.5
2014-01-16,245.75
2014-01-17,245.95
2014-01-20,248
2014-01-21,247.4
2014-01-22,245
2014-01-23,244.4
2014-01-24,248.25
2014-01-27,249.6
2014-01-28,247.85
2014-01-29,247.55
2014-01-30,247.95
2014-02-07,248.7
2014-02-10,250.9
2014-02-11,252.7
2014-02-12,253.1
2014-02-13,253.55
2014-02-14,256.85
2014-02-17,261.2
2014-02-18,259.1
2014-02-19,259.4
2014-02-20,258.55
2014-02-21,259.6
2014-02-24,261.5
2014-02-25,262.9
2014-02-26,265.05
2014-02-27,261.9
2014-02-28,262.6
2014-03-03,265.6
2014-03-04,264
2014-03-05,263.2
2014-03-06,262.8
2014-03-07,265.6
2014-03-10,261.4
2014-03-11,263.55
2014-03-12,266.95
2014-03-13,269.75
2014-03-14,269.6
2014-03-17,272.75
2014-03-18,268.7
2014-03-19,267.8
2014-03-20,264.95
2014-03-21,265
2014-03-24,263.5
2014-03-25,261.15
2014-03-26,261.7
2014-03-27,259.75
2014-03-28,259.4
2014-03-31,258.75
2014-04-01,257.25
2014-04-02,257.7
2014-04-03,259.1
2014-04-04,258.25
2014-04-08,262.25
2014-04-09,262.35
2014-04-10,263.55
2014-04-11,263.2
2014-04-14,265.6
2014-04-15,262.25
2014-04-16,259.9
2014-04-17,259.05
2014-04-18,258.7
2014-04-21,256.95
2014-04-22,258.35
2014-04-23,257.45
2014-04-24,257.45
2014-04-25,259.45
2014-04-28,262.65
2014-04-29,260.5
2014-04-30,260.9
2014-05-05,264.05
2014-05-06,263.95
2014-05-07,263.4
2014-05-08,259.8
2014-05-09,259.7
2014-05-12,259.5
2014-05-13,260.2
2014-05-14,260.7
2014-05-15,261.75
2014-05-16,260.45
2014-05-19,261.2
2014-05-20,259.9
2014-05-21,260.35
2014-05-22,260.9
2014-05-23,260.9
2014-05-26,260.55
2014-05-27,259.1
2014-05-28,255.2
2014-05-29,252.4
2014-05-30,253.3
2014-06-03,251.3
2014-06-04,251.4
2014-06-05,251.15
2014-06-06,253.55
2014-06-09,252.9
2014-06-10,252.6
2014-06-11,254.2
2014-06-12,253.7
2014-06-13,255.7
2014-06-16,257.85
2014-06-17,254.65
2014-06-18,255
2014-06-19,257.85
2014-06-20,264.55
2014-06-23,265.8
2014-06-24,265.3
2014-06-25,264.5
2014-06-26,264.3
2014-06-27,265.15
2014-06-30,263.9
2014-07-01,265.6
2014-07-02,265.95
2014-07-03,265.2
2014-07-04,265.35
2014-07-07,262.9
2014-07-08,264.15
2014-07-09,265.25
2014-07-10,266.05
2014-07-11,268.4
2014-07-14,264.3
2014-07-15,262.45
2014-07-16,260
2014-07-17,261.5
2014-07-18,263.25
2014-07-21,263.3
2014-07-22,262.1
2014-07-23,261.9
2014-07-24,260
2014-07-25,258.5
2014-07-28,260.9
2014-07-29,260.95
2014-07-30,259.75
2014-07-31,259
2014-08-01,256.6
2014-08-04,258.9
2014-08-05,258.1
2014-08-06,257.9
2014-08-07,260.5
2014-08-08,262.85
2014-08-11,260.55
2014-08-12,261
2014-08-13,261.05
2014-08-14,261.65
2014-08-15,261.4
2014-08-18,258.9
2014-08-19,258.15
2014-08-20,257.75
2014-08-21,254.55
2014-08-22,255.1
2014-08-25,254.55
2014-08-26,257
2014-08-27,255.95
2014-08-28,256.3
2014-08-29,256.75
2014-09-01,256.15
2014-09-02,253.75
2014-09-03,252.3
2014-09-04,252.45
2014-09-05,251.4
2014-09-09,249.65
2014-09-10,249.55
2014-09-11,248.2
2014-09-12,246.3
2014-09-15,245.75
2014-09-16,246.5
2014-09-17,246.9
2014-09-18,244.35
2014-09-19,243.75
2014-09-22,241.35
2014-09-23,241.85
2014-09-24,243.65
2014-09-25,240.7
2014-09-26,244.25
2014-09-29,243
2014-09-30,242.9
2014-10-08,242.4
2014-10-09,244.05
2014-10-10,243.1
2014-10-13,245.2
2014-10-14,245
2014-10-15,243.3
2014-10-16,245.7
2014-10-17,245.9
2014-10-20,245.95
2014-10-21,247.15
2014-10-22,247.15
2014-10-23,246.2
2014-10-24,244.1
2014-10-27,243.55
2014-10-28,242.9
2014-10-29,243.4
2014-10-30,238.45
2014-10-31,234.05
2014-11-03,230.55
2014-11-04,230.45
2014-11-05,225.2
2014-11-06,225.65
2014-11-07,226.2
2014-11-10,231.85
2014-11-11,227.95
2014-11-12,231.6
2014-11-13,230.1
2014-11-14,228.6
2014-11-17,235.9
2014-11-18,235.9
2014-11-19,236.65
2014-11-20,234.2
2014-11-21,236.5
2014-11-24,238.3
2014-11-25,238.45
2014-11-26,238.25
2014-11-27,237.75
2014-11-28,236
2014-12-01,229.3
2014-12-02,240.3
2014-12-03,239.45
2014-12-04,240.6
2014-12-05,240.25
2014-12-08,238.1
2014-12-09,241.95
2014-12-10,247.95
2014-12-11,245.3
2014-12-12,244.75
2014-12-15,244.85
2014-12-16,240.6
2014-12-17,240.7
2014-12-18,241.7
2014-12-19,242.5
2014-12-22,242.15
2014-12-23,238.55
2014-12-24,238.5
2014-12-25,238.05
2014-12-26,239.5
2014-12-29,241.6
2014-12-30,240
2014-12-31,241.65
2015-01-05,242.15
2015-01-06,244.45
2015-01-07,245.25
2015-01-08,244.5
2015-01-09,245.15
2015-01-12,247.75
2015-01-13,249
2015-01-14,247.9
2015-01-15,246.75
2015-01-16,253.65
2015-01-19,257.85
2015-01-20,257.65
2015-01-21,262.2
2015-01-22,259.05
2015-01-23,261.4
2015-01-26,261.65
2015-01-27,259.95
2015-01-28,260.85
2015-01-29,259.35
2015-01-30,255.1
2015-02-02,259.15
2015-02-03,259.45
2015-02-04,256.4
2015-02-05,257.55
2015-02-06,256.75
2015-02-09,251.5
2015-02-10,252.15
2015-02-11,250.85
2015-02-12,247.95
2015-02-13,249.55
2015-02-16,250.4
2015-02-17,249.15
2015-02-25,246.4
2015-02-26,246.55
2015-02-27,246.8
2015-03-02,249.4
2015-03-03,247.2
2015-03-04,246.85
2015-03-05,245.8
2015-03-06,245.15
2015-03-09,240.1
2015-03-10,237.7
2015-03-11,238.45
2015-03-12,238.65
2015-03-13,237.45
2015-03-16,238.25
2015-03-17,236.5
2015-03-18,233.95
2015-03-19,238
2015-03-20,237.65
2015-03-23,240.4
2015-03-24,241.35
2015-03-25,241.45
2015-03-26,244.15
2015-03-27,243.45
2015-03-30,240.6
2015-03-31,238.1
2015-04-01,238.65
2015-04-02,243.3
2015-04-03,242.15
2015-04-07,244.3
2015-04-08,244.25
2015-04-09,240.95
2015-04-10,240.65
2015-04-13,243.2
2015-04-14,240.6
2015-04-15,240.55
2015-04-16,242.3
2015-04-17,241.35
2015-04-20,243.3
2015-04-21,240.45
2015-04-22,241.8
2015-04-23,237.95
2015-04-24,239.55
2015-04-27,237.35
2015-04-28,241.85
2015-04-29,243.55
2015-04-30,242.5
2015-05-04,238.95
2015-05-05,239.95
2015-05-06,241.45
2015-05-07,238.75
2015-05-08,239.55
2015-05-11,239.75
2015-05-12,239.2
2015-05-13,241.35
2015-05-14,245.85
2015-05-15,246.15
2015-05-18,248.05
2015-05-19,246.7
2015-05-20,243.3
2015-05-21,244.2
2015-05-22,243.8
2015-05-25,243.5
2015-05-26,241.85
2015-05-27,240.65
2015-05-28,240.6
2015-05-29,240.4
2015-06-01,240.25
2015-06-02,240.5
2015-06-03,240.9
2015-06-04,239
2015-06-05,238.2
2015-06-08,237.5
2015-06-09,238.4
2015-06-10,239.45
2015-06-11,239.95
2015-06-12,239.3
2015-06-15,239.55
2015-06-16,240.55
2015-06-17,238.65
2015-06-18,240.3
2015-06-19,242.55
2015-06-23,239.85
2015-06-24,238.6
2015-06-25,238.25
2015-06-26,237.35
2015-06-29,239.25
2015-06-30,238.05
2015-07-01,237.7
2015-07-02,235.9
2015-07-03,236.7
2015-07-06,236.35
2015-07-07,236.9
2015-07-08,231.7
2015-07-09,235.4
2015-07-10,235.2
2015-07-13,235.15
2015-07-14,233.3
2015-07-15,233.5
2015-07-16,231.5
2015-07-17,231.3
2015-07-20,225.65
2015-07-21,223.05
2015-07-22,220.65
2015-07-23,221.1
2015-07-24,219.3
2015-07-27,223.7
2015-07-28,221.75
2015-07-29,221.85
2015-07-30,219.05
2015-07-31,218.15
2015-08-03,221.6
2015-08-04,219.3
2015-08-05,219.15
2015-08-06,218.7
2015-08-07,221.2
2015-08-10,221.55
2015-08-11,226.3
2015-08-12,235.5
2015-08-13,234.3
2015-08-14,232.9
2015-08-17,232.9
2015-08-18,232.5
2015-08-19,233.6
2015-08-20,237
2015-08-21,240.85
2015-08-24,240.05
2015-08-25,239.55
2015-08-26,236.9
2015-08-27,234.85
2015-08-28,235.35
2015-08-31,235.65
2015-09-01,236.85
2015-09-02,236.7
2015-09-07,232.85
2015-09-08,232.4
2015-09-09,233
2015-09-10,229.9
2015-09-11,229.7
2015-09-14,229.35
2015-09-15,229.4
2015-09-16,229.4
2015-09-17,232.05
2015-09-18,233.4
2015-09-21,235.8
2015-09-22,234.55
2015-09-23,233.7
2015-09-24,235.6
2015-09-25,237.3
2015-09-28,234.85
2015-09-29,232.4
2015-09-30,231.1
2015-10-08,235.05
2015-10-09,235.2
2015-10-12,238.45
2015-10-13,236.65
2015-10-14,240.55
2015-10-15,241.85
2015-10-16,241.2
2015-10-19,240.45
2015-10-20,240.2
2015-10-21,240.45
2015-10-22,239.7
2015-10-23,241.2
2015-10-26,239
2015-10-27,239.5
2015-10-28,241.2
2015-10-29,238.65
2015-10-30,235.6
2015-11-02,234.5
2015-11-03,233.6
2015-11-04,230.35
2015-11-05,228.5
2015-11-06,229
2015-11-09,225.85
2015-11-10,226
2015-11-11,226.2
2015-11-12,225.4
2015-11-13,224.5
2015-11-16,227.8
2015-11-17,223.8
2015-11-18,222.55
2015-11-19,223.8
2015-11-20,225.4
2015-11-23,222.55
2015-11-24,222.75
2015-11-25,224.6
2015-11-26,223.3
2015-11-27,222.7
2015-11-30,219.05
2015-12-01,223.95
2015-12-02,222.75
2015-12-03,219.9
2015-12-04,221.85
2015-12-07,227.45
2015-12-08,225.2
2015-12-09,226.2
2015-12-10,225.6
2015-12-11,225.8
2015-12-14,226.8
2015-12-15,224.75
2015-12-16,225.25
2015-12-17,225.85
2015-12-18,224.2
2015-12-21,227.25
2015-12-22,228.75
2015-12-23,227.7
2015-12-24,227.95
2015-12-25,228.35
2015-12-28,227.65
2015-12-29,228.3
2015-12-30,228.15
2015-12-31,226.05
2016-01-04,228.2
2016-01-05,230.3
2016-01-06,231.4
2016-01-07,236.6
2016-01-08,236.8
2016-01-11,237.45
2016-01-12,234.6
2016-01-13,232.25
2016-01-14,234.05
2016-01-15,232.6
2016-01-18,233.5
2016-01-19,233.2
2016-01-20,233.8
2016-01-21,236.25
2016-01-22,235.25
2016-01-25,235.85
2016-01-26,238.95
2016-01-27,239.4
2016-01-28,238.85
2016-01-29,238.35
2016-02-01,239.95
2016-02-02,240.6
2016-02-03,241.5
2016-02-04,244
2016-02-05,245.95
2016-02-15,256.2
2016-02-16,253.2
2016-02-17,255.15
2016-02-18,254.95
2016-02-19,258.1
2016-02-22,256.3
2016-02-23,256.4
2016-02-24,258.55
2016-02-25,261.65
2016-02-26,262
2016-02-29,259.55
2016-03-01,263.25
2016-03-02,260
2016-03-03,262.25
2016-03-04,265.75
2016-03-07,265.85
2016-03-08,266.9
2016-03-09,264.25
2016-03-10,262.1
2016-03-11,265.95
2016-03-14,262.75
2016-03-15,258.05
2016-03-16,259.7
2016-03-17,263.55
2016-03-18,263.6
2016-03-21,259.95
2016-03-22,261.65
2016-03-23,258.6
2016-03-24,255.35
2016-03-25,256.4
2016-03-28,255.3
2016-03-29,256.05
2016-03-30,258.9
2016-03-31,256.45
2016-04-01,257.5
2016-04-05,256.35
2016-04-06,257.05
2016-04-07,256.75
2016-04-08,258.35
2016-04-11,260.9
2016-04-12,262.15
2016-04-13,260.75
2016-04-14,258.15
2016-04-15,257.55
2016-04-18,257.75
2016-04-19,260.25
2016-04-20,261
2016-04-21,264.45
2016-04-22,261.05
2016-04-25,259.15
2016-04-26,258.7
2016-04-27,262.05
2016-04-28,263.25
2016-04-29,267.55
2016-05-03,272.85
2016-05-04,269.75
2016-05-05,269.45
2016-05-06,269.95
2016-05-09,269.45
2016-05-10,267.1
2016-05-11,268.5
2016-05-12,267.7
2016-05-13,269.6
2016-05-16,271.6
2016-05-17,269.75
2016-05-18,269.85
2016-05-19,265.7
2016-05-20,265.85
2016-05-23,265.2
2016-05-24,263.45
2016-05-25,259.55
2016-05-26,260.55
2016-05-27,259.4
2016-05-30,256.35
2016-05-31,258.9
2016-06-01,259.3
2016-06-02,259.6
2016-06-03,258.65
2016-06-06,264.35
2016-06-07,264.8
2016-06-08,266.55
2016-06-13,274.1
2016-06-14,273.35
2016-06-15,275.15
2016-06-16,279.95
2016-06-17,273.2
2016-06-20,273.75
2016-06-21,273.2
2016-06-22,269.6
2016-06-23,269.75
2016-06-24,282.25
2016-06-27,284.65
2016-06-28,283.35
2016-06-29,284.3
2016-06-30,283
2016-07-01,287.15
2016-07-04,292.15
2016-07-05,290.8
2016-07-06,296.7
2016-07-07,295.7
2016-07-08,292.8
2016-07-11,295
2016-07-12,293.6
2016-07-13,290.8
2016-07-14,288.85
2016-07-15,288.95
2016-07-18,288.15
2016-07-19,288.7
2016-07-20,287.55
2016-07-21,284.65
2016-07-22,286.3
2016-07-25,284.85
2016-07-26,285.2
2016-07-27,285.05
2016-07-28,289.3
2016-07-29,287.5
2016-08-01,289.7
2016-08-02,291.2
2016-08-03,292.65
2016-08-04,289.8
2016-08-05,293.35
2016-08-08,287.1
2016-08-09,286.85
2016-08-10,290.95
2016-08-11,288.55
2016-08-12,288.3
2016-08-15,287.75
2016-08-16,289.05
2016-08-17,287.65
2016-08-18,289.35
2016-08-19,289.35
2016-08-22,286.8
2016-08-23,287.35
2016-08-24,287.5
2016-08-25,284.85
2016-08-26,284.9
2016-08-29,284
2016-08-30,284.75
2016-08-31,283.5
2016-09-01,282.85
2016-09-02,283.25
2016-09-05,286.75
2016-09-06,287.05
2016-09-07,291
2016-09-08,290.6
2016-09-09,288.8
2016-09-12,287.7
2016-09-13,287.6
2016-09-14,286.15
2016-09-19,284.7
2016-09-20,285
2016-09-21,285.5
2016-09-22,287.85
2016-09-23,288.3
2016-09-27,287.9
2016-09-28,285.65
2016-09-29,284.95
2016-09-30,285.5
2016-10-10,274.2
2016-10-11,274.15
2016-10-12,273.55
2016-10-13,274.45
2016-10-14,273.7
2016-10-17,274
2016-10-18,275.55
2016-10-19,275.55
2016-10-20,277.6
2016-10-21,276.7
2016-10-24,277.5
2016-10-25,278.4
2016-10-26,279.75
2016-10-27,278.9
2016-10-28,279.25
2016-10-31,280.5
2016-11-01,281.4
2016-11-02,284.15
2016-11-03,285.05
2016-11-04,283.55
2016-11-07,283.1
2016-11-08,282.75
2016-11-09,290.35
2016-11-10,285
2016-11-11,280.65
2016-11-14,272
2016-11-15,275.05
2016-11-16,276.35
2016-11-17,275.75
2016-11-18,272.85
2016-11-21,275
2016-11-22,275.8
2016-11-23,276.2
2016-11-24,273.35
2016-11-25,271.1
2016-11-28,273.6
2016-11-29,272.55
2016-11-30,270.95
2016-12-01,269.15
2016-12-02,268.75
2016-12-05,268.7
2016-12-06,268.1
2016-12-07,267.65
2016-12-08,269.7
2016-12-09,269.45
2016-12-12,267.9
2016-12-13,268.2
2016-12-14,269.65
2016-12-15,266.95
2016-12-16,265.4
2016-12-19,266.65
2016-12-20,265.3
2016-12-21,264.9
2016-12-22,263.35
2016-12-23,263.6
2016-12-26,264.8
2016-12-27,266.15
2016-12-28,267.35
2016-12-29,268.8
2016-12-30,271.4
2017-01-03,269.8
2017-01-04,270.45
2017-01-05,269.55
2017-01-06,268.9
2017-01-09,269.8
2017-01-10,271.55
2017-01-11,271.9
2017-01-12,272.3
2017-01-13,271.3
2017-01-16,273
2017-01-17,274.65
2017-01-18,273.55
2017-01-19,270.8
2017-01-20,271.55
2017-01-23,272.85
2017-01-24,272.45
2017-01-25,269.75
2017-01-26,267.75
2017-02-03,271.75
2017-02-06,274.45
2017-02-07,276.65
2017-02-08,276.9
2017-02-09,278.35
2017-02-10,275.45
2017-02-13,276.6
2017-02-14,276.25
2017-02-15,275.2
2017-02-16,276.65
2017-02-17,277.7
2017-02-20,277.15
2017-02-21,277.8
2017-02-22,277.55
2017-02-23,278.05
2017-02-24,281.45
2017-02-27,282.45
2017-02-28,281.55
2017-03-01,279.5
2017-03-02,279.8
2017-03-03,277.75
2017-03-06,277.8
2017-03-07,276.75
2017-03-08,274.95
2017-03-09,273.65
2017-03-10,271.55
2017-03-13,274.1
2017-03-14,272.8
2017-03-15,273
2017-03-16,277.55
2017-03-17,277.5
2017-03-20,278.9
2017-03-21,277.85
2017-03-22,280.3
2017-03-23,280.25
2017-03-24,279.45
2017-03-27,282.5
2017-03-28,281.7
2017-03-29,281.1
2017-03-30,281.1
2017-03-31,279.15
2017-04-05,281.75
2017-04-06,281.85
2017-04-07,284.15
2017-04-10,282.8
2017-04-11,283.35
2017-04-12,286.4
2017-04-13,287.75
2017-04-14,288.3
2017-04-17,287.9
2017-04-18,287.15
2017-04-19,287.1
2017-04-20,286.8
2017-04-21,286.7
2017-04-24,284.85
2017-04-25,284.9
2017-04-26,283.65
2017-04-27,284.2
2017-04-28,284.75
2017-05-02,282.55
2017-05-03,282.05
2017-05-04,278.35
2017-05-05,277.75
2017-05-08,277.55
2017-05-09,277.6
2017-05-10,276.3
2017-05-11,276.65
2017-05-12,277.5
2017-05-15,278.85
2017-05-16,279.5
2017-05-17,280.55
2017-05-18,282.9
2017-05-19,282.35
2017-05-22,283.05
2017-05-23,284.95
2017-05-24,281.65
2017-05-25,283.15
2017-05-26,283.2
2017-05-31,281.55
2017-06-01,281.75
2017-06-02,280.75
2017-06-05,284.5
2017-06-06,286.25
2017-06-07,286.55
2017-06-08,285.7
2017-06-09,282.5
2017-06-12,281.05
2017-06-13,281.15
2017-06-14,281.7
2017-06-15,279.85
2017-06-16,279.35
2017-06-19,278.9
2017-06-20,278.3
2017-06-21,278.2
2017-06-22,279.95
2017-06-23,280.5
2017-06-26,280.65
2017-06-27,279.45
2017-06-28,278.8
2017-06-29,278.2
2017-06-30,275.55
2017-07-03,274.65
2017-07-04,272.65
2017-07-05,272.5
2017-07-06,272.95
2017-07-07,272.3
2017-07-10,268.9
2017-07-11,270.1
2017-07-12,271.1
2017-07-13,271.85
2017-07-14,270.75
2017-07-17,273.1
2017-07-18,273.8
2017-07-19,274.15
2017-07-20,274.3
2017-07-21,275.9
2017-07-24,276.55
2017-07-25,276.9
2017-07-26,274.5
2017-07-27,277.7
2017-07-28,277.35
2017-07-31,278.15
2017-08-01,278.1
2017-08-02,278.05
2017-08-03,277
2017-08-04,278.55
2017-08-07,276.05
2017-08-08,275.8
2017-08-09,276.55
2017-08-10,278.6
2017-08-11,280
2017-08-14,279.9
2017-08-15,278
2017-08-16,277.1
2017-08-17,280.1
2017-08-18,280.65
2017-08-21,279.85
2017-08-22,279.25
2017-08-23,279.3
2017-08-24,279.4
2017-08-25,279.25
2017-08-28,280.65
2017-08-29,284
2017-08-30,280.55
2017-08-31,280.1
2017-09-01,282
2017-09-04,284.4
2017-09-05,283.85
2017-09-06,284.3
2017-09-07,283.3
2017-09-08,283.95
2017-09-11,282.65
2017-09-12,281.35
2017-09-13,281.75
2017-09-14,281.4
2017-09-15,282.75
2017-09-18,280.15
2017-09-19,280.15
2017-09-20,280.4
2017-09-21,277.9
2017-09-22,278.3
2017-09-25,277.95
2017-09-26,282.15
2017-09-27,279.6
2017-09-28,278.1
2017-09-29,279.35
