"Index","ASX200.aud"
2001-04-18,13657.30902
2001-04-19,14219.93034
2001-04-20,14074.2314
2001-04-23,13847.99736
2001-04-24,13838.4522
2001-04-26,14008.104
2001-04-27,13880.4946
2001-04-30,14112.99366
2001-05-01,14239.51286
2001-05-02,14363.2125
2001-05-03,14377.53
2001-05-04,14347.78155
2001-05-07,14370.62128
2001-05-08,14265.45025
2001-05-09,14524.41627
2001-05-10,14670.9953
2001-05-11,14628.6185
2001-05-14,14529.25476
2001-05-15,14633.45928
2001-05-16,14645.9733
2001-05-17,14884.991
2001-05-18,14930.04219
2001-05-21,14972.06799
2001-05-22,14879.70135
2001-05-23,14649.48517
2001-05-24,14646.1
2001-05-25,14754.84226
2001-05-28,14734.13281
2001-05-29,14593.70913
2001-05-30,14428.7512
2001-05-31,14141.19559
2001-06-01,14272.7886
2001-06-04,14399.67874
2001-06-05,14440.31512
2001-06-06,14620.9143
2001-06-07,14770.85046
2001-06-08,14917.65984
2001-06-12,14793.74784
2001-06-13,14854.24408
2001-06-14,14884.551734
2001-06-15,14802.96066
2001-06-18,14669.913
2001-06-19,14578.20948
2001-06-20,14666.252668
2001-06-21,14602.3968
2001-06-22,14630.27025
2001-06-25,14623.48925
2001-06-26,14814.79538
2001-06-27,14647.47786
2001-06-28,14362.33745
2001-06-29,14764.66706
2001-07-02,14548.55808
2001-07-03,14762.895
2001-07-04,14704.49578
2001-07-05,14375.57902
2001-07-06,14123.94368
2001-07-09,14120.9526
2001-07-10,14155.53957
2001-07-11,14119.3644
2001-07-12,14183.44282
2001-07-13,14277.86705
2001-07-16,14364.93456
2001-07-17,14343.74158
2001-07-18,14478.3774
2001-07-19,14409.90688
2001-07-20,14141.80617
2001-07-23,14179.7547
2001-07-24,14130.53848
2001-07-25,13956.24024
2001-07-26,13838.54598
2001-07-27,13847.4688
2001-07-30,13889.9208
2001-07-31,14019.74895
2001-08-01,14467.8313
2001-08-02,14650.90599
2001-08-03,14559.52658
2001-08-06,14583.74203
2001-08-07,14523.3596
2001-08-08,14611.78518
2001-08-09,14477.32328
2001-08-10,14436.13759
2001-08-13,14486.13751
2001-08-14,14557.84106
2001-08-15,14722.51323
2001-08-16,14436.47106
2001-08-17,14760.99888
2001-08-20,14505.1821
2001-08-21,14691.2216
2001-08-22,14617.7339
2001-08-23,14674.1733
2001-08-24,14803.8516
2001-08-27,14732.93811
2001-08-28,14809.25157
2001-08-29,14667.15156
2001-08-30,14633.13736
2001-08-31,14347.45556
2001-09-03,14262.97401
2001-09-04,14160.76896
2001-09-05,14161.06395
2001-09-06,14103.40815
2001-09-07,13893.25908
2001-09-10,13767.75534
2001-09-11,14004.4674
2001-09-12,13286.3507
2001-09-13,13357.544
2001-09-14,13209.408
2001-09-17,12283.99998
2001-09-18,12377.23019
2001-09-19,12386.03388
2001-09-20,12154.5318
2001-09-21,11789.95844
2001-09-24,11892.8859
2001-09-25,12082.48314
2001-09-26,12155.424
2001-09-27,12110.22506
2001-09-28,12392.86305
2001-10-01,12701.46143
2001-10-02,12873.19696
2001-10-03,12821.17144
2001-10-04,12910.26615
2001-10-05,13332.82749
2001-10-08,13199.19763
2001-10-09,13059.0954
2001-10-10,13021.0596
2001-10-11,13252.36608
2001-10-12,13493.17338
2001-10-15,13667.4076
2001-10-16,13576.76602
2001-10-17,13625.0832
2001-10-18,13408.24376
2001-10-19,13375.10234
2001-10-22,13436.772
2001-10-23,13497.46665
2001-10-24,13634.4984
2001-10-25,13555.50003
2001-10-26,13623.75008
2001-10-29,13618.73088
2001-10-30,13571.65744
2001-10-31,13528.73472
2001-11-01,13673.54944
2001-11-02,13627.99137
2001-11-05,13576.74704
2001-11-06,13962.00351
2001-11-07,13866.80958
2001-11-08,13919.4705
2001-11-09,13979.3012
2001-11-12,14239.33266
2001-11-13,14180.31443
2001-11-14,14361.25352
2001-11-15,14343.07701
2001-11-16,14360.84175
2001-11-19,14395.80714
2001-11-20,14414.547
2001-11-21,14257.34442
2001-11-22,14208.29564
2001-11-23,14270.14464
2001-11-26,14373.43625
2001-11-27,14504.43876
2001-11-28,14468.72268
2001-11-29,14264.9098
2001-11-30,14408.89076
2001-12-03,14239.27488
2001-12-04,14154.29788
2001-12-05,14348.33602
2001-12-06,14397.92904
2001-12-07,14339.59104
2001-12-10,14303.1392
2001-12-11,14331.71764
2001-12-12,14287.02326
2001-12-13,14218.24375
2001-12-14,14141.55484
2001-12-17,14082.11968
2001-12-18,14156.6197
2001-12-19,14056.28926
2001-12-20,13976.49883
2001-12-21,14174.2498
2001-12-24,14276.05011
2001-12-27,14352.55296
2001-12-28,14508.97056
2001-12-31,14462.6398
2002-01-02,14683.98204
2002-01-03,14556.21132
2002-01-04,14790.00136
2002-01-07,14763.76208
2002-01-08,14836.9935
2002-01-09,14814.00375
2002-01-10,14739.92567
2002-01-11,14709.00864
2002-01-14,14616.63554
2002-01-15,14592.50142
2002-01-16,14608.29636
2002-01-17,14443.74808
2002-01-18,14408.9754
2002-01-21,14558.72448
2002-01-22,14700.1326
2002-01-23,14670.7984
2002-01-24,14748.66612
2002-01-25,14703.78445
2002-01-29,14555.00937
2002-01-30,14393.232
2002-01-31,14553.79704
2002-02-01,14515.2024
2002-02-04,14636.30047
2002-02-05,14548.7628
2002-02-06,14409.95355
2002-02-07,14384.6056
2002-02-08,14573.10944
2002-02-11,14743.8365
2002-02-12,14662.74131
2002-02-13,14658.29502
2002-02-14,14924.0113
2002-02-15,14907.24928
2002-02-18,14877.05226
2002-02-19,14905.02096
2002-02-20,14732.95089
2002-02-21,14652.78438
2002-02-22,14506.96632
2002-02-25,14545.625
2002-02-26,14598.24348
2002-02-27,14553.79971
2002-02-28,14601.25395
2002-03-01,14693.36481
2002-03-04,14737.84477
2002-03-05,14794.72428
2002-03-06,14924.7144
2002-03-07,15195.67296
2002-03-08,15081.93869
2002-03-11,15010.47268
2002-03-12,14910.04872
2002-03-13,14840.52
2002-03-14,14963.64131
2002-03-15,14817.36114
2002-03-18,15008.55384
2002-03-19,14974.44825
2002-03-20,15208.27126
2002-03-21,15073.82709
2002-03-22,15077.47242
2002-03-25,15023.47396
2002-03-26,14762.7528
2002-03-27,14895.2913
2002-03-28,15085.22048
2002-04-02,14991.51234
2002-04-03,14862.99556
2002-04-04,14811.78468
2002-04-05,14873.964
2002-04-08,14816.3691
2002-04-09,14701.4214
2002-04-10,14844.01074
2002-04-11,14895.02042
2002-04-12,14829.90905
2002-04-15,14811.55656
2002-04-16,14946.42044
2002-04-17,15146.32903
2002-04-18,15181.61788
2002-04-19,15235.74195
2002-04-22,15279.80455
2002-04-23,15166.75723
2002-04-24,15174.11544
2002-04-26,15207.30164
2002-04-29,14946.7824
2002-04-30,14918.22
2002-05-01,15008.89056
2002-05-02,14908.77443
2002-05-03,15031.2096
2002-05-06,14950.5926
2002-05-07,14834.4875
2002-05-08,14909.64759
2002-05-09,15024.25155
2002-05-10,15003.70596
2002-05-13,14954.71075
2002-05-14,15024.71619
2002-05-15,15335.59664
2002-05-16,15411.2667
2002-05-17,15605.47854
2002-05-20,15601.71474
2002-05-21,15551.63757
2002-05-22,15672.7403
2002-05-23,15519.4494
2002-05-24,15601.66002
2002-05-27,15595.60104
2002-05-28,15724.1196
2002-05-29,15744.21968
2002-05-30,15788.28923
2002-05-31,15834.32896
2002-06-03,15955.78608
2002-06-04,15857.22096
2002-06-05,15894.35386
2002-06-06,15932.91406
2002-06-07,15804.08984
2002-06-11,15700.20165
2002-06-12,15703.36173
2002-06-13,15539.78992
2002-06-14,15271.11819
2002-06-17,15240.32439
2002-06-18,15516.58269
2002-06-19,15342.06024
2002-06-20,15524.64252
2002-06-21,15454.12918
2002-06-24,15261.23363
2002-06-25,15287.7201
2002-06-26,14721.57582
2002-06-27,14990.74882
2002-06-28,14994.6
2002-07-01,15025.8745
2002-07-02,14986.69497
2002-07-03,14756.13303
2002-07-04,14763.2287
2002-07-05,14833.73016
2002-07-08,15111.0801
2002-07-09,15293.95208
2002-07-10,15078.61356
2002-07-11,14707.06756
2002-07-12,14804.20452
2002-07-15,14770.58566
2002-07-16,14557.62854
2002-07-17,14244.10084
2002-07-18,14446.67567
2002-07-19,14321.28612
2002-07-22,14005.17702
2002-07-23,13791.83444
2002-07-24,13605.45996
2002-07-25,13620.8248
2002-07-26,13259.92725
2002-07-29,13588.28688
2002-07-30,13871.85754
2002-07-31,13872.77762
2002-08-01,13748.45321
2002-08-02,13616.42393
2002-08-05,13138.1672
2002-08-06,13109.17248
2002-08-07,13540.6431
2002-08-08,13615.24437
2002-08-09,13772.13372
2002-08-12,13856.9151
2002-08-13,13839.59088
2002-08-14,13763.84748
2002-08-15,14045.3456
2002-08-16,14151.86278
2002-08-19,14107.0842
2002-08-20,14353.28361
2002-08-21,14255.1715
2002-08-22,14319.9317
2002-08-23,14309.2323
2002-08-26,14311.9345
2002-08-27,14467.22134
2002-08-28,14309.48085
2002-08-29,14303.68596
2002-08-30,14218.91972
2002-09-02,14287.0661
2002-09-03,14238.696
2002-09-04,13968.8912
2002-09-05,13980.8604
2002-09-06,14000.68715
2002-09-09,14139.587
2002-09-10,14109.27966
2002-09-11,14276.18
2002-09-12,14345.25755
2002-09-13,14248.61284
2002-09-16,14166.92268
2002-09-17,14315.31883
2002-09-18,14170.84245
2002-09-19,14056.81267
2002-09-20,13882.52912
2002-09-23,13703.44726
2002-09-24,13650.45666
2002-09-25,13512.29425
2002-09-26,13467.38107
2002-09-27,13528.61618
2002-09-30,13335.77592
2002-10-01,13460.92064
2002-10-02,13488.00234
2002-10-03,13564.93411
2002-10-04,13532.5026
2002-10-07,13381.998
2002-10-08,13319.1606
2002-10-09,13221.32784
2002-10-10,13136.081
2002-10-11,13275.05186
2002-10-14,13385.39952
2002-10-15,13559.11026
2002-10-16,13591.25324
2002-10-17,13625.11656
2002-10-18,13699.7353
2002-10-21,13710.96406
2002-10-22,13750.1364
2002-10-23,13869.72974
2002-10-24,13864.7178
2002-10-25,13831.18596
2002-10-28,14035.70372
2002-10-29,13875.76927
2002-10-30,13752.76376
2002-10-31,13970.86677
2002-11-01,13923.23956
2002-11-04,14187.71312
2002-11-05,14172.14426
2002-11-06,14350.8981
2002-11-07,14250.61766
2002-11-08,14064.6356
2002-11-11,13815.66088
2002-11-12,13835.51925
2002-11-13,13777.1212
2002-11-14,13814.81214
2002-11-15,14019.06046
2002-11-18,13962.40362
2002-11-19,13831.84705
2002-11-20,13955.28966
2002-11-21,14078.12553
2002-11-22,14166.25712
2002-11-25,14088.51812
2002-11-26,13973.06206
2002-11-27,13841.35016
2002-11-28,14118.7965
2002-11-29,14206.73284
2002-12-02,14285.39512
2002-12-03,14217.84198
2002-12-04,14050.7488
2002-12-05,14129.8116
2002-12-06,14058.7812
2002-12-09,14109.16275
2002-12-10,13841.72148
2002-12-11,13778.81406
2002-12-12,13988.8796
2002-12-13,13916.38068
2002-12-16,13840.9308
2002-12-17,13982.53472
2002-12-18,13970.54835
2002-12-19,13994.9662
2002-12-20,14039.44794
2002-12-23,14109.11185
2002-12-24,14147.40544
2002-12-27,14068.30656
2002-12-30,13988.47834
2002-12-31,13969.48305
2003-01-02,14142.52512
2003-01-03,14344.3503
2003-01-06,14663.19966
2003-01-07,14593.72915
2003-01-08,14665.70406
2003-01-09,14624.17035
2003-01-10,14811.89328
2003-01-13,14859.27234
2003-01-14,14861.34286
2003-01-15,14873.6026
2003-01-16,14863.39816
2003-01-17,14952.10932
2003-01-20,14953.5573
2003-01-21,14863.8565
2003-01-22,14678.94349
2003-01-23,14783.7312
2003-01-24,14822.93284
2003-01-28,14444.039
2003-01-29,14405.47668
2003-01-30,14459.3676
2003-01-31,14370.82969
2003-02-03,14228.35378
2003-02-04,14422.72302
2003-02-05,14245.00722
2003-02-06,14138.91656
2003-02-07,14199.8784
2003-02-10,14133.65604
2003-02-11,14084.068
2003-02-12,14062.5144
2003-02-13,13966.61332
2003-02-14,13810.47784
2003-02-17,13896.55701
2003-02-18,13882.70494
2003-02-19,14085.15696
2003-02-20,13960.1832
2003-02-21,13939.96658
2003-02-24,14298.63453
2003-02-25,14028.0282
2003-02-26,14205.73788
2003-02-27,13997.21796
2003-02-28,14107.85321
2003-03-03,14320.6112
2003-03-04,14265.0043
2003-03-05,14168.4264
2003-03-06,14123.7328
2003-03-07,13923.056
2003-03-10,13943.58282
2003-03-11,13627.70976
2003-03-12,13413.67296
2003-03-13,13297.84976
2003-03-14,13644.08829
2003-03-17,13443.22889
2003-03-18,13939.33617
2003-03-19,13901.00544
2003-03-20,14081.1493
2003-03-21,14011.56959
2003-03-24,14073.5389
2003-03-25,14083.6096
2003-03-26,14331.22313
2003-03-27,14396.26175
2003-03-28,14405.04624
2003-03-31,14431.7704
2003-04-01,14421.66414
2003-04-02,14364.23028
2003-04-03,14489.1909
2003-04-04,14591.52235
2003-04-07,14762.03318
2003-04-08,14815.95544
2003-04-09,14782.89015
2003-04-10,14777.62827
2003-04-11,14765.3481
2003-04-14,14715.38133
2003-04-15,14900.11032
2003-04-16,15113.24762
2003-04-17,14976.85848
2003-04-22,15319.256
2003-04-23,15339.0225
2003-04-24,15358.02059
2003-04-28,15219.9216
2003-04-29,15500.152
2003-04-30,15593.286
2003-05-01,15677.2902
2003-05-02,15550.03548
2003-05-05,15639.09124
2003-05-06,15781.1528
2003-05-07,15696.51993
2003-05-08,15696.23952
2003-05-09,15768.4864
2003-05-12,15996.83511
2003-05-13,15990.7389
2003-05-14,15904.1778
2003-05-15,15680.9992
2003-05-16,15958.85962
2003-05-19,15956.05404
2003-05-20,15995.45502
2003-05-21,15944.38468
2003-05-22,16150.95416
2003-05-23,16379.64504
2003-05-26,16371.99192
2003-05-27,16163.73852
2003-05-28,16206.96429
2003-05-29,16276.1456
2003-05-30,16293.7254
2003-06-02,16529.80752
2003-06-03,16567.1898
2003-06-04,16667.41593
2003-06-05,16724.38627
2003-06-06,16610.10231
2003-06-10,16583.32008
2003-06-11,16841.20956
2003-06-12,16993.85472
2003-06-13,17078.75064
2003-06-16,17074.96557
2003-06-17,17241.20831
2003-06-18,17221.06656
2003-06-19,17226.2688
2003-06-20,17077.21125
2003-06-23,16968.82638
2003-06-24,16860.29408
2003-06-25,16938.60564
2003-06-26,16645.35378
2003-06-27,16842.48584
2003-06-30,16878.59978
2003-07-01,17021.62948
2003-07-02,17085.66607
2003-07-03,17162.31968
2003-07-04,16991.14104
2003-07-07,16993.70766
2003-07-08,16600.96872
2003-07-09,16480.42437
2003-07-10,16593.9098
2003-07-11,16628.2794
2003-07-14,16764.9812
2003-07-15,16571.99268
2003-07-16,16798.81216
2003-07-17,16699.2864
2003-07-18,16510.82784
2003-07-21,16651.8723
2003-07-22,16525.9818
2003-07-23,16869.6627
2003-07-24,17030.06607
2003-07-25,17019.37036
2003-07-28,17108.97318
2003-07-29,17049.08002
2003-07-30,16700.51712
2003-07-31,16758.63302
2003-08-01,16929.04327
2003-08-04,16769.96533
2003-08-05,16830.89604
2003-08-06,16799.3202
2003-08-07,16929.29454
2003-08-08,17019.98748
2003-08-11,17127.93726
2003-08-12,17061.40403
2003-08-13,17209.11852
2003-08-14,17118.95856
2003-08-15,17188.7096
2003-08-18,17221.209
2003-08-19,17194.72022
2003-08-20,17332.8818
2003-08-21,17164.46187
2003-08-22,17183.97772
2003-08-25,17091.25548
2003-08-26,16866.29016
2003-08-27,16813.08527
2003-08-28,16950.1743
2003-08-29,17150.07203
2003-09-01,17126.77236
2003-09-02,16954.9984
2003-09-03,17024.51289
2003-09-04,17150.46075
2003-09-05,17221.1473
2003-09-08,17325.71405
2003-09-09,17660.53211
2003-09-10,17483.1408
2003-09-11,17448.2757
2003-09-12,17527.78275
2003-09-15,17555.38328
2003-09-16,17531.59612
2003-09-17,17714.7322
2003-09-18,17759.67116
2003-09-19,17901.32487
2003-09-22,17917.8388
2003-09-23,17795.457
2003-09-24,17988.45525
2003-09-25,17809.24368
2003-09-26,17684.284
2003-09-29,17758.68446
2003-09-30,17850.94095
2003-10-01,17949.94256
2003-10-02,18120.12184
2003-10-03,18009.27293
2003-10-06,18244.7412
2003-10-07,18421.26384
2003-10-08,18536.58667
2003-10-09,18583.45541
2003-10-10,18658.77664
2003-10-13,18702.01884
2003-10-14,18749.62677
2003-10-15,18700.01476
2003-10-16,18770.20764
2003-10-17,18872.05641
2003-10-20,18806.63031
2003-10-21,19141.6378
2003-10-22,19256.5419
2003-10-23,18952.05249
2003-10-24,18843.23121
2003-10-27,18929.77624
2003-10-28,18910.9024
2003-10-29,19010.9367
2003-10-30,19071.5219
2003-10-31,19180.1368
2003-11-03,18835.92165
2003-11-04,18994.35107
2003-11-05,19004.76108
2003-11-06,18948.76704
2003-11-07,19054.07675
2003-11-10,19122.51501
2003-11-11,18944.99152
2003-11-12,19010.1253
2003-11-13,19187.78864
2003-11-14,19087.5307
2003-11-17,18684.83584
2003-11-18,19029.53712
2003-11-19,18991.3673
2003-11-20,19053.01758
2003-11-21,18979.10608
2003-11-24,18846.9559
2003-11-25,18989.5272
2003-11-26,19107.86922
2003-11-27,19055.8627
2003-11-28,19101.19344
2003-12-01,19085.58705
2003-12-02,19294.19179
2003-12-03,19602.07645
2003-12-04,19666.2522
2003-12-05,19687.2459
2003-12-08,19760.83272
2003-12-09,19751.52244
2003-12-10,19638.0936
2003-12-11,19515.61966
2003-12-12,19740.43515
2003-12-15,19976.63712
2003-12-16,19777.01672
2003-12-17,19761.30356
2003-12-18,19794.03954
2003-12-19,19724.60592
2003-12-22,19757.34814
2003-12-23,19839.6334
2003-12-24,20049.1512
2003-12-29,20191.60268
2003-12-30,20428.63147
2003-12-31,20533.99544
2004-01-02,20723.11488
2004-01-05,20888.1162
2004-01-06,21109.2525
2004-01-07,20982.8154
2004-01-08,21162.29451
2004-01-09,21224.00544
2004-01-12,21231.07668
2004-01-13,21231.6179
2004-01-14,21198.03725
2004-01-15,21093.79338
2004-01-16,20800.67336
2004-01-19,20643.3024
2004-01-20,21038.0898
2004-01-21,21154.3257
2004-01-22,21431.6205
2004-01-23,21301.73013
2004-01-27,21351.78386
2004-01-28,20947.13316
2004-01-29,20574.8377
2004-01-30,20686.5656
2004-02-02,20561.45965
2004-02-03,20665.63044
2004-02-04,20592.8736
2004-02-05,20562.017
2004-02-06,20867.80106
2004-02-09,21131.12235
2004-02-10,21202.22171
2004-02-11,21562.48289
2004-02-12,21717.117
2004-02-13,21780.72895
2004-02-16,21780.84402
2004-02-17,21999.37344
2004-02-18,21863.42781
2004-02-19,21947.35923
2004-02-20,21299.57613
2004-02-23,21322.4616
2004-02-24,21526.33185
2004-02-25,21277.28988
2004-02-26,21364.63248
2004-02-27,21527.66754
2004-03-01,21587.87202
2004-03-02,21429.36224
2004-03-03,21049.70085
2004-03-04,21042.301
2004-03-05,21450.55325
2004-03-08,21465.972
2004-03-09,21496.72734
2004-03-10,21072.2322
2004-03-11,20893.28016
2004-03-12,20623.72191
2004-03-15,20824.13715
2004-03-16,20956.08312
2004-03-17,21091.1456
2004-03-18,21349.38676
2004-03-19,21287.52351
2004-03-22,21217.8203
2004-03-23,21108.734394
2004-03-24,20866.41348
2004-03-25,20766.31838
2004-03-26,21196.70125
2004-03-29,21111.3612
2004-03-30,21318.7496
2004-03-31,21674.85992
2004-04-01,21893.36398
2004-04-02,21580.30974
2004-04-05,21528.95486
2004-04-06,21820.5526
2004-04-07,21914.4394
2004-04-08,21776.04648
2004-04-13,21445.27641
2004-04-14,20864.32344
2004-04-15,20978.77322
2004-04-16,21042.36648
2004-04-19,21202.13898
2004-04-20,20905.48754
2004-04-21,20773.44692
2004-04-22,20909.51304
2004-04-23,21020.9799
2004-04-26,20966.6182
2004-04-27,20997.37652
2004-04-28,20607.13808
2004-04-29,20311.88334
2004-04-30,20288.15256
2004-05-03,20152.41986
2004-05-04,20476.40472
2004-05-05,20641.87776
2004-05-06,20305.29608
2004-05-07,19709.4022
2004-05-10,19313.33135
2004-05-11,19394.4348
2004-05-12,19545.00648
2004-05-13,19199.73972
2004-05-14,19232.80155
2004-05-17,19005.7855
2004-05-18,19186.44819
2004-05-19,19532.02524
2004-05-20,19472.0244
2004-05-21,19660.38462
2004-05-24,19650.4655
2004-05-25,19910.19335
2004-05-26,20056.2586
2004-05-27,20482.71925
2004-05-28,20397.72968
2004-05-31,20481.61584
2004-06-01,20218.9559
2004-06-02,20041.31824
2004-06-03,19754.59502
2004-06-04,19971.52461
2004-06-07,20374.0836
2004-06-08,20184.32676
2004-06-09,19779.52368
2004-06-10,19996.488
2004-06-11,19965.91146
2004-06-15,20006.77172
2004-06-16,19890.79928
2004-06-17,19838.59734
2004-06-18,20115.29817
2004-06-21,20313.9675
2004-06-22,20148.35335
2004-06-23,20216.99462
2004-06-24,20487.9397
2004-06-25,20457.36072
2004-06-28,20403.14976
2004-06-29,20132.76765
2004-06-30,20422.98832
2004-07-01,20616.23641
2004-07-02,20885.12304
2004-07-05,20845.3095
2004-07-06,21003.39944
2004-07-07,21340.803
2004-07-08,21280.51497
2004-07-09,21299.8896
2004-07-12,21419.5158
2004-07-13,21346.61796
2004-07-14,21105.44708
2004-07-15,21087.13583
2004-07-16,21379.4988
2004-07-19,21419.77206
2004-07-20,21104.57986
2004-07-21,20849.746
2004-07-22,20706.4377
2004-07-23,20458.82104
2004-07-26,20459.31615
2004-07-27,20211.29549
2004-07-28,20242.64341
2004-07-29,20246.96751
2004-07-30,20564.89677
2004-08-02,20626.70963
2004-08-03,20777.95608
2004-08-04,20681.6904
2004-08-05,20609.13804
2004-08-06,20854.54808
2004-08-09,20777.62228
2004-08-10,20642.74056
2004-08-11,20752.70766
2004-08-12,20619.41843
2004-08-13,20628.5707
2004-08-16,20618.34984
2004-08-17,20649.10624
2004-08-18,20598.32577
2004-08-19,20927.56164
2004-08-20,20961.01656
2004-08-23,20800.41
2004-08-24,20574.54998
2004-08-25,20537.39512
2004-08-26,20523.083
2004-08-27,20735.57496
2004-08-30,20566.15506
2004-08-31,20719.70167
2004-09-01,20788.18084
2004-09-02,20663.47008
2004-09-03,20472.53017
2004-09-06,20484.9063
2004-09-07,20641.56258
2004-09-08,20697.0452
2004-09-09,20460.11905
2004-09-10,20692.4628
2004-09-13,20818.94475
2004-09-14,21054.4152
2004-09-15,20857.37536
2004-09-16,20960.62176
2004-09-17,21002.99544
2004-09-20,21052.26592
2004-09-21,21143.07853
2004-09-22,21314.69952
2004-09-23,21468.40064
2004-09-24,21420.14812
2004-09-27,21391.59098
2004-09-28,21552.59091
2004-09-29,21694.6078
2004-09-30,22066.232
2004-10-01,22003.71096
2004-10-04,22067.4132
2004-10-05,22155.27968
2004-10-06,22159.21214
2004-10-07,22288.068
2004-10-08,22423.85496
2004-10-11,22480.49454
2004-10-12,22451.98078
2004-10-13,22366.84584
2004-10-14,22360.9581
2004-10-15,22452.84545
2004-10-18,22265.70683
2004-10-19,22345.725
2004-10-20,22497.71803
2004-10-21,22600.43115
2004-10-22,22701.99107
2004-10-25,22769.22336
2004-10-26,22864.41986
2004-10-27,23058.8862
2004-10-28,23319.30555
2004-10-29,23412.96132
2004-11-01,23425.44568
2004-11-02,23497.75974
2004-11-03,23974.7895
2004-11-04,24063.94035
2004-11-05,24273.2399
2004-11-08,23968.49661
2004-11-09,24154.4448
2004-11-10,24176.93184
2004-11-11,24436.53149
2004-11-12,24600.64875
2004-11-15,24828.46686
2004-11-16,24744.03912
2004-11-17,25090.8984
2004-11-18,24982.4282
2004-11-19,25111.36134
2004-11-22,24797.65338
2004-11-23,25155.16626
2004-11-24,25301.86425
2004-11-25,25564.7016
2004-11-26,25603.52087
2004-11-29,25462.15656
2004-11-30,25120.61387
2004-12-01,25070.93928
2004-12-02,25258.51263
2004-12-03,25492.5045
2004-12-06,25269.37325
2004-12-07,25174.4895
2004-12-08,24454.1698
2004-12-09,24278.35478
2004-12-10,24252.5685
2004-12-13,24543.31422
2004-12-14,24608.1128
2004-12-15,24928.52726
2004-12-16,24898.83387
2004-12-17,25220.112
2004-12-20,25239.48602
2004-12-21,25407.29208
2004-12-22,25485.34569
2004-12-23,25545.14068
2004-12-24,25762.86124
2004-12-29,25895.30944
2004-12-30,26165.05323
2004-12-31,26221.15404
2005-01-04,25738.82948
2005-01-05,25557.2838
2005-01-06,25360.56369
2005-01-07,25472.60712
2005-01-10,25599.33678
2005-01-11,25697.10792
2005-01-12,25855.99488
2005-01-13,25791.27015
2005-01-14,25506.03568
2005-01-17,25578.4706
2005-01-18,25397.2488
2005-01-19,25469.78048
2005-01-20,25331.954
2005-01-21,25762.87812
2005-01-24,25775.488
2005-01-25,25675.06377
2005-01-27,26394.31359
2005-01-28,26284.60614
2005-01-31,26350.38315
2005-02-01,26471.35287
2005-02-02,26694.07388
2005-02-03,26495.67225
2005-02-04,26531.475
2005-02-07,26618.6236
2005-02-08,26513.88204
2005-02-09,26619.24963
2005-02-10,27060.44933
2005-02-11,27150.06463
2005-02-14,27072.16962
2005-02-15,27009.5892
2005-02-16,26968.61286
2005-02-17,27165.68786
2005-02-18,27166.65728
2005-02-21,27234.60198
2005-02-22,27295.4876
2005-02-23,26812.28472
2005-02-24,26670.734805
2005-02-25,26892.44635
2005-02-28,27364.80512
2005-03-01,27260.85709
2005-03-02,27171.39875
2005-03-03,27255.16276
2005-03-04,27617.45352
2005-03-07,27805.17552
2005-03-08,28017.56586
2005-03-09,27850.38626
2005-03-10,27619.956
2005-03-11,27568.10002
2005-03-14,27587.60275
2005-03-15,27639.60902
2005-03-16,27864.06156
2005-03-17,27779.78064
2005-03-18,27952.70435
2005-03-21,27747.38568
2005-03-22,27432.06034
2005-03-23,26642.23624
2005-03-24,26417.1186
2005-03-29,26112.72648
2005-03-30,26118.77608
2005-03-31,26274.77336
2005-04-01,26410.6306
2005-04-04,26181.5028
2005-04-05,26278.75808
2005-04-06,26046.68793
2005-04-07,26174.79258
2005-04-08,26630.8746
2005-04-11,26519.72072
2005-04-12,26576.3146
2005-04-13,26620.7165
2005-04-14,26004.251
2005-04-15,25534.56087
2005-04-18,25175.424
2005-04-19,25677.921412
2005-04-20,25823.547156
2005-04-21,25797.73669
2005-04-22,26077.63263
2005-04-26,25900.7679
2005-04-27,25840.5624
2005-04-28,25859.17476
2005-04-29,25747.4048
2005-05-02,25893.74376
2005-05-03,25529.46109
2005-05-04,25508.92317
2005-05-05,25575.39528
2005-05-06,25550.08119
2005-05-09,25590.8808
2005-05-10,25675.03586
2005-05-11,25665.32104
2005-05-12,25509.38324
2005-05-13,25228.48601
2005-05-16,24800.40468
2005-05-17,24712.4614
2005-05-18,25116.465
2005-05-19,25380.0464
2005-05-20,25294.90083
2005-05-23,25631.3178
2005-05-24,25892.2342
2005-05-25,25819.75032
2005-05-26,25704.47736
2005-05-27,26010.29668
2005-05-30,26017.82612
2005-05-31,25688.81712
2005-06-01,25748.71284
2005-06-02,26098.01975
2005-06-03,26230.1148
2005-06-06,26578.3776
2005-06-07,26747.616
2005-06-08,26747.83615
2005-06-09,26780.3914
2005-06-10,26602.19821
2005-06-14,26706.56352
2005-06-15,27053.6022
2005-06-16,27277.23092
2005-06-17,27761.51238
2005-06-20,27644.1048
2005-06-21,27768.75577
2005-06-22,27565.07644
2005-06-23,27256.05267
2005-06-24,27058.90704
2005-06-27,26945.55096
2005-06-28,26964.97704
2005-06-29,26901.2352
2005-06-30,26994.811641
2005-07-01,26587.10802
2005-07-04,26556.3438
2005-07-05,26394.98444
2005-07-06,26188.40758
2005-07-07,25919.7012
2005-07-08,26007.04248
2005-07-11,26375.16414
2005-07-12,26712.28554
2005-07-13,26570.81831
2005-07-14,26712.94494
2005-07-15,26598.28584
2005-07-18,26822.44584
2005-07-19,26563.94797
2005-07-20,26914.759
2005-07-21,26970.40336
2005-07-22,27202.66663
2005-07-25,27092.07348
2005-07-26,26908.97345
2005-07-27,26935.82936
2005-07-28,26909.14224
2005-07-29,26920.46032
2005-08-01,27007.0064
2005-08-02,27186.41022
2005-08-03,27322.16685
2005-08-04,27370.9362
2005-08-05,27265.76397
2005-08-08,27302.5326
2005-08-09,27275.05542
2005-08-10,27442.26048
2005-08-11,27983.2948
2005-08-12,27938.30996
2005-08-15,27776.88765
2005-08-16,27926.39028
2005-08-17,27518.96732
2005-08-18,27102.57858
2005-08-19,27179.62104
2005-08-22,27532.56649
2005-08-23,27436.82424
2005-08-24,27207.96624
2005-08-25,27209.34765
2005-08-26,27271.5625
2005-08-29,26757.60576
2005-08-30,26907.23706
2005-08-31,27192.182
2005-09-01,27770.59888
2005-09-02,27726.20312
2005-09-05,27677.83588
2005-09-06,27722.8522
2005-09-07,27857.5872
2005-09-08,27983.78715
2005-09-09,28029.73173
2005-09-12,27833.82474
2005-09-13,27977.05289
2005-09-14,28205.48775
2005-09-15,28022.2912
2005-09-16,28243.24864
2005-09-19,28225.34208
2005-09-20,28386.46303
2005-09-21,28400.60264
2005-09-22,28134.28475
2005-09-23,27971.16192
2005-09-26,28281.06281
2005-09-27,28325.61188
2005-09-28,28416.24056
2005-09-29,28720.21009
2005-09-30,28588.86376
2005-10-03,28680.7472
2005-10-04,28663.54972
2005-10-05,27808.49175
2005-10-06,27313.53768
2005-10-07,27195.12252
2005-10-10,27438.93327
2005-10-11,26947.47648
2005-10-12,27282.8292
2005-10-13,26903.2596
2005-10-14,26815.5246
2005-10-17,26829.70884
2005-10-18,26957.80629
2005-10-19,26594.99176
2005-10-20,26669.99089
2005-10-21,26447.658
2005-10-24,26486.98308
2005-10-25,26890.13736
2005-10-26,27127.84568
2005-10-27,27127.3002
2005-10-28,26557.4736
2005-10-31,26980.73903
2005-11-01,26927.40219
2005-11-02,26761.41839
2005-11-03,26990.12052
2005-11-04,26787.9804
2005-11-07,26757.32
2005-11-08,27061.47265
2005-11-09,26966.05119
2005-11-10,26790.10957
2005-11-11,27105.92951
2005-11-14,27103.84376
2005-11-15,27276.2616
2005-11-16,27320.40531
2005-11-17,27482.50379
2005-11-18,27698.68878
2005-11-21,27710.17596
2005-11-22,27552.02171
2005-11-23,27510.78106
2005-11-24,27777.95284
2005-11-25,27637.58088
2005-11-28,27984.33552
2005-11-29,27661.4292
2005-11-30,27647.50896
2005-12-01,27444.41721
2005-12-02,27963.39035
2005-12-05,28072.24692
2005-12-06,28102.208
2005-12-07,27932.05512
2005-12-08,27726.657
2005-12-09,27759.9861
2005-12-12,28103.53503
2005-12-13,27929.93448
2005-12-14,28150.25661
2005-12-15,27955.29274
2005-12-16,27923.4432
2005-12-19,27816.94608
2005-12-20,27693.18933
2005-12-21,27966.18686
2005-12-22,27822.62722
2005-12-23,27814.47741
2005-12-28,27983.85264
2005-12-29,28216.929
2005-12-30,28198.85166
2006-01-03,28512.2424
2006-01-04,29080.38787
2006-01-05,29022.27867
2006-01-06,29140.42842
2006-01-09,29386.63245
2006-01-10,29084.67961
2006-01-11,29472.25377
2006-01-12,29273.88618
2006-01-13,29466.62741
2006-01-16,29444.0032
2006-01-17,29530.41446
2006-01-18,28872.18735
2006-01-19,29183.36565
2006-01-20,29264.7504
2006-01-23,29239.28202
2006-01-24,29246.00768
2006-01-25,29528.62974
2006-01-27,29731.75727
2006-01-30,29829.46428
2006-01-31,30153.37728
2006-02-01,30079.73395
2006-02-02,29790.14383
2006-02-03,29501.08228
2006-02-06,29389.38928
2006-02-07,29250.9002
2006-02-08,28763.7399
2006-02-09,29070.496
2006-02-10,28915.76255
2006-02-13,28578.89088
2006-02-14,29047.54314
2006-02-15,28746.4925
2006-02-16,28671.00056
2006-02-17,28552.68514
2006-02-20,28846.6588
2006-02-21,29019.91098
2006-02-22,28954.18617
2006-02-23,29213.39588
2006-02-24,29110.8366
2006-02-27,29174.30768
2006-02-28,29380.161
2006-03-01,29029.87088
2006-03-02,29496.357
2006-03-03,29336.62665
2006-03-06,29179.18578
2006-03-07,28779.98263
2006-03-08,28787.7348
2006-03-09,28938.62944
2006-03-10,28795.7971
2006-03-13,29295.35671
2006-03-14,29268.16802
2006-03-15,29385.47367
2006-03-16,29526.91164
2006-03-17,29056.60348
2006-03-20,28925.81388
2006-03-21,28705.96456
2006-03-22,28942.85954
2006-03-23,28881.97727
2006-03-24,28720.50584
2006-03-27,28789.99623
2006-03-28,28745.95876
2006-03-29,28912.0038
2006-03-30,29340.1515
2006-03-31,29457.30225
2006-04-03,29737.1061
2006-04-04,29813.95375
2006-04-05,30373.4724
2006-04-06,30665.37726
2006-04-07,30429.3135
2006-04-10,30370.28193
2006-04-11,30763.03635
2006-04-12,30398.77191
2006-04-13,30210.5609
2006-04-18,31272.20852
2006-04-19,31621.49955
2006-04-20,31209.69736
2006-04-21,31213.94454
2006-04-24,31436.9919
2006-04-26,32149.652
2006-04-27,32156.3134
2006-04-28,31931.95948
2006-05-01,32328.65312
2006-05-02,32202.8217
2006-05-03,32577.04625
2006-05-04,32061.89217
2006-05-05,32509.37886
2006-05-08,32771.3496
2006-05-09,32996.52648
2006-05-10,33170.2595
2006-05-11,33304.42535
2006-05-12,32960.8257
2006-05-15,31911.78429
2006-05-16,32040.57514
2006-05-17,31628.485
2006-05-18,31352.12899
2006-05-19,31021.63344
2006-05-22,30466.5248
2006-05-23,30256.77886
2006-05-24,30380.85739
2006-05-25,30383.364
2006-05-26,30729.02285
2006-05-29,31089.77465
2006-05-30,31255.2588
2006-05-31,30196.76341
2006-06-01,30312.994
2006-06-02,30620.08548
2006-06-05,30673.92
2006-06-06,29890.76433
2006-06-07,29848.4547
2006-06-08,29198.33072
2006-06-09,29770.1768
2006-06-13,28641.4491
2006-06-14,28596.43616
2006-06-15,28931.37467
2006-06-16,29372.2559
2006-06-19,28907.76772
2006-06-20,28698.78876
2006-06-21,29121.36367
2006-06-22,29400.36792
2006-06-23,29068.00003
2006-06-26,29092.4175
2006-06-27,29299.81128
2006-06-28,28854.18972
2006-06-29,29494.47384
2006-06-30,30102.43392
2006-07-03,30230.35452
2006-07-04,30376.02782
2006-07-05,30230.22359
2006-07-06,30561.02258
2006-07-07,30780.47467
2006-07-10,30679.88768
2006-07-11,30731.04384
2006-07-12,30830.31394
2006-07-13,30643.35882
2006-07-14,29925.22199
2006-07-17,29638.57162
2006-07-18,29398.50129
2006-07-19,29419.22038
2006-07-20,29986.9944
2006-07-21,29796.83602
2006-07-24,29738.14848
2006-07-25,30034.2784
2006-07-26,30023.8631
2006-07-27,30469.9591
2006-07-28,30335.87106
2006-07-31,30449.502
2006-08-01,30426.27853
2006-08-02,30043.6843
2006-08-03,30311.8365
2006-08-04,30305.06467
2006-08-07,30185.60648
2006-08-08,30457.32272
2006-08-09,30282.0936
2006-08-10,30307.14484
2006-08-11,30250.00532
2006-08-14,30158.88858
2006-08-15,30225.596
2006-08-16,30439.27174
2006-08-17,30743.91672
2006-08-18,30562.5725
2006-08-21,30786.18164
2006-08-22,30842.48358
2006-08-23,30899.36754
2006-08-24,30274.94844
2006-08-25,30352.5912
2006-08-28,30379.32772
2006-08-29,30832.79868
2006-08-30,30781.31385
2006-08-31,31086.79734
2006-09-01,31092.81971
2006-09-04,31383.0102
2006-09-05,31540.72922
2006-09-06,31127.18922
2006-09-07,30769.18923
2006-09-08,30551.05292
2006-09-11,30009.2408
2006-09-12,29684.23456
2006-09-13,30016.90416
2006-09-14,30388.42832
2006-09-15,30118.67928
2006-09-18,30460.13488
2006-09-19,30141.0564
2006-09-20,29816.55235
2006-09-21,29962.41066
2006-09-22,29583.26512
2006-09-25,29786.16168
2006-09-26,29693.60856
2006-09-27,30228.65132
2006-09-28,30228.2629
2006-09-29,30421.55984
2006-10-02,30630.53048
2006-10-03,30460.35465
2006-10-04,30329.58752
2006-10-05,30785.51912
2006-10-06,30661.69317
2006-10-09,30582.66593
2006-10-10,30850.74594
2006-10-11,31057.5812
2006-10-12,31253.45856
2006-10-13,31397.208
2006-10-16,31659.9332
2006-10-17,31457.00719
2006-10-18,31740.52548
2006-10-19,31745.09739
2006-10-20,31986.79008
2006-10-23,31885.7964
2006-10-24,31845.70703
2006-10-25,32173.21053
2006-10-26,32513.90422
2006-10-27,32478.9402
2006-10-30,32733.8625
2006-10-31,32846.45532
2006-11-01,33041.66492
2006-11-02,32984.35744
2006-11-03,32920.0928
2006-11-06,33084.34011
2006-11-07,33425.17256
2006-11-08,33105.13472
2006-11-09,32816.1334
2006-11-10,32820.27056
2006-11-13,32484.39168
2006-11-14,32729.92184
2006-11-15,32708.08863
2006-11-16,32552.96916
2006-11-17,32808.15395
2006-11-20,32288.3396
2006-11-21,32523.5958
2006-11-22,33226.39398
2006-11-23,33273.74016
2006-11-24,33360.21656
2006-11-27,33306.94458
2006-11-28,33122.05988
2006-11-29,33474.05666
2006-11-30,33862.38349
2006-12-01,33526.50993
2006-12-04,33516.11718
2006-12-05,33396.8516
2006-12-06,33554.05793
2006-12-07,33773.84296
2006-12-08,33356.19066
2006-12-11,33592.70952
2006-12-12,33703.692
2006-12-13,33765.60168
2006-12-14,34121.86206
2006-12-15,34109.73966
2006-12-18,34117.65555
2006-12-19,34078.73712
2006-12-20,34443.1076
2006-12-21,34233.5552
2006-12-22,34337.79249
2006-12-27,34601.84512
2006-12-28,34942.83255
2006-12-29,34938.49079
2007-01-02,35281.68546
2007-01-03,34942.05036
2007-01-04,34189.02864
2007-01-05,33904.5056
2007-01-08,33524.2362
2007-01-09,34073.69326
2007-01-10,33477.08133
2007-01-11,33888.57153
2007-01-12,34441.7904
2007-01-15,34672.5918
2007-01-16,34601.49926
2007-01-17,34537.1937
2007-01-18,34761.60168
2007-01-19,34852.12254
2007-01-22,35089.16884
2007-01-23,35341.9375
2007-01-24,35069.68896
2007-01-25,34654.0194
2007-01-29,34555.48752
2007-01-30,34915.6875
2007-01-31,34866.13994
2007-02-01,34927.04293
2007-02-02,35057.22855
2007-02-05,35054.8641
2007-02-06,35416.7265
2007-02-07,35584.05372
2007-02-08,35739.171
2007-02-09,35698.93288
2007-02-12,35468.77152
2007-02-13,35907.5251
2007-02-14,36255.93335
2007-02-15,36475.1772
2007-02-16,36318.76074
2007-02-19,36547.39713
2007-02-20,36489.2524
2007-02-21,36510.12674
2007-02-22,36772.90494
2007-02-23,37048.37458
2007-02-26,37191.754
2007-02-27,36570.57132
2007-02-28,35566.00175
2007-03-01,35334.7313
2007-03-02,35035.3872
2007-03-05,33770.64888
2007-03-06,34626.75974
2007-03-07,35028.69396
2007-03-08,35008.32544
2007-03-09,35207.41176
2007-03-12,35860.8734
2007-03-13,35476.212
2007-03-14,34963.57748
2007-03-15,35775.2919
2007-03-16,35926.51191
2007-03-19,36297.32568
2007-03-20,36518.95538
2007-03-21,36630.42691
2007-03-22,37093.88631
2007-03-23,37046.51997
2007-03-26,37524.54666
2007-03-27,37286.98556
2007-03-28,36848.81952
2007-03-29,37159.05842
2007-03-30,37473.546
2007-04-02,37342.89592
2007-04-03,37808.04982
2007-04-04,38604.4218
2007-04-05,38472.90468
2007-04-10,39333.0525
2007-04-11,39199.18136
2007-04-12,39442.65518
2007-04-13,39483.25942
2007-04-16,39887.15766
2007-04-17,40024.1804
2007-04-18,40388.91702
2007-04-19,39747.01621
2007-04-20,40123.41775
2007-04-23,39913.33662
2007-04-24,39571.68254
2007-04-26,39665.51822
2007-04-27,39420.68312
2007-04-30,39467.9494
2007-05-01,39196.68324
2007-05-02,39641.20727
2007-05-03,39628.95656
2007-05-04,39980.63188
2007-05-07,40278.57918
2007-05-08,40212.6154
2007-05-09,40383.9267
2007-05-10,40382.847
2007-05-11,40257.38898
2007-05-14,40555.97567
2007-05-15,40290.10304
2007-05-16,39857.4072
2007-05-17,40226.1221
2007-05-18,39822.40625
2007-05-21,40089.6705
2007-05-22,39752.51644
2007-05-23,40046.66265
2007-05-24,39319.09629
2007-05-25,39145.02912
2007-05-28,39163.14558
2007-05-29,39556.38888
2007-05-30,39318.43584
2007-05-31,39963.82365
2007-06-01,40323.49445
2007-06-04,40799.4878
2007-06-05,40768.02336
2007-06-06,40724.73944
2007-06-07,40515.36867
2007-06-08,40319.099
2007-06-12,40059.552
2007-06-13,39633.12068
2007-06-14,39907.01044
2007-06-15,40433.88872
2007-06-18,40803.9205
2007-06-19,41093.028
2007-06-20,41117.35413
2007-06-21,41229.3624
2007-06-22,41264.78552
2007-06-25,40865.1888
2007-06-26,40633.06174
2007-06-27,39496.01172
2007-06-28,40398.08256
2007-06-29,40543.38388
2007-07-02,40908.74395
2007-07-03,40867.2821
2007-07-04,41032.85956
2007-07-05,41374.67313
2007-07-06,41429.49552
2007-07-09,41849.68304
2007-07-10,41549.5011
2007-07-11,41273.80754
2007-07-12,41720.35942
2007-07-13,42135.53724
2007-07-16,42091.58528
2007-07-17,42128.77056
2007-07-18,42029.65437
2007-07-19,42484.93574
2007-07-20,42767.26146
2007-07-23,42703.848
2007-07-24,42803.34504
2007-07-25,42362.1486
2007-07-26,41166.53545
2007-07-27,39134.94544
2007-07-30,39582.58048
2007-07-31,39596.91132
2007-08-01,38478.1818
2007-08-02,39055.05752
2007-08-03,38923.9587
2007-08-06,38426.83416
2007-08-07,38756.466
2007-08-08,39860.18688
2007-08-09,39639.87552
2007-08-10,37947.6608
2007-08-13,38369.63816
2007-08-14,37706.4832
2007-08-15,35947.5316
2007-08-16,34452.9103
2007-08-17,34381.5717
2007-08-20,36310.4783
2007-08-21,36419.74458
2007-08-22,36937.956
2007-08-23,38325.03743
2007-08-24,38122.5339
2007-08-27,38712.54828
2007-08-28,37997.21523
2007-08-29,37890.79339
2007-08-30,37750.4955
2007-08-31,38544.59928
2007-09-03,38890.47669
2007-09-04,39147.47265
2007-09-05,38897.00343
2007-09-06,39076.2512
2007-09-07,39103.75872
2007-09-10,38441.1608
2007-09-11,39122.7741
2007-09-12,39387.56163
2007-09-13,39216.64252
2007-09-14,39876.63504
2007-09-17,39336.10222
2007-09-18,39721.79125
2007-09-19,40907.8596
2007-09-20,41484.88308
2007-09-21,41351.7816
2007-09-24,42078.61845
2007-09-25,42559.5984
2007-09-26,42702.05576
2007-09-27,43244.30102
2007-09-28,43761.90818
2007-10-01,44045.05248
2007-10-02,44155.80299
2007-10-03,44123.832
2007-10-04,43785.46244
2007-10-05,44497.93764
2007-10-08,44601.11118
2007-10-09,45222.72938
2007-10-10,45434.33541
2007-10-11,45749.60202
2007-10-12,45829.08034
2007-10-15,45650.6599
2007-10-16,44680.4764
2007-10-17,44715.25338
2007-10-18,45560.83317
2007-10-19,44846.36936
2007-10-22,43786.40156
2007-10-23,44914.4487
2007-10-24,44898.96544
2007-10-25,45025.3671
2007-10-26,46082.70644
2007-10-29,46813.19083
2007-10-30,46325.94758
2007-10-31,47072.02454
2007-11-01,46470.66924
2007-11-02,46104.75168
2007-11-05,45141.4134
2007-11-06,45850.5156
2007-11-07,46273.93056
2007-11-08,44862.0864
2007-11-09,44268.5691
2007-11-12,41956.86788
2007-11-13,43415.98976
2007-11-14,43940.73726
2007-11-15,42941.21364
2007-11-16,42812.02607
2007-11-19,42881.36832
2007-11-20,42519.44196
2007-11-21,41099.56968
2007-11-22,40925.9123
2007-11-23,41089.3282
2007-11-26,41607.21916
2007-11-27,41689.04216
2007-11-28,41931.82026
2007-11-29,41969.1618
2007-11-30,42742.15344
2007-12-03,42574.8994
2007-12-04,42198.7642
2007-12-05,41841.87652
2007-12-06,42982.42044
2007-12-07,43227.60026
2007-12-10,43349.35432
2007-12-11,42976.34928
2007-12-12,43048.414
2007-12-13,42572.99328
2007-12-14,41213.20662
2007-12-17,39610.374
2007-12-18,39629.88629
2007-12-19,39401.40812
2007-12-20,39076.92247
2007-12-21,39905.836
2007-12-24,40467.8782
2007-12-27,40772.778
2007-12-28,40516.39893
2007-12-31,40557.60254
2008-01-02,40931.12632
2008-01-03,40281.86838
2008-01-04,39954.83936
2008-01-07,39024.4936
2008-01-08,39076.44246
2008-01-09,39040.4201
2008-01-10,39599.69115
2008-01-11,38719.49496
2008-01-14,39008.138
2008-01-15,38104.068
2008-01-16,36909.0241
2008-01-17,36866.67366
2008-01-18,36613.74938
2008-01-21,34845.69172
2008-01-22,32651.94336
2008-01-23,34199.24124
2008-01-24,35522.59424
2008-01-25,37172.46893
2008-01-29,36586.7433
2008-01-30,36215.89272
2008-01-31,36367.02589
2008-02-01,37944.37689
2008-02-04,38338.76508
2008-02-05,37290.05588
2008-02-06,36129.02352
2008-02-07,35956.55882
2008-02-08,36438.0858
2008-02-11,36023.19552
2008-02-12,36396.569
2008-02-13,35739.89448
2008-02-14,36857.96928
2008-02-15,36566.2452
2008-02-18,36379.728
2008-02-19,36900.06779
2008-02-20,36078.47635
2008-02-21,36637.71246
2008-02-22,36699.78792
2008-02-25,37250.40808
2008-02-26,37853.51427
2008-02-27,38827.674
2008-02-28,38135.99296
2008-02-29,36905.68993
2008-03-03,36083.17442
2008-03-04,35455.10094
2008-03-05,35681.8059
2008-03-06,35753.08835
2008-03-07,34720.2912
2008-03-10,33766.36524
2008-03-11,33899.58234
2008-03-12,34825.70065
2008-03-13,34441.85899
2008-03-14,34621.71948
2008-03-17,33191.1489
2008-03-18,33450.77109
2008-03-19,34085.60495
2008-03-20,32518.605
2008-03-25,34416.43008
2008-03-26,34818.73428
2008-03-27,34603.31004
2008-03-28,34439.6796
2008-03-31,34288.79811
2008-04-01,34100.44872
2008-04-02,35304.40524
2008-04-03,36050.08297
2008-04-04,36400.959
2008-04-07,36421.875
2008-04-08,36307.79405
2008-04-09,35910.55706
2008-04-10,35501.26912
2008-04-11,35357.08179
2008-04-14,34673.24448
2008-04-15,34990.27168
2008-04-16,35931.66555
2008-04-17,36103.6423
2008-04-18,35454.85506
2008-04-21,36941.81892
2008-04-22,36726.91646
2008-04-23,37446.50547
2008-04-24,36689.00545
2008-04-28,36804.1363
2008-04-29,36555.30593
2008-04-30,36852.98302
2008-05-01,36434.49766
2008-05-02,37289.73664
2008-05-05,37910.51874
2008-05-06,37845.32306
2008-05-07,37289.00256
2008-05-08,37865.26352
2008-05-09,38014.80634
2008-05-12,38592.24705
2008-05-13,38169.67582
2008-05-14,38408.04527
2008-05-15,38730.76343
2008-05-16,39622.6386
2008-05-19,39545.06686
2008-05-20,39504.51065
2008-05-21,39027.26212
2008-05-22,38745.97155
2008-05-23,38419.4944
2008-05-26,38032.5894
2008-05-27,38065.33272
2008-05-28,37761.50217
2008-05-29,37854.46388
2008-05-30,37526.85108
2008-06-02,37511.60504
2008-06-03,36755.15996
2008-06-04,37065.4434
2008-06-05,36830.466
2008-06-06,37269.10966
2008-06-10,35572.66875
2008-06-11,35812.45519
2008-06-12,34413.309
2008-06-13,34875.90288
2008-06-16,34849.44092
2008-06-17,35271.40988
2008-06-18,35468.43552
2008-06-19,35087.36746
2008-06-20,34708.69939
2008-06-23,34595.55412
2008-06-24,34738.372
2008-06-25,34513.43554
2008-06-26,34858.4988
2008-06-27,34529.6358
2008-06-30,34247.83204
2008-07-01,33657.73944
2008-07-02,33573.20356
2008-07-03,32873.8191
2008-07-04,33580.99217
2008-07-07,32839.4115
2008-07-08,32260.67271
2008-07-09,32863.0283
2008-07-10,32498.95428
2008-07-11,32918.63297
2008-07-14,32739.413
2008-07-15,32162.13402
2008-07-16,32325.68514
2008-07-17,32513.234
2008-07-18,32030.86296
2008-07-21,33446.74848
2008-07-22,33159.5972
2008-07-23,33496.38383
2008-07-24,33693.34059
2008-07-25,32414.6187
2008-07-28,32219.57439
2008-07-29,31515.3711
2008-07-30,31818.01884
2008-07-31,32026.08482
2008-08-01,31178.1608
2008-08-04,31114.60943
2008-08-05,30280.30668
2008-08-06,30940.10115
2008-08-07,31000.11264
2008-08-08,30386.90004
2008-08-11,30458.66861
2008-08-12,30254.38712
2008-08-13,29684.34684
2008-08-14,29763.56683
2008-08-15,29645.10036
2008-08-18,29757.9575
2008-08-19,29121.51088
2008-08-20,29517.846
2008-08-21,29391.11824
2008-08-22,29154.4368
2008-08-25,29645.07986
2008-08-26,29323.92
2008-08-27,29415.744
2008-08-28,29855.8712
2008-08-29,30186.54324
2008-09-01,29681.53353
2008-09-02,29265.0548
2008-09-03,28922.454
2008-09-04,27718.8847
2008-09-05,27243.96831
2008-09-08,28250.80575
2008-09-09,27273.01964
2008-09-10,26716.3341
2008-09-11,26680.8506
2008-09-12,27616.73046
2008-09-15,26625.50082
2008-09-16,25954.57056
2008-09-17,25397.88048
2008-09-18,25274.26561
2008-09-19,27381.92877
2008-09-22,28940.1702
2008-09-23,27846.82365
2008-09-24,28344.52005
2008-09-25,28064.99218
2008-09-26,27904.87864
2008-09-29,26417.62448
2008-09-30,25017.97905
2008-10-01,25839.05832
2008-10-02,25162.88961
2008-10-03,24878.5769
2008-10-06,22374.63716
2008-10-07,22362.82166
2008-10-08,19839.47772
2008-10-09,20132.80146
2008-10-10,17413.61362
2008-10-13,19955.31724
2008-10-14,20743.49848
2008-10-15,19192.62
2008-10-16,19004.25168
2008-10-17,18696.11472
2008-10-20,19967.54292
2008-10-21,19763.964
2008-10-22,19104.34487
2008-10-23,18296.94528
2008-10-24,16508.02122
2008-10-27,15714.47368
2008-10-28,16780.85958
2008-10-29,17542.08896
2008-10-30,18587.11005
2008-10-31,18353.4204
2008-11-03,19587.76
2008-11-04,20188.64296
2008-11-05,20298.75728
2008-11-06,18826.35896
2008-11-07,18695.93924
2008-11-10,18751.69622
2008-11-11,17764.24041
2008-11-12,17101.82058
2008-11-13,16810.51391
2008-11-14,16588.71579
2008-11-17,16202.8815
2008-11-18,15677.53536
2008-11-19,15247.40724
2008-11-20,13951.08161
2008-11-21,14694.3665
2008-11-24,15258.8205
2008-11-25,16075.57644
2008-11-26,15808.224
2008-11-27,16106.1732
2008-11-28,16732.7175
2008-12-01,16225.99336
2008-12-02,15659.9157
2008-12-03,15732.83098
2008-12-04,15673.2588
2008-12-05,15532.49793
2008-12-08,16677.03352
2008-12-09,16255.75343
2008-12-10,16411.91153
2008-12-11,16554.7578
2008-12-12,15904.92032
2008-12-15,16413.41628
2008-12-16,16965.20772
2008-12-17,17140.30824
2008-12-18,16735.30572
2008-12-19,16879.17231
2008-12-22,16706.26188
2008-12-23,16472.2153
2008-12-24,16711.67944
2008-12-29,17036.18917
2008-12-30,17256.9595
2008-12-31,17969.77548
2009-01-02,17994.47514
2009-01-05,18064.4565
2009-01-06,18503.16026
2009-01-07,18381.05907
2009-01-08,17998.99903
2009-01-09,17959.00418
2009-01-12,17128.08166
2009-01-13,16579.45836
2009-01-14,16612.5159
2009-01-15,16049.69535
2009-01-16,16339.82144
2009-01-19,16446.89046
2009-01-20,15404.46694
2009-01-21,15641.67324
2009-01-22,15630.27836
2009-01-23,14986.66118
2009-01-27,15612.6852
2009-01-28,15913.26375
2009-01-29,15745.54086
2009-01-30,15370.88684
2009-02-02,15119.60994
2009-02-03,15656.17027
2009-02-04,15108.19534
2009-02-05,15285.04166
2009-02-06,16029.89703
2009-02-09,16332.88386
2009-02-10,15540.41415
2009-02-11,15561.49016
2009-02-12,15676.58944
2009-02-13,16003.13724
2009-02-16,15581.27376
2009-02-17,15033.32985
2009-02-18,14890.42632
2009-02-19,15165.84797
2009-02-20,15023.2972
2009-02-23,14709.75728
2009-02-24,14810.96096
2009-02-25,14711.21025
2009-02-26,14843.9835
2009-02-27,14633.19085
2009-03-02,14002.40583
2009-03-03,14066.61632
2009-03-04,14068.3152
2009-03-05,13908.55585
2009-03-06,13793.33205
2009-03-09,13641.9507
2009-03-10,14068.4841
2009-03-11,14422.00688
2009-03-12,14519.6298
2009-03-13,15071.12956
2009-03-16,15100.61432
2009-03-17,15619.15712
2009-03-18,16032.53223
2009-03-19,16274.11124
2009-03-20,16250.78962
2009-03-23,17127.71229
2009-03-24,16996.408
2009-03-25,17186.76474
2009-03-26,17493.46952
2009-03-27,17404.49862
2009-03-30,16771.2732
2009-03-31,16941.18374
2009-04-01,17095.93126
2009-04-02,17995.07394
2009-04-03,18256.62432
2009-04-06,18292.7637
2009-04-07,17981.11445
2009-04-08,17556.38475
2009-04-09,18067.20928
2009-04-14,18519.43563
2009-04-15,18646.8105
2009-04-16,18574.55615
2009-04-17,18616.86498
2009-04-20,17969.8382
2009-04-21,17838.33192
2009-04-22,17670.08622
2009-04-23,18260.9741
2009-04-24,18328.73879
2009-04-27,18076.98988
2009-04-28,17874.488
2009-04-29,18299.86466
2009-04-30,18694.95055
2009-05-01,18780.1472
2009-05-04,19606.0436
2009-05-05,19679.5884
2009-05-06,19697.07385
2009-05-07,20325.66135
2009-05-08,20697.07836
2009-05-11,20318.2278
2009-05-12,20235.49452
2009-05-13,19807.62887
2009-05-14,19303.59496
2009-05-15,19281.80664
2009-05-18,19510.66524
2009-05-19,20152.29016
2009-05-20,20210.33378
2009-05-21,20275.07379
2009-05-22,20090.32944
2009-05-25,19950.29367
2009-05-26,20358.8616
2009-05-27,20124.16373
2009-05-28,20130.17643
2009-05-29,20887.5144
2009-06-01,21522.4016
2009-06-02,22181.71793
2009-06-03,21969.26336
2009-06-04,21576.55948
2009-06-05,21525.09536
2009-06-09,21537.28166
2009-06-10,22052.10224
2009-06-11,22656.2256
2009-06-12,22554.55306
2009-06-15,21919.94973
2009-06-16,21477.14625
2009-06-17,21181.30414
2009-06-18,21260.98546
2009-06-19,21493.81528
2009-06-22,21055.23134
2009-06-23,20605.01692
2009-06-24,20702.8467
2009-06-25,21166.3552
2009-06-26,21537.2646
2009-06-29,21433.53267
2009-06-30,21799.01331
2009-07-01,21399.976
2009-07-02,20988.21263
2009-07-03,20847.61156
2009-07-06,20613.97597
2009-07-07,20316.39846
2009-07-08,20038.82257
2009-07-09,20132.14968
2009-07-10,20188.4061
2009-07-13,19991.8875
2009-07-14,20997.19287
2009-07-15,21550.9993
2009-07-16,21989.7846
2009-07-17,21931.58544
2009-07-20,22566.24645
2009-07-21,22648.27384
2009-07-22,22668.8683
2009-07-23,22574.44986
2009-07-24,22836.21626
2009-07-27,23267.44972
2009-07-28,23556.0072
2009-07-29,23118.06684
2009-07-30,23630.2295
2009-07-31,24220.9324
2009-08-03,24521.79778
2009-08-04,24867.67751
2009-08-05,24488.03835
2009-08-06,24797.48634
2009-08-07,24589.12848
2009-08-10,24644.41578
2009-08-11,24557.6748
2009-08-12,24710.06745
2009-08-13,25556.99426
2009-08-14,25386.2127
2009-08-17,24631.65036
2009-08-18,24740.7044
2009-08-19,24800.75814
2009-08-20,24853.694
2009-08-21,24470.14992
2009-08-24,25346.50426
2009-08-25,25112.17884
2009-08-26,25175.9431
2009-08-27,25541.80596
2009-08-28,25824.1792
2009-08-31,25838.13626
2009-09-01,25480.85386
2009-09-02,25270.22316
2009-09-03,25426.34696
2009-09-04,25772.0292
2009-09-07,26020.3776
2009-09-08,26608.9916
2009-09-09,26648.87238
2009-09-10,26954.46468
2009-09-11,27105.04014
2009-09-14,26660.08618
2009-09-15,26766.88462
2009-09-16,27707.54824
2009-09-17,28082.41589
2009-09-18,27801.10884
2009-09-21,27567.19238
2009-09-22,27817.57139
2009-09-23,28111.55921
2009-09-24,27759.64576
2009-09-25,27944.21304
2009-09-28,27870.75564
2009-09-29,28267.63632
2009-09-30,28616.24136
2009-10-01,27931.58565
2009-10-02,27180.40122
2009-10-05,27384.46307
2009-10-06,27916.928
2009-10-07,28564.41267
2009-10-08,29497.60588
2009-10-09,29322.06597
2009-10-12,29328.93444
2009-10-13,29682.82568
2009-10-14,30193.89189
2009-10-15,30554.67729
2009-10-16,30261.83844
2009-10-19,30391.62408
2009-10-20,30562.07568
2009-10-21,30628.338
2009-10-22,30455.87968
2009-10-23,30605.95902
2009-10-26,30209.66226
2009-10-27,29759.7621
2009-10-28,28721.53704
2009-10-29,28596.4497
2009-10-30,28510.64096
2009-11-02,28005.1872
2009-11-03,27934.8849
2009-11-04,28230.3418
2009-11-05,28041.1124
2009-11-06,28821.3778
2009-11-09,29674.86273
2009-11-10,30065.4604
2009-11-11,30204.5715
2009-11-12,29908.92126
2009-11-13,29991.06336
2009-11-16,30423.29408
2009-11-17,30055.80994
2009-11-18,30081.7503
2009-11-19,29825.45092
2009-11-20,29293.497216
2009-11-23,29768.296032
2009-11-24,29398.220245
2009-11-25,30042.82726
2009-11-26,29352.78237
2009-11-27,28308.885819
2009-11-30,29374.97507
2009-12-01,29816.0577
2009-12-02,30082.399412
2009-12-03,30141.509211
2009-12-04,29399.219884
2009-12-07,29136.216384
2009-12-08,28829.587125
2009-12-09,28777.643661
2009-12-10,28839.99493
2009-12-11,28868.675963
2009-12-14,29135.9016
2009-12-15,28935.913335
2009-12-16,28672.145073
2009-12-17,28296.698903
2009-12-18,28288.183056
2009-12-21,27889.57721
2009-12-22,28138.471375
2009-12-23,28449.784086
2009-12-24,28873.015695
2009-12-29,29590.540303
2009-12-30,29505.968604
2009-12-31,29838.514768
2010-01-04,30388.79
2010-01-05,30661.952009
2010-01-06,30922.63262
2010-01-07,30663.38484
2010-01-08,31008.803051
2010-01-11,31476.791346
2010-01-12,30788.093728
2010-01-13,30737.859633
2010-01-14,31160.350872
2010-01-15,30876.726221
2010-01-18,31061.044429
2010-01-19,30704.014803
2010-01-20,30205.658493
2010-01-21,29685.585852
2010-01-22,29217.201622
2010-01-25,29122.406208
2010-01-27,28377.821472
2010-01-28,28509.22263
2010-01-29,27597.763028
2010-02-01,27547.48846
2010-02-02,27878.825688
2010-02-03,28007.720351
2010-02-04,27274.83456
2010-02-05,26750.770966
2010-02-08,26689.52905
2010-02-09,27006.092622
2010-02-10,26969.038526
2010-02-11,27730.67727
2010-02-12,27662.688924
2010-02-15,27615.881475
2010-02-16,28154.302312
2010-02-17,28696.136136
2010-02-18,28691.934258
2010-02-19,28448.144256
2010-02-22,28991.108862
2010-02-23,28671.754377
2010-02-24,28339.70218
2010-02-25,27870.324396
2010-02-26,28342.962008
2010-03-01,28832.938519
2010-03-02,28997.681024
2010-03-03,29273.544105
2010-03-04,29203.2237
2010-03-05,29528.28456
2010-03-08,29839.98309
2010-03-09,30069.22983
2010-03-10,30094.384252
2010-03-11,30080.56586
2010-03-12,30099.759264
2010-03-15,29856.548872
2010-03-16,30109.939625
2010-03-17,30585.162657
2010-03-18,30564.160039
2010-03-19,30448.514162
2010-03-22,30256.85582
2010-03-23,30576.3819
2010-03-24,30279.121754
2010-03-25,30267.922284
2010-03-26,30223.115391
2010-03-29,30674.540372
2010-03-30,30820.898115
2010-03-31,30507.591296
2010-04-01,30853.979832
2010-04-06,31378.71728
2010-04-07,31385.197115
2010-04-08,31306.3494
2010-04-09,31503.994221
2010-04-12,31519.028199
2010-04-13,31391.290152
2010-04-14,31879.915848
2010-04-15,31925.818611
2010-04-16,31454.201532
2010-04-19,31006.719095
2010-04-20,31339.162848
2010-04-21,31317.426951
2010-04-22,31069.113518
2010-04-23,30919.059528
2010-04-27,30474.748896
2010-04-28,30458.330245
2010-04-29,30289.850052
2010-04-30,30338.831333
2010-05-03,30263.37552
2010-05-04,29377.475328
2010-05-05,28869.146295
2010-05-06,27640.265675
2010-05-07,27163.408233
2010-05-10,28354.883832
2010-05-11,27786.338608
2010-05-12,27897.73877
2010-05-13,28444.305252
2010-05-14,27884.304392
2010-05-17,26754.95424
2010-05-18,26337.12934
2010-05-19,25389.02512
2010-05-20,24035.775864
2010-05-21,24466.954432
2010-05-24,24744.287544
2010-05-25,24159.312294
2010-05-26,24146.968578
2010-05-27,25472.756056
2010-05-28,25806.192606
2010-05-31,25603.935567
2010-06-01,25076.230464
2010-06-02,25174.274586
2010-06-03,25845.409944
2010-06-04,25016.081664
2010-06-07,23928.660535
2010-06-08,24753.893
2010-06-09,24791.586089
2010-06-10,25725.685062
2010-06-11,26175.76341
2010-06-15,26639.202528
2010-06-16,26898.71679
2010-06-17,26840.33519
2010-06-18,27101.95306
2010-06-21,27451.8889
2010-06-22,27100.698802
2010-06-23,26709.282642
2010-06-24,26405.803836
2010-06-25,26224.2525
2010-06-28,25986.789395
2010-06-29,25014.111087
2010-06-30,24503.981866
2010-07-01,24227.253804
2010-07-02,24157.793889
2010-07-05,24026.339166
2010-07-06,24729.056079
2010-07-07,24926.249259
2010-07-08,25906.70147
2010-07-09,26129.468485
2010-07-12,26152.708176
2010-07-13,26199.88839
2010-07-14,26724.660672
2010-07-15,26611.318755
2010-07-16,26039.766298
2010-07-19,25655.627646
2010-07-20,26373.1604
2010-07-21,26240.417875
2010-07-22,26503.68248
2010-07-23,27073.573275
2010-07-26,27456.074028
2010-07-27,27480.46322
2010-07-28,27355.401672
2010-07-29,27598.184221
2010-07-30,27521.216956
2010-08-02,28102.96664
2010-08-03,28260.197903
2010-08-04,28220.397248
2010-08-05,28305.9069
2010-08-06,28378.0629
2010-08-09,28495.73184
2010-08-10,28095.374676
2010-08-11,27052.277199
2010-08-12,26749.489598
2010-08-13,27061.684038
2010-08-16,27122.280843
2010-08-17,27521.339154
2010-08-18,27317.535586
2010-08-19,27147.34022
2010-08-20,26904.48552
2010-08-23,26835.693309
2010-08-24,26269.638372
2010-08-25,25961.88133
2010-08-26,26258.08856
2010-08-27,26708.801287
2010-08-30,27024.832803
2010-08-31,26707.691143
2010-09-01,27905.321541
2010-09-02,28112.463852
2010-09-03,28310.74904
2010-09-06,28485.939378
2010-09-07,28281.830808
2010-09-08,28330.934472
2010-09-09,28690.321088
2010-09-10,28605.5362
2010-09-13,29201.892561
2010-09-14,29317.87702
2010-09-15,29480.2583
2010-09-16,29002.463232
2010-09-17,29203.668106
2010-09-20,29472.98513
2010-09-21,29527.655144
2010-09-22,29658.760728
2010-09-23,29480.20803
2010-09-24,29587.65887
2010-09-27,30064.434944
2010-09-28,30230.560575
2010-09-29,30087.393452
2010-09-30,29649.594536
2010-10-01,29772.844708
2010-10-04,29952.51774
2010-10-05,29943.863622
2010-10-06,30661.852116
2010-10-07,30835.65198
2010-10-08,30764.353956
2010-10-11,30804.326
2010-10-12,30396.398942
2010-10-13,30486.58812
2010-10-14,31081.190987
2010-10-15,30850.946525
2010-10-18,30581.990049
2010-10-19,29983.510336
2010-10-20,30364.252806
2010-10-21,30069.19076
2010-10-22,30418.481943
2010-10-25,31082.571014
2010-10-26,30784.71693
2010-10-27,30187.810044
2010-10-28,30669.904476
2010-10-29,30588.02072
2010-11-01,31044.736752
2010-11-02,31385.942742
2010-11-03,31713.069216
2010-11-04,32060.263422
2010-11-05,32470.77834
2010-11-08,32348.605268
2010-11-09,31596.424728
2010-11-10,31364.182035
2010-11-11,31253.010558
2010-11-12,30729.873132
2010-11-15,30674.314524
2010-11-16,30484.071112
2010-11-17,30055.312875
2010-11-18,30455.16051
2010-11-19,30323.11168
2010-11-22,30502.884217
2010-11-23,29661.453945
2010-11-24,29966.97461
2010-11-25,29948.179716
2010-11-26,29580.201552
2010-11-29,29630.974607
2010-11-30,29276.16998
2010-12-01,29618.557312
2010-12-02,30389.948512
2010-12-03,31044.285126
2010-12-06,30862.372288
2010-12-07,30908.80676
2010-12-08,30646.768344
2010-12-09,31062.62695
2010-12-10,31129.095054
2010-12-13,31560.636928
2010-12-14,31707.245976
2010-12-15,31281.40458
2010-12-16,31533.059858
2010-12-17,31340.590092
2010-12-20,31417.73514
2010-12-21,31677.99261
2010-12-22,31763.179896
2010-12-23,32043.536442
2010-12-24,31809.38571
2010-12-29,32174.067171
2010-12-30,32169.317852
2010-12-31,31996.678796
2011-01-04,31507.614376
2011-01-05,31196.805838
2011-01-06,31131.948224
2011-01-07,31081.49424
2011-01-10,31146.823213
2011-01-11,30777.633512
2011-01-12,31071.12917
2011-01-13,31592.000168
2011-01-14,31297.967232
2011-01-17,31208.110947
2011-01-18,31547.8917
2011-01-19,31842.82944
2011-01-20,31116.403296
2011-01-21,30980.20636
2011-01-24,31434.71072
2011-01-25,31575.35785
2011-01-27,31373.194302
2011-01-28,31223.00571
2011-01-31,31297.43232
2011-02-01,31723.660727
2011-02-02,31715.963073
2011-02-03,32108.852656
2011-02-04,32314.719488
2011-02-07,32371.96266
2011-02-08,32528.22954
2011-02-09,32708.863488
2011-02-10,32514.851766
2011-02-11,32256.668178
2011-02-14,32668.218252
2011-02-15,32366.294714
2011-02-16,32607.35676
2011-02-17,32916.184132
2011-02-18,32925.520735
2011-02-21,32484.973704
2011-02-22,31929.691248
2011-02-23,31914.415233
2011-02-24,31912.92286
2011-02-25,32361.705883
2011-02-28,32342.648874
2011-03-01,32143.34136
2011-03-02,32091.686973
2011-03-03,32055.590292
2011-03-04,32412.643352
2011-03-07,31817.621008
2011-03-08,31894.564725
2011-03-09,31602.752952
2011-03-10,30911.205264
2011-03-11,30981.945066
2011-03-14,30668.86824
2011-03-15,29466.634618
2011-03-16,29258.302536
2011-03-17,29385.913788
2011-03-18,30292.541188
2011-03-21,30684.33129
2011-03-22,30742.358864
2011-03-23,30905.42796
2011-03-24,31486.716042
2011-03-25,31911.327504
2011-03-28,31832.51328
2011-03-29,32104.095405
2011-03-30,32644.508855
2011-03-31,32720.517592
2011-04-01,33078.918954
2011-04-04,33126.490095
2011-04-05,33108.218358
2011-04-06,33564.018538
2011-04-07,33619.708874
2011-04-08,34107.719052
2011-04-11,34119.96847
2011-04-12,33453.15401
2011-04-13,33688.694504
2011-04-14,33629.526525
2011-04-15,33499.17456
2011-04-18,33349.860075
2011-04-19,32956.744724
2011-04-20,33942.820832
2011-04-21,34297.34124
2011-04-27,34494.28452
2011-04-28,34621.974592
2011-04-29,34336.64556
2011-05-02,34288.65286
2011-05-03,33702.79284
2011-05-04,33070.395204
2011-05-05,32671.842188
2011-05-06,32924.286464
2011-05-09,33352.77888
2011-05-10,33247.611904
2011-05-11,33185.45155
2011-05-12,32578.932262
2011-05-13,32370.341152
2011-05-16,31981.77
2011-05-17,32360.734888
2011-05-18,32449.163609
2011-05-19,33028.986681
2011-05-20,32751.013771
2011-05-23,31729.524344
2011-05-24,31752.98523
2011-05-25,31349.193282
2011-05-26,32173.761897
2011-05-27,32546.63503
2011-05-30,32342.715629
2011-05-31,32554.59869
2011-06-01,32331.481952
2011-06-02,31831.54772
2011-06-03,31822.546545
2011-06-06,31718.512966
2011-06-07,31718.254274
2011-06-08,31198.459936
2011-06-09,31324.2714
2011-06-10,31146.893603
2011-06-14,31731.980455
2011-06-15,31259.997327
2011-06-16,30625.5281
2011-06-17,30856.3184
2011-06-20,30489.1454
2011-06-21,30894.24378
2011-06-22,30973.97536
2011-06-23,30653.941824
2011-06-24,30645.230158
2011-06-27,30213.457164
2011-06-28,30505.125433
2011-06-29,31254.770844
2011-06-30,31939.222461
2011-07-01,31991.871039
2011-07-04,31994.455325
2011-07-05,31794.620364
2011-07-06,31859.96924
2011-07-07,32091.723912
2011-07-08,32363.872217
2011-07-11,31573.87992
2011-07-12,30844.112928
2011-07-13,31441.309757
2011-07-14,31103.314314
2011-07-15,30776.922896
2011-07-18,30689.341322
2011-07-19,30992.87566
2011-07-20,31580.902023
2011-07-21,31877.175101
2011-07-22,32186.80948
2011-07-25,31655.8905
2011-07-26,32256.611156
2011-07-27,32242.55122
2011-07-28,31651.700316
2011-07-29,31315.460375
2011-08-01,31748.241666
2011-08-02,30761.924412
2011-08-03,30008.314014
2011-08-04,28815.19176
2011-08-05,27611.621523
2011-08-08,26179.841902
2011-08-09,26900.885232
2011-08-10,27059.951776
2011-08-11,27406.365066
2011-08-12,27609.809278
2011-08-15,28759.833186
2011-08-16,28402.277072
2011-08-17,28978.58909
2011-08-18,28208.638535
2011-08-19,27271.74809
2011-08-22,27162.949814
2011-08-23,28106.449024
2011-08-24,27890.695634
2011-08-25,28092.902256
2011-08-26,28363.575064
2011-08-29,29000.535872
2011-08-30,29101.292388
2011-08-31,29331.68754
2011-09-01,29490.662608
2011-09-02,28831.642464
2011-09-05,27898.03687
2011-09-06,27339.129874
2011-09-07,28508.19764
2011-09-08,28269.635094
2011-09-09,28069.807824
2011-09-12,26718.31215
2011-09-13,26887.294054
2011-09-14,26289.86851
2011-09-15,26880.747114
2011-09-16,27445.725216
2011-09-19,26611.657748
2011-09-20,26488.283025
2011-09-21,26114.08212
2011-09-22,24662.533182
2011-09-23,24383.430836
2011-09-26,24336.711165
2011-09-27,25380.500824
2011-09-28,25232.053776
2011-09-29,25066.856388
2011-09-30,24723.0405
2011-10-03,23645.887577
2011-10-04,23653.945568
2011-10-05,24175.39893
2011-10-06,25277.679801
2011-10-07,25931.703798
2011-10-10,26642.448738
2011-10-11,26831.013092
2011-10-12,27144.415779
2011-10-13,27599.272442
2011-10-14,27751.756668
2011-10-17,27654.14228
2011-10-18,27408.219318
2011-10-19,27489.466536
2011-10-20,27079.307514
2011-10-21,27425.872608
2011-10-24,28402.033245
2011-10-25,28040.568524
2011-10-26,28035.977082
2011-10-27,29662.414324
2011-10-28,29624.437677
2011-10-31,28782.36058
2011-11-01,27793.2214
2011-11-02,27505.220256
2011-11-03,27571.49229
2011-11-04,28165.916592
2011-11-07,28142.968896
2011-11-08,28320.02172
2011-11-09,27976.457432
2011-11-10,27345.225141
2011-11-11,28016.747616
2011-11-14,27912.188094
2011-11-15,27696.013125
2011-11-16,27164.67144
2011-11-17,27026.559987
2011-11-18,26555.086775
2011-11-21,26088.876404
2011-11-22,25869.6869
2011-11-23,24946.586262
2011-11-24,25028.402427
2011-11-25,24672.228582
2011-11-28,25634.43194
2011-11-29,26234.57034
2011-11-30,27004.596136
2011-12-01,27553.460535
2011-12-02,27856.5632
2011-12-05,28250.197368
2011-12-06,27780.011838
2011-12-07,28107.457326
2011-12-08,27690.006648
2011-12-09,27322.151812
2011-12-12,27251.837515
2011-12-13,26722.4415
2011-12-14,26451.69315
2011-12-15,26165.921925
2011-12-16,26322.455614
2011-12-19,25451.617271
2011-12-20,25926.87008
2011-12-21,26480.923392
2011-12-22,26265.518892
2011-12-23,26623.250341
2011-12-28,26083.426668
2011-12-29,26090.266309
2011-12-30,26107.614504
2012-01-03,26769.091552
2012-01-04,27324.818432
2012-01-05,26764.612676
2012-01-06,26514.33382
2012-01-09,26542.144795
2012-01-10,27038.971656
2012-01-11,27265.361472
2012-01-12,27315.3092
2012-01-13,27305.593353
2012-01-16,26996.45878
2012-01-17,27632.611524
2012-01-18,27761.242584
2012-01-19,27744.145002
2012-01-20,28161.742275
2012-01-23,28193.24728
2012-01-24,28029.878165
2012-01-25,28669.661214
2012-01-27,28937.491923
2012-01-30,28675.212688
2012-01-31,28548.446764
2012-02-01,28524.962768
2012-02-02,28812.25535
2012-02-03,28866.294534
2012-02-06,29093.235756
2012-02-07,29115.8504
2012-02-08,29152.370953
2012-02-09,29081.115587
2012-02-10,28519.277874
2012-02-13,28972.688568
2012-02-14,28555.943032
2012-02-15,28671.74406
2012-02-16,28350.501684
2012-02-17,28312.119888
2012-02-20,28848.27141
2012-02-21,28820.55744
2012-02-22,28758.255957
2012-02-23,28921.067025
2012-02-24,29013.484826
2012-02-27,28929.354704
2012-02-28,28936.331668
2012-02-29,29040.14409
2012-03-01,28965.82663
2012-03-02,28892.99296
2012-03-05,28679.130675
2012-03-06,27975.330109
2012-03-07,27678.405702
2012-03-08,28036.479568
2012-03-09,28102.39728
2012-03-12,27907.568831
2012-03-13,28352.8635
2012-03-14,28375.129548
2012-03-15,28511.33705
2012-03-16,28643.002528
2012-03-19,28788.26444
2012-03-20,28327.137524
2012-03-21,28123.9959
2012-03-22,27970.380864
2012-03-23,28179.022493
2012-03-26,28361.68724
2012-03-27,28370.282281
2012-03-28,28459.111871
2012-03-29,28392.42308
2012-03-30,28246.689744
2012-04-02,28396.547784
2012-04-03,28214.61372
2012-04-04,28014.07104
2012-04-05,28098.464325
2012-04-10,27775.21446
2012-04-11,27608.696852
2012-04-12,28182.021504
2012-04-13,28274.015069
2012-04-16,28135.582664
2012-04-17,28082.99692
2012-04-18,28394.140604
2012-04-19,28423.18595
2012-04-20,28595.77185
2012-04-23,28323.438225
2012-04-24,28370.83188
2012-04-26,28647.05952
2012-04-27,28819.19194
2012-04-30,28923.780846
2012-05-01,28879.076347
2012-05-02,28915.035744
2012-05-03,28661.571744
2012-05-04,28216.422344
2012-05-07,27671.488957
2012-05-08,27536.77031
2012-05-09,27082.6318
2012-05-10,27321.41622
2012-05-11,27095.354624
2012-05-14,27056.856933
2012-05-15,26793.518284
2012-05-16,26114.957229
2012-05-17,26015.824557
2012-05-18,25207.42257
2012-05-21,25538.338504
2012-05-22,25514.7594
2012-05-23,25141.566054
2012-05-24,25132.885695
2012-05-25,24949.92185
2012-05-28,25430.475939
2012-05-29,25719.999792
2012-05-30,25273.272367
2012-05-31,25258.54509
2012-06-01,25120.061444
2012-06-04,24670.922227
2012-06-05,25083.817808
2012-06-06,25611.183995
2012-06-07,25881.936715
2012-06-08,25670.3929
2012-06-12,25853.013088
2012-06-13,25712.818467
2012-06-14,25796.363008
2012-06-15,26040.349673
2012-06-18,26624.26102
2012-06-19,26693.613754
2012-06-20,26783.170128
2012-06-21,26113.032188
2012-06-22,25934.047723
2012-06-25,25641.844022
2012-06-26,25694.75192
2012-06-27,25906.611775
2012-06-28,25816.595784
2012-06-29,26640.072243
2012-07-02,26894.6709
2012-07-03,26951.984766
2012-07-04,27217.08576
2012-07-05,27270.67179
2012-07-06,27025.765
2012-07-09,26790.170004
2012-07-10,26581.80673
2012-07-11,26747.128968
2012-07-12,26273.391042
2012-07-13,26640.355275
2012-07-16,26836.68074
2012-07-17,27226.58816
2012-07-18,27218.23416
2012-07-19,27961.86843
2012-07-20,27782.217744
2012-07-23,27056.94382
2012-07-24,26984.618701
2012-07-25,27168.994995
2012-07-26,27533.876059
2012-07-27,28163.3613
2012-07-30,28447.955284
2012-07-31,28515.36051
2012-08-01,28397.654568
2012-08-02,28446.237204
2012-08-03,28434.622836
2012-08-06,28781.875276
2012-08-07,28841.858136
2012-08-08,29012.316144
2012-08-09,28986.471387
2012-08-10,28769.54753
2012-08-13,28659.065061
2012-08-14,28629.203117
2012-08-15,28610.965138
2012-08-16,28970.136351
2012-08-17,28956.2826
2012-08-20,28992.851328
2012-08-21,29220.487756
2012-08-22,29196.063672
2012-08-23,29084.53439
2012-08-24,28757.261476
2012-08-27,28624.11426
2012-08-28,28728.3142
2012-08-29,28642.286068
2012-08-30,28205.492852
2012-08-31,28278.721109
2012-09-03,28120.340716
2012-09-04,27927.628145
2012-09-05,27686.637039
2012-09-06,28137.29436
2012-09-07,28493.010328
2012-09-10,28383.159861
2012-09-11,28585.252899
2012-09-12,28877.58075
2012-09-13,28968.232152
2012-09-14,29253.815448
2012-09-17,29129.779998
2012-09-18,29041.694259
2012-09-19,29206.685108
2012-09-20,28915.305034
2012-09-21,29068.705089
2012-09-24,28846.744566
2012-09-25,28650.104148
2012-09-26,28509.5984
2012-09-27,28861.429527
2012-09-28,28611.267036
2012-10-01,28580.010026
2012-10-02,28598.927172
2012-10-03,28493.779776
2012-10-04,28660.66742
2012-10-05,28774.369074
2012-10-08,28716.621578
2012-10-09,28910.83095
2012-10-10,28871.416534
2012-10-11,28884.693672
2012-10-12,28773.334856
2012-10-15,28822.626441
2012-10-16,28921.6668
2012-10-17,29405.290098
2012-10-18,29532.404768
2012-10-19,29531.397735
2012-10-22,29312.6091
2012-10-23,29136.525138
2012-10-24,29143.193178
2012-10-25,29131.5153
2012-10-26,28993.545064
2012-10-29,28869.479396
2012-10-30,29004.920109
2012-10-31,29229.9587
2012-11-01,28934.60615
2012-11-02,28772.67456
2012-11-05,28958.294288
2012-11-06,29231.47792
2012-11-07,29369.636088
2012-11-08,29124.204428
2012-11-09,28940.66172
2012-11-12,28893.513274
2012-11-13,28449.86686
2012-11-14,28333.072068
2012-11-15,28003.9509
2012-11-16,27970.514075
2012-11-19,28315.841835
2012-11-20,28392.015184
2012-11-21,28218.66795
2012-11-22,28552.5629
2012-11-23,28745.905839
2012-11-26,28822.270593
2012-11-27,28965.829536
2012-11-28,29017.363557
2012-11-29,29095.841767
2012-11-30,29269.884028
2012-12-03,29408.593598
2012-12-04,29357.872116
2012-12-05,29426.89992
2012-12-06,29441.997085
2012-12-07,29744.841248
2012-12-10,29831.78275
2012-12-11,30090.468957
2012-12-12,30232.060474
2012-12-13,30064.477237
2012-12-14,30210.027876
2012-12-17,30090.6853
2012-12-18,30165.64992
2012-12-19,30165.186072
2012-12-20,30264.445588
2012-12-21,29964.959622
2012-12-24,29941.473324
2012-12-27,30083.456304
2012-12-28,30189.21051
2012-12-31,30105.67041
2013-01-02,30791.436014
2013-01-03,30907.811396
2013-01-04,30850.062424
2013-01-07,30859.292244
2013-01-08,30661.1023
2013-01-09,30823.721766
2013-01-10,31146.032016
2013-01-11,30849.514245
2013-01-14,31011.326526
2013-01-15,30959.971496
2013-01-16,31140.079992
2013-01-17,31177.331335
2013-01-18,31169.014221
2013-01-21,31252.97175
2013-01-22,31409.069576
2013-01-23,31420.134375
2013-01-24,31271.24022
2013-01-25,31353.659865
2013-01-29,31865.393844
2013-01-30,31724.185503
2013-01-31,31637.424666
2013-02-01,31879.37791
2013-02-04,31920.96384
2013-02-05,31613.17064
2013-02-06,31652.042495
2013-02-07,31636.84986
2013-02-08,31976.89299
2013-02-11,31730.881
2013-02-12,31851.032642
2013-02-13,32301.627496
2013-02-14,32521.119408
2013-02-15,32332.364768
2013-02-18,32563.866704
2013-02-19,32858.04083
2013-02-20,32602.171482
2013-02-21,31836.719352
2013-02-22,32305.84607
2013-02-25,32361.98377
2013-02-26,31878.745184
2013-02-27,32096.677093
2013-02-28,32438.98044
2013-03-01,32280.649884
2013-03-04,31791.248348
2013-03-05,32372.676224
2013-03-06,32565.809955
2013-03-07,32628.88396
2013-03-08,32582.51668
2013-03-11,32903.10232
2013-03-12,32842.907151
2013-03-13,32581.68444
2013-03-14,32467.88344
2013-03-15,33123.856608
2013-03-18,32426.06562
2013-03-19,32140.80056
2013-03-20,32031.956475
2013-03-21,32170.700788
2013-03-22,32226.092702
2013-03-25,32430.81078
2013-03-26,32229.592675
2013-03-27,32413.988607
2013-03-28,32136.2349
2013-04-02,32292.145372
2013-04-03,32153.529408
2013-04-04,31790.2156
2013-04-05,31474.884621
2013-04-08,31685.541008
2013-04-09,32382.804828
2013-04-10,32444.452293
2013-04-11,32705.680533
2013-04-12,32615.519415
2013-04-15,31695.2658
2013-04-16,31803.765315
2013-04-17,31803.9788
2013-04-18,31356.736792
2013-04-19,31312.69659
2013-04-22,31550.50553
2013-04-23,31803.901446
2013-04-24,32400.940743
2013-04-26,32305.979376
2013-04-29,32703.692962
2013-04-30,33191.103314
2013-05-01,32734.982952
2013-05-02,32365.493727
2013-05-03,32583.09695
2013-05-06,32604.19946
2013-05-07,32242.442759
2013-05-08,32475.038625
2013-05-09,32167.055602
2013-05-10,32046.086995
2013-05-13,31875.297018
2013-05-14,31720.124745
2013-05-15,31583.46361
2013-05-16,31155.128592
2013-05-17,30949.401903
2013-05-20,31366.695048
2013-05-21,31158.0609
2013-05-22,30706.515592
2013-05-23,30281.55092
2013-05-24,29479.3959
2013-05-27,29245.81449
2013-05-28,29257.742965
2013-05-29,29363.343825
2013-05-30,29206.389912
2013-05-31,28931.282325
2013-06-03,29291.731182
2013-06-04,28985.840745
2013-06-05,28273.890475
2013-06-06,28145.313439
2013-06-07,27591.41726
2013-06-11,27502.466684
2013-06-12,27475.038975
2013-06-13,27765.559304
2013-06-14,28109.422512
2013-06-17,28220.781064
2013-06-18,27989.66803
2013-06-19,27684.100686
2013-06-20,26820.189396
2013-06-21,26795.07072
2013-06-24,26537.524104
2013-06-25,26497.999552
2013-06-26,26983.106472
2013-06-27,27439.692096
2013-06-28,26933.885238
2013-07-01,26687.090053
2013-07-02,27118.2566
2013-07-03,26428.069284
2013-07-04,26864.92822
2013-07-05,26922.0667
2013-07-08,26944.429919
2013-07-09,27460.745745
2013-07-10,27577.50204
2013-07-11,27991.6509
2013-07-12,27622.498115
2013-07-15,27814.020129
2013-07-16,28304.139734
2013-07-17,28232.176896
2013-07-18,28117.448678
2013-07-19,27994.358327
2013-07-22,28410.5648
2013-07-23,28629.134793
2013-07-24,28312.19861
2013-07-25,28567.01553
2013-07-26,28637.217791
2013-07-29,28489.560648
2013-07-30,28045.493784
2013-07-31,27812.665494
2013-08-01,27694.954833
2013-08-02,27919.089264
2013-08-05,27957.004125
2013-08-06,28089.134008
2013-08-07,27598.73249
2013-08-08,28227.14336
2013-08-09,28450.216359
2013-08-12,28613.54865
2013-08-13,28781.51331
2013-08-14,28788.71844
2013-08-15,28788.352138
2013-08-16,28725.574392
2013-08-19,28517.69234
2013-08-20,28217.414988
2013-08-21,28015.775067
2013-08-22,27988.70065
2013-08-23,28302.465312
2013-08-26,28390.03182
2013-08-27,28277.224122
2013-08-28,27834.904656
2013-08-29,27834.603819
2013-08-30,27964.99216
2013-09-02,28505.447976
2013-09-03,28821.216534
2013-09-04,28970.736828
2013-09-05,28710.119079
2013-09-06,28926.677277
2013-09-09,29267.015148
2013-09-10,29636.26666
2013-09-11,29877.89812
2013-09-12,29735.68688
2013-09-13,29527.968873
2013-09-16,29931.910965
2013-09-17,30073.85148
2013-09-18,30521.594152
2013-09-19,30591.862795
2013-09-20,30342.550507
2013-09-23,30322.45158
2013-09-24,30094.849752
2013-09-25,30244.853644
2013-09-26,30351.493515
2013-09-27,30255.54906
2013-09-30,29765.360192
2013-10-01,29956.28244
2013-10-02,29964.956868
2013-10-03,30107.946346
2013-10-04,30074.753094
2013-10-07,29791.475253
2013-10-08,29702.999808
2013-10-09,29788.404592
2013-10-10,29754.072198
2013-10-11,30311.322389
2013-10-14,30180.590272
2013-10-15,30573.54261
2013-10-16,30665.923988
2013-10-17,31044.55222
2013-10-18,31396.140853
2013-10-21,31474.829724
2013-10-22,31781.10762
2013-10-23,31368.53526
2013-10-24,31449.137037
2013-10-25,31407.268215
2013-10-28,31694.580827
2013-10-29,31263.313137
2013-10-30,31383.252895
2013-10-31,31278.55005
2013-11-01,31148.571168
2013-11-04,31270.46453
2013-11-05,31486.35614
2013-11-06,31534.029573
2013-11-07,31226.612768
2013-11-08,30871.792758
2013-11-11,30711.546426
2013-11-12,30562.64103
2013-11-13,30336.347376
2013-11-14,30399.562852
2013-11-15,30836.513529
2013-11-18,30759.87025
2013-11-19,30770.61036
2013-11-20,30186.254718
2013-11-21,29753.145984
2013-11-22,29819.733035
2013-11-25,29874.679513
2013-11-26,29794.082517
2013-11-27,29499.303692
2013-11-28,29577.314998
2013-11-29,29535.85359
2013-12-02,29289.193104
2013-12-03,29258.439262
2013-12-04,29009.316625
2013-12-05,28695.33818
2013-12-06,28709.288118
2013-12-09,28466.133628
2013-12-10,28573.963315
2013-12-11,28045.81205
2013-12-12,27472.777284
2013-12-13,27742.087159
2013-12-16,27649.414975
2013-12-17,27564.880785
2013-12-18,27418.03722
2013-12-19,28005.684982
2013-12-20,28519.06413
2013-12-23,28701.949215
2013-12-24,28850.787825
2013-12-27,28655.688138
2013-12-30,28911.18528
2013-12-31,28896.046569
2014-01-02,28938.939601
2014-01-03,28967.04643
2014-01-06,28900.253712
2014-01-07,28721.848281
2014-01-08,28638.092955
2014-01-09,28689.518403
2014-01-10,28923.25291
2014-01-13,28954.502591
2014-01-14,28232.63244
2014-01-15,28274.441329
2014-01-16,28361.582847
2014-01-17,28193.270832
2014-01-20,28239.031155
2014-01-21,28404.952588
2014-01-22,28494.284051
2014-01-23,27926.477538
2014-01-24,27527.984825
2014-01-28,27488.631787
2014-01-29,27676.627029
2014-01-30,27655.472636
2014-01-31,27541.773
2014-02-03,27519.787386
2014-02-04,27576.623718
2014-02-05,27378.152907
2014-02-06,27855.8049
2014-02-07,28062.524348
2014-02-10,28315.54173
2014-02-11,28780.47285
2014-02-12,29057.65561
2014-02-13,28901.54288
2014-02-14,29353.376052
2014-02-17,29483.703397
2014-02-18,29539.710832
2014-02-19,29574.96044
2014-02-20,29652.587158
2014-02-21,29738.8116
2014-02-24,29983.77253
2014-02-25,30018.162312
2014-02-26,29863.754973
2014-02-27,29731.047445
2014-02-28,29654.085412
2014-03-03,29575.586257
2014-03-04,29693.164655
2014-03-05,29992.933233
2014-03-06,30288.951002
2014-03-07,30358.972749
2014-03-10,29963.58624
2014-03-11,29841.08608
2014-03-12,29736.39818
2014-03-13,29999.390925
2014-03-14,29594.69114
2014-03-17,29851.718328
2014-03-18,30209.590944
2014-03-19,30003.14232
2014-03-20,29800.4554
2014-03-21,30177.767664
2014-03-24,30254.307687
2014-03-25,30334.415404
2014-03-26,30787.2705
2014-03-27,30781.207806
2014-03-28,30835.217076
2014-03-31,31073.681317
2014-04-01,30927.907713
2014-04-02,31011.15969
2014-04-03,31017.063326
2014-04-04,31303.286175
2014-04-07,31178.212443
2014-04-08,31391.393134
2014-04-09,31815.044562
2014-04-10,32049.2337
2014-04-11,31685.94432
2014-04-14,31406.66237
2014-04-15,31381.182656
2014-04-16,31599.381536
2014-04-17,31638.897384
2014-04-22,32019.443847
2014-04-23,31979.339589
2014-04-24,32020.6183
2014-04-28,32046.648409
2014-04-29,31823.809974
2014-04-30,31911.806259
2014-05-01,31634.955684
2014-05-02,31692.22539
2014-05-05,31637.724462
2014-05-06,31902.179738
2014-05-07,31607.915396
2014-05-08,31971.192552
2014-05-09,31843.796292
2014-05-12,31811.261784
2014-05-13,32062.145166
2014-05-14,32107.80475
2014-05-15,32126.543948
2014-05-16,31979.512768
2014-05-19,31477.55911
2014-05-20,31254.82217
2014-05-21,31284.580104
2014-05-22,31511.241479
2014-05-23,31621.99203
2014-05-26,31770.990573
2014-05-27,31892.34971
2014-05-28,31924.438962
2014-05-29,32047.698661
2014-05-30,31954.008135
2014-06-02,31880.695266
2014-06-03,31752.553728
2014-06-04,31570.213306
2014-06-05,31774.214096
2014-06-06,31874.965408
2014-06-10,31911.03203
2014-06-11,31875.299156
2014-06-12,31823.08272
2014-06-13,31553.60089
2014-06-16,31682.039047
2014-06-17,31395.714911
2014-06-18,31554.581184
2014-06-19,32013.5769
2014-06-20,31670.357224
2014-06-23,31985.299143
2014-06-24,31709.507026
2014-06-25,31684.409253
2014-06-26,32017.090176
2014-06-27,31909.685118
2014-06-30,31572.69155
2014-07-01,31653.83679
2014-07-02,31995.921
2014-07-03,31882.13944
2014-07-04,32097.37131
2014-07-07,32089.64405
2014-07-08,32127.126918
2014-07-09,31820.67328
2014-07-10,31844.62882
2014-07-11,31969.879293
2014-07-14,32133.11542
2014-07-15,32061.98775
2014-07-16,32075.062434
2014-07-17,32041.691103
2014-07-18,32247.365136
2014-07-21,32242.4508
2014-07-22,32295.761869
2014-07-23,32691.965228
2014-07-24,32602.0191
2014-07-25,32481.511074
2014-07-28,32462.083017
2014-07-29,32410.15778
2014-07-30,32373.226886
2014-07-31,32331.213527
2014-08-01,31971.35298
2014-08-04,31952.592696
2014-08-05,31683.156672
2014-08-06,31777.724748
2014-08-07,31470.219625
2014-08-08,31046.49072
2014-08-11,31106.162406
2014-08-12,31565.960496
2014-08-13,31575.080832
2014-08-14,31812.152745
2014-08-15,31895.046296
2014-08-18,31986.1475
2014-08-19,32124.718494
2014-08-20,32129.61612
2014-08-21,32266.120806
2014-08-22,32349.909861
2014-08-25,32241.150113
2014-08-26,32280.448358
2014-08-27,32412.908008
2014-08-28,32324.609152
2014-08-29,32274.10053
2014-09-01,32270.18556
2014-09-02,32269.350828
2014-09-03,32466.014
2014-09-04,32315.548636
2014-09-05,32242.295841
2014-09-08,31781.478939
2014-09-09,31668.37209
2014-09-10,31285.089072
2014-09-11,30937.921196
2014-09-12,30670.724414
2014-09-15,30348.638215
2014-09-16,30436.83972
2014-09-17,29741.497175
2014-09-18,29900.255847
2014-09-19,29781.31839
2014-09-22,29220.033075
2014-09-23,29384.667834
2014-09-24,29303.859847
2014-09-25,29017.431338
2014-09-26,28535.137064
2014-09-29,28224.641952
2014-09-30,28415.509047
2014-10-01,28611.206494
2014-10-02,28630.36011
2014-10-03,28322.659176
2014-10-06,28473.738636
2014-10-07,28605.48828
2014-10-08,28448.565306
2014-10-09,28517.854788
2014-10-10,27621.724175
2014-10-13,27697.4082
2014-10-14,27794.657625
2014-10-15,28371.406246
2014-10-16,28177.245669
2014-10-17,28227.42474
2014-10-20,28609.544152
2014-10-21,28612.983699
2014-10-22,28923.737661
2014-10-23,28862.243424
2014-10-24,29117.363775
2014-10-27,29389.349115
2014-10-28,29518.19536
2014-10-29,29288.361984
2014-10-30,29580.24192
2014-10-31,29719.84416
2014-11-03,29247.09279
2014-11-04,29499.004472
2014-11-05,28988.18258
2014-11-06,28803.562632
2014-11-07,29336.585571
2014-11-10,29143.860564
2014-11-11,29349.31687
2014-11-12,29180.33527
2014-11-13,29071.63778
2014-11-14,29243.44391
2014-11-17,28867.29417
2014-11-18,28825.705096
2014-11-19,28314.188392
2014-11-20,28054.861728
2014-11-21,28167.477393
2014-11-24,28379.47122
2014-11-25,27927.5733
2014-11-26,28313.91387
2014-11-27,28335.92678
2014-11-28,27776.8953
2014-12-01,27203.566964
2014-12-02,27423.470676
2014-12-03,27512.745036
2014-12-04,27699.735126
2014-12-05,27320.624331
2014-12-08,27506.126116
2014-12-09,27109.605906
2014-12-10,27017.0607
2014-12-11,26779.950915
2014-12-12,26625.548527
2014-12-15,26359.288816
2014-12-16,26207.37741
2014-12-17,25987.38417
2014-12-18,26441.582032
2014-12-19,27040.796115
2014-12-22,27544.97412
2014-12-23,27148.893768
2014-12-24,27179.799952
2014-12-29,27697.874178
2014-12-30,27488.313924
2014-12-31,27436.035808
2015-01-01,27420.12
2015-01-02,27290.542972
2015-01-05,27404.804273
2015-01-06,26948.46336
2015-01-07,26874.051478
2015-01-08,27167.71218
2015-01-09,27841.61358
2015-01-12,27438.31973
2015-01-13,27352.595621
2015-01-14,27035.68
2015-01-15,27105.751354
2015-01-16,27062.158832
2015-01-19,27114.308894
2015-01-20,26948.102124
2015-01-21,27087.172374
2015-01-22,27006.477032
2015-01-23,27098.664228
2015-01-26,27340.43769
2015-01-27,27488.743542
2015-01-28,27367.986786
2015-01-29,26998.611248
2015-01-30,27132.970096
2015-02-02,27478.098298
2015-02-03,27827.994646
2015-02-04,27983.124024
2015-02-05,28330.851892
2015-02-06,28334.915628
2015-02-09,28344.876285
2015-02-10,28129.864215
2015-02-11,27799.465796
2015-02-12,27743.740528
2015-02-13,28492.799066
2015-02-16,28601.22162
2015-02-17,28650.161826
2015-02-18,28905.195616
2015-02-19,28778.988289
2015-02-20,28856.011548
2015-02-23,28839.80437
2015-02-24,29036.32401
2015-02-25,29344.62089
2015-02-26,28844.657331
2015-02-27,29036.151075
2015-03-02,29028.68392
2015-03-03,29098.06543
2015-03-04,28927.823703
2015-03-05,28792.226656
2015-03-06,28511.549924
2015-03-09,28083.35667
2015-03-10,27812.836926
2015-03-11,27553.61784
2015-03-12,28239.355607
2015-03-13,27795.827016
2015-03-16,27741.223334
2015-03-17,27811.996472
2015-03-18,28282.232115
2015-03-19,28200.88859
2015-03-20,28826.958858
2015-03-23,29168.408808
2015-03-24,29173.281592
2015-03-25,29110.328954
2015-03-26,28582.813908
2015-03-27,28521.678926
2015-03-30,27773.604372
2015-03-31,27782.004556
2015-04-01,27607.062875
2015-04-02,27749.86961
2015-04-07,28028.060309
2015-04-08,28405.262742
2015-04-09,28321.604724
2015-04-10,28474.496433
2015-04-13,28121.745914
2015-04-14,28166.42873
2015-04-15,28160.711404
2015-04-16,28757.206944
2015-04-17,28327.806678
2015-04-20,27945.894608
2015-04-21,28073.308604
2015-04-22,28040.383215
2015-04-23,28173.544831
2015-04-24,28729.583509
2015-04-27,29238.602568
2015-04-28,29614.211536
2015-04-29,28986.798126
2015-04-30,28397.535908
2015-05-01,28316.70944
2015-05-04,28358.557902
2015-05-05,28720.082384
2015-05-06,28124.96256
2015-05-07,27706.223675
2015-05-08,27756.969472
2015-05-11,27561.988428
2015-05-12,28100.745006
2015-05-13,28767.207525
2015-05-14,28551.778497
2015-05-15,28597.15314
2015-05-18,28050.242022
2015-05-19,27582.77445
2015-05-20,27403.51035
2015-05-21,27700.391067
2015-05-22,27486.451428
2015-05-25,27764.625996
2015-05-26,27708.182634
2015-05-27,27437.6881
2015-05-28,27104.041578
2015-05-29,27361.207476
2015-06-01,27044.13162
2015-06-02,27151.478175
2015-06-03,26945.798722
2015-06-04,26246.15369
2015-06-05,26023.661334
2015-06-09,26111.826975
2015-06-10,26382.890628
2015-06-11,26745.26778
2015-06-12,26614.9819
2015-06-15,26705.733432
2015-06-16,26640.989375
2015-06-17,26920.732816
2015-06-18,26747.097468
2015-06-19,27006.036449
2015-06-22,26923.20583
2015-06-23,27293.638848
2015-06-24,27191.859432
2015-06-25,27060.713424
2015-06-26,26361.278937
2015-06-29,25852.805573
2015-06-30,26094.613701
2015-07-01,26146.434664
2015-07-02,26517.387628
2015-07-03,25811.200545
2015-07-06,25498.17
2015-07-07,25830.81176
2015-07-08,25229.301031
2015-07-09,25295.576892
2015-07-10,25390.250124
2015-07-13,25168.372245
2015-07-14,25803.8411
2015-07-15,25822.387745
2015-07-16,26067.732858
2015-07-17,25956.062547
2015-07-20,26033.445042
2015-07-21,26292.000384
2015-07-22,25711.361858
2015-07-23,25536.44472
2015-07-24,25170.46081
2015-07-27,25236.117394
2015-07-28,25444.964578
2015-07-29,25475.757552
2015-07-30,25673.854368
2015-07-31,25852.529592
2015-08-03,25697.309698
2015-08-04,26109.48717
2015-08-05,25917.605844
2015-08-06,25591.59317
2015-08-07,25220.669026
2015-08-10,25360.270195
2015-08-11,25286.3226
2015-08-12,25365.74304
2015-08-13,25374.712552
2015-08-14,25236.802556
2015-08-17,25300.46541
2015-08-18,24888.213265
2015-08-19,25286.893
2015-08-20,24792.86304
2015-08-21,24391.81296
2015-08-24,22928.868288
2015-08-25,23484.938375
2015-08-26,23618.350543
2015-08-27,24022.508796
2015-08-28,24120.2637
2015-08-31,23617.819884
2015-09-01,22766.682752
2015-09-02,22821.891456
2015-09-03,22425.49634
2015-09-04,22129.74618
2015-09-07,22176.103528
2015-09-08,22854.425475
2015-09-09,23371.344219
2015-09-10,22979.559204
2015-09-11,22925.338464
2015-09-14,23163.965797
2015-09-15,22831.39278
2015-09-16,23380.312644
2015-09-17,23505.52694
2015-09-18,23656.58865
2015-09-21,23009.848832
2015-09-22,23072.639195
2015-09-23,22346.139417
2015-09-24,22742.889781
2015-09-25,22572.518048
2015-09-28,22762.189386
2015-09-29,21865.372408
2015-09-30,22408.019549
2015-10-01,22839.507878
2015-10-02,22631.533994
2015-10-05,23189.231219
2015-10-06,23536.47352
2015-10-07,23812.482044
2015-10-08,24033.49104
2015-10-09,24574.845074
2015-10-12,24359.00985
2015-10-13,23901.8929
2015-10-14,24083.536775
2015-10-15,24323.91654
2015-10-16,24301.725909
2015-10-19,24302.321607
2015-10-20,24132.312801
2015-10-21,24029.387335
2015-10-22,24121.5468
2015-10-23,24514.426048
2015-10-26,24629.633146
2015-10-27,24427.62858
2015-10-28,24141.8705
2015-10-29,23681.909304
2015-10-30,23634.065952
2015-11-02,23394.132025
2015-11-03,23856.264348
2015-11-04,23743.379868
2015-11-05,23541.810198
2015-11-06,23352.293279
2015-11-09,22952.721466
2015-11-10,22808.85579
2015-11-11,23029.762734
2015-11-12,23265.50691
2015-11-13,22960.50233
2015-11-16,22623.771366
2015-11-17,23217.360288
2015-11-18,23304.3194
2015-11-19,24074.929954
2015-11-20,24299.660834
2015-11-23,24254.647456
2015-11-24,24233.725152
2015-11-25,24062.838808
2015-11-26,24056.23869
2015-11-27,23936.550322
2015-11-30,23894.638348
2015-12-01,24679.238496
2015-12-02,24594.307848
2015-12-03,24549.37312
2015-12-04,24208.960873
2015-12-07,24012.67275
2015-12-08,23655.88316
2015-12-09,23609.359195
2015-12-10,23615.320044
2015-12-11,23338.65978
2015-12-14,23068.3123
2015-12-15,22815.216276
2015-12-16,23544.20859
2015-12-17,23579.449416
2015-12-18,23738.819676
2015-12-21,23806.640285
2015-12-22,23990.624403
2015-12-23,24089.753478
2015-12-24,24554.590515
2015-12-28,24549.49948
2015-12-29,24922.945944
2015-12-30,25162.252212
2015-12-31,25035.648564
2016-01-04,24772.837144
2016-01-05,24214.917201
2016-01-06,23754.929184
2016-01-07,23161.298718
2016-01-08,22890.48766
2016-01-11,22667.095368
2016-01-12,22615.211934
2016-01-13,22813.548048
2016-01-14,22599.348954
2016-01-15,22132.5808
2016-01-18,21945.29029
2016-01-19,22280.530694
2016-01-20,21999.91232
2016-01-21,22398.72
2016-01-22,22647.78165
2016-01-25,22909.517904
2016-01-27,22860.467104
2016-01-28,23181.44136
2016-01-29,23319.716576
2016-02-01,23596.435815
2016-02-02,23126.56158
2016-02-03,22992.948048
2016-02-04,23540.169576
2016-02-05,23132.767966
2016-02-08,23179.844471
2016-02-09,22461.440672
2016-02-10,22277.592064
2016-02-11,22530.835272
2016-02-12,22262.76213
2016-02-15,22458.639674
2016-02-16,22757.053392
2016-02-17,22899.49005
2016-02-18,23290.176
2016-02-19,23098.86864
2016-02-22,23572.250226
2016-02-23,23411.044426
2016-02-24,22916.981518
2016-02-25,23073.33786
2016-02-26,22758.181456
2016-02-29,22847.145237
2016-03-01,23140.4817
2016-03-02,23992.441186
2016-03-03,24399.030128
2016-03-04,24654.020872
2016-03-07,25028.513427
2016-03-08,24706.691724
2016-03-09,25146.45844
2016-03-10,24972.174423
2016-03-11,25372.657929
2016-03-14,25336.15756
2016-03-15,24830.767218
2016-03-16,25213.270362
2016-03-17,25601.464655
2016-03-18,25504.578584
2016-03-21,25390.591608
2016-03-22,25557.719154
2016-03-23,25199.694135
2016-03-24,24939.066892
2016-03-29,24836.932308
2016-03-30,24847.933038
2016-03-31,25101.817308
2016-04-01,24840.969032
2016-04-04,24614.938832
2016-04-05,24070.41832
2016-04-06,24357.617568
2016-04-07,24073.30596
2016-04-08,24124.717558
2016-04-11,24202.469781
2016-04-12,24721.517025
2016-04-13,25060.449235
2016-04-14,25538.330766
2016-04-15,25794.670486
2016-04-18,25779.308198
2016-04-19,26186.367427
2016-04-20,26305.600635
2016-04-21,26446.331547
2016-04-22,26237.879159
2016-04-26,26266.083968
2016-04-27,25565.553651
2016-04-28,25805.786055
2016-04-29,25853.002506
2016-05-02,26020.86011
2016-05-03,26011.096256
2016-05-04,25528.658134
2016-05-05,25634.059548
2016-05-06,25346.80268
2016-05-09,25368.03346
2016-05-10,25642.186326
2016-05-11,25725.210665
2016-05-12,25584.22634
2016-05-13,25299.380025
2016-05-16,25474.840615
2016-05-17,25770.135533
2016-05-18,25323.388864
2016-05-19,25188.980212
2016-05-20,25310.090907
2016-05-23,25187.84037
2016-05-24,24942.1347
2016-05-25,25348.576682
2016-05-26,25529.309229
2016-05-27,25484.000331
2016-05-30,25571.281768
2016-05-31,25609.475584
2016-06-01,25397.908704
2016-06-02,25126.988511
2016-06-03,25726.939041
2016-06-06,25920.31091
2016-06-07,26328.78906
2016-06-08,26325.789952
2016-06-09,26151.253768
2016-06-10,25699.7025
2016-06-14,25258.705344
2016-06-15,25096.035148
2016-06-16,24977.043126
2016-06-17,25164.869904
2016-06-20,25784.933476
2016-06-21,25896.052728
2016-06-22,26005.81311
2016-06-23,26432.971808
2016-06-24,25268.824242
2016-06-27,25057.353048
2016-06-28,25065.220932
2016-06-29,25430.71072
2016-06-30,25918.31445
2016-07-01,26188.453815
2016-07-04,26540.9445
2016-07-05,26058.4432
2016-07-06,26158.22964
2016-07-07,26140.122792
2016-07-08,26474.901264
2016-07-11,26906.98965
2016-07-12,27290.71556
2016-07-13,27409.296698
2016-07-14,27602.457966
2016-07-15,27520.861459
2016-07-18,27780.337218
2016-07-19,27389.805625
2016-07-20,27408.472192
2016-07-21,27585.70332
2016-07-22,27417.274254
2016-07-25,27604.717416
2016-07-26,27718.913579
2016-07-27,27679.061085
2016-07-28,27745.015392
2016-07-29,28047.644064
2016-08-01,27977.179208
2016-08-02,27942.605382
2016-08-03,27518.260484
2016-08-04,27742.643784
2016-08-05,27883.963002
2016-08-08,28224.709128
2016-08-09,28352.986065
2016-08-10,28346.097972
2016-08-11,28105.722627
2016-08-12,28063.83734
2016-08-15,28218.894252
2016-08-16,28203.140436
2016-08-17,28109.751425
2016-08-18,28072.256976
2016-08-19,28047.901
2016-08-22,27942.05149
2016-08-23,28087.636398
2016-08-24,28194.886065
2016-08-25,28112.345403
2016-08-26,27834.370902
2016-08-29,27645.813256
2016-08-30,27496.633168
2016-08-31,27270.550782
2016-09-01,27285.215948
2016-09-02,27179.92064
2016-09-05,27487.24875
2016-09-06,27785.455975
2016-09-07,27729.308425
2016-09-08,27435.549075
2016-09-09,26889.178316
2016-09-12,26380.952862
2016-09-13,25968.074192
2016-09-14,26058.466343
2016-09-15,26276.325942
2016-09-16,26476.08462
2016-09-19,26600.87424
2016-09-20,26742.721368
2016-09-21,27161.807764
2016-09-22,27382.336254
2016-09-23,27604.03912
2016-09-26,27660.592634
2016-09-27,27645.72146
2016-09-28,27791.876015
2016-09-29,27854.731786
2016-09-30,27794.946144
2016-10-03,28048.327647
2016-10-04,27884.4948
2016-10-05,27726.513171
2016-10-06,27746.325012
2016-10-07,27638.203189
2016-10-10,27936.191403
2016-10-11,27770.53044
2016-10-12,27812.164524
2016-10-13,27679.400342
2016-10-14,27864.075631
2016-10-17,27696.198596
2016-10-18,27958.968475
2016-10-19,28280.721616
2016-10-20,27998.177658
2016-10-21,27954.201296
2016-10-24,27887.256138
2016-10-25,28222.162116
2016-10-26,27763.22802
2016-10-27,27273.14161
2016-10-28,27222.34368
2016-10-31,27420.342972
2016-11-01,27394.05366
2016-11-02,27066.298038
2016-11-03,27158.751015
2016-11-04,26858.407044
2016-11-07,27496.33928
2016-11-08,27700.140836
2016-11-09,26692.93284
2016-11-10,27596.463708
2016-11-11,27633.531448
2016-11-14,27648.650133
2016-11-15,27613.6839
2016-11-16,27419.386422
2016-11-17,27198.793592
2016-11-18,27093.425373
2016-11-21,27178.920726
2016-11-22,27607.441667
2016-11-23,28027.82178
2016-11-24,28114.874556
2016-11-25,28372.777892
2016-11-28,28248.2158
2016-11-29,28169.432
2016-11-30,27671.318514
2016-12-01,28084.22544
2016-12-02,27977.363182
2016-12-05,27767.982392
2016-12-06,27874.151674
2016-12-07,28201.2588
2016-12-08,28455.50412
2016-12-09,28629.408132
2016-12-12,28808.784004
2016-12-13,28698.96078
2016-12-14,28559.188218
2016-12-15,28301.589942
2016-12-16,28135.502343
2016-12-19,28026.764912
2016-12-20,28210.861899
2016-12-21,28206.564056
2016-12-22,28310.567434
2016-12-23,28079.530935
2016-12-28,28409.181944
2016-12-29,28612.750842
2016-12-30,28394.106585
2017-01-03,28836.175446
2017-01-04,28977.475115
2017-01-05,29082.608915
2017-01-06,29069.707906
2017-01-09,29626.65516
2017-01-10,29384.17856
2017-01-11,29794.688352
2017-01-12,29739.068765
2017-01-13,29617.094016
2017-01-16,29663.100088
2017-01-17,29561.751656
2017-01-18,29149.02375
2017-01-19,29574.859626
2017-01-20,29379.253625
2017-01-23,29162.455478
2017-01-24,29383.34505
2017-01-25,29563.313026
2017-01-27,29693.320434
2017-01-30,29436.507088
2017-01-31,29340.026018
2017-02-01,29510.060516
2017-02-02,29749.722471
2017-02-03,29672.385714
2017-02-06,29519.419386
2017-02-07,29510.582464
2017-02-08,29689.472295
2017-02-09,29668.394875
2017-02-10,30204.8208
2017-02-13,30284.523399
2017-02-14,30290.979168
2017-02-15,30774.129232
2017-02-16,30668.820999
2017-02-17,30582.737432
2017-02-20,30649.651501
2017-02-21,30600.960726
2017-02-22,30755.4198
2017-02-23,30644.814816
2017-02-24,30251.885274
2017-02-27,30180.166632
2017-02-28,30042.849868
2017-03-01,30141.3108
2017-03-02,30137.047689
2017-03-03,30016.22848
2017-03-06,30039.881025
2017-03-07,30176.432403
2017-03-08,29970.39081
2017-03-09,29780.75264
2017-03-10,30097.281271
2017-03-13,30137.42431
2017-03-14,30105.328436
2017-03-15,30780.6166
2017-03-16,30641.54384
2017-03-17,30840.798805
2017-03-20,30861.113073
2017-03-21,30587.007216
2017-03-22,30038.656193
2017-03-23,29982.71976
2017-03-24,30187.150785
2017-03-27,30088.57186
2017-03-28,30574.846329
2017-03-29,31039.791144
2017-03-30,31038.933966
2017-03-31,30813.01162
2017-04-03,30759.336036
2017-04-04,30513.211155
2017-04-05,30670.23828
2017-04-06,30481.9374
2017-04-07,30337.696003
2017-04-10,30616.89264
2017-04-11,30645.431995
2017-04-12,30756.308076
2017-04-13,30714.322265
2017-04-18,30369.141894
2017-04-19,29973.648843
2017-04-20,30156.546617
2017-04-21,30406.40316
2017-04-24,30604.304538
2017-04-26,30458.83008
2017-04-27,30489.70052
2017-04-28,30581.182532
2017-05-01,30902.42576
2017-05-02,30922.830848
2017-05-03,30175.262374
2017-05-04,30024.724878
2017-05-05,29901.280536
2017-05-08,29943.300267
2017-05-09,29628.73265
2017-05-10,29886.013104
2017-05-11,29945.439628
2017-05-12,29744.25871
2017-05-15,29833.05632
2017-05-16,29921.899488
2017-05-17,29589.75742
2017-05-18,29327.354748
2017-05-19,29422.850652
2017-05-22,29713.60032
2017-05-23,29680.531013
2017-05-24,29828.51109
2017-05-25,29642.9056
2017-05-26,29363.949798
2017-05-29,29111.193363
2017-05-30,29264.16102
2017-05-31,28967.469114
2017-06-01,28805.986413
2017-06-02,29357.29392
2017-06-05,29315.883267
2017-06-06,28916.565434
2017-06-07,29078.815987
2017-06-08,29129.4729
2017-06-09,29065.79376
2017-06-13,29584.291696
2017-06-14,30063.25348
2017-06-15,29736.331443
2017-06-16,29966.638297
2017-06-19,30081.229906
2017-06-20,29804.1318
2017-06-21,29227.749764
2017-06-22,29413.03106
2017-06-23,29577.392648
2017-06-26,29681.91024
2017-06-27,29518.934121
2017-06-28,29905.46606
2017-06-29,30340.22788
2017-06-30,29836.998201
2017-07-03,29616.1929
2017-07-04,29909.868366
2017-07-05,29802.342075
2017-07-06,29712.898096
2017-07-07,29525.100462
2017-07-10,29626.83922
2017-07-11,29762.364243
2017-07-12,29569.732428
2017-07-13,30081.327172
2017-07-14,30598.3744
2017-07-17,30394.061523
2017-07-18,30372.937556
2017-07-19,30778.098822
2017-07-20,30994.29642
2017-07-21,30653.247892
2017-07-24,30428.899272
2017-07-25,30683.1228
2017-07-26,31235.339664
2017-07-27,31078.230722
2017-07-28,30687.444702
2017-07-31,30795.652147
2017-08-01,30901.228321
2017-08-02,30763.63752
2017-08-03,30621.526216
2017-08-04,30511.857546
2017-08-07,30707.256216
2017-08-08,30480.9325
2017-08-09,30354.470202
2017-08-10,30157.892457
2017-08-11,29960.14925
2017-08-14,30013.022375
2017-08-15,30105.86292
2017-08-16,30676.64977
2017-08-17,30423.495203
2017-08-18,30406.234877
2017-08-21,30300.625615
2017-08-22,30306.582472
2017-08-23,30197.54166
2017-08-24,30245.930364
2017-08-25,30288.522552
2017-08-28,30048.296125
2017-08-29,29721.485628
2017-08-30,29551.714584
2017-08-31,29926.94124
2017-09-01,29918.424717
2017-09-04,29585.3972
2017-09-05,29833.882309
2017-09-06,29695.838816
2017-09-07,29701.1736
2017-09-08,29631.497832
2017-09-11,29952.331505
2017-09-12,30106.173804
2017-09-13,30010.88637
2017-09-14,30121.183584
2017-09-15,29861.267868
2017-09-18,29939.90422
2017-09-19,30131.135488
2017-09-20,30149.70429
2017-09-21,29571.060096
2017-09-22,29822.71179
2017-09-25,29867.432777
2017-09-26,29668.9707
