"Index","AU10YGovBond.aud"
2000-08-28,1969.933435
2000-08-29,1960.383915
2000-08-30,1974.870438
2000-08-31,1983.626164
2000-09-01,2002.054725
2000-09-04,2017.835724
2000-09-05,1993.13948
2000-09-06,1969.939092
2000-09-07,1947.590798
2000-09-08,1934.674953
2000-09-11,1958.129766
2000-09-12,1943.129554
2000-09-13,1938.738666
2000-09-14,1921.469528
2000-09-15,1904.120181
2000-09-18,1877.229608
2000-09-19,1879.273662
2000-09-20,1864.930532
2000-09-21,1884.18621
2000-09-22,1891.782216
2000-09-25,1901.65794
2000-09-26,1901.81268
2000-09-27,1909.928955
2000-09-28,1891.490699
2000-09-29,1884.08551
2000-10-02,1896.065835
2000-10-03,1884.30916
2000-10-04,1872.382
2000-10-05,1853.941219
2000-10-06,1858.065104
2000-10-09,1884.68
2000-10-10,1866.238726
2000-10-11,1865.395176
2000-10-12,1854.00606
2000-10-13,1855.33661
2000-10-16,1826.75529
2000-10-17,1820.235456
2000-10-18,1826.64111
2000-10-19,1828.386282
2000-10-20,1858.547231
2000-10-23,1854.985736
2000-10-24,1856.226021
2000-10-25,1841.94218
2000-10-26,1830.8933
2000-10-27,1836.72926
2000-10-30,1832.57603
2000-10-31,1818.990852
2000-11-01,1834.200228
2000-11-02,1821.152172
2000-11-03,1846.109536
2000-11-06,1845.02759
2000-11-07,1853.439315
2000-11-08,1849.569604
2000-11-09,1855.602868
2000-11-10,1830.010441
2000-11-13,1843.270416
2000-11-14,1841.179781
2000-11-15,1843.833799
2000-11-16,1848.395648
2000-11-17,1856.68527
2000-11-20,1834.934585
2000-11-21,1822.621944
2000-11-22,1875.483705
2000-11-23,1870.993089
2000-11-24,1871.859441
2000-11-27,1877.96646
2000-11-28,1867.968204
2000-11-29,1870.501694
2000-11-30,1907.283834
2000-12-01,1943.0035
2000-12-04,1967.678687
2000-12-05,1953.743605
2000-12-06,1989.674028
2000-12-07,2006.0652
2000-12-08,2005.776792
2000-12-11,1973.08441
2000-12-12,1978.22574
2000-12-13,1979.01753
2000-12-14,1998.773935
2000-12-15,2008.64799
2000-12-18,2001.074892
2000-12-19,2004.453023
2000-12-20,2035.126373
2000-12-21,2055.064113
2000-12-22,2063.78237
2000-12-25,2063.255166
2000-12-26,2072.852668
2000-12-27,2071.916176
2000-12-28,2047.429356
2000-12-29,2065.234346
2001-01-02,2068.579997
2001-01-03,2072.82438
2001-01-04,2095.387468
2001-01-05,2124.579584
2001-01-08,2113.524096
2001-01-09,2096.0778
2001-01-10,2075.287336
2001-01-11,2091.261928
2001-01-12,2071.630792
2001-01-15,2041.4937
2001-01-16,2056.160982
2001-01-17,2046.51612
2001-01-18,2082.823715
2001-01-19,2077.006893
2001-01-22,2065.535023
2001-01-23,2048.490054
2001-01-24,2023.826688
2001-01-25,2035.087215
2001-01-26,2028.736692
2001-01-29,2027.963345
2001-01-30,2046.6688
2001-01-31,2064.219456
2001-02-01,2082.6715
2001-02-02,2076.552598
2001-02-05,2062.833662
2001-02-06,2056.259715
2001-02-07,2043.214563
2001-02-08,2006.546126
2001-02-09,2008.193256
2001-02-12,2034.41875
2001-02-13,2011.403835
2001-02-14,1990.138962
2001-02-15,1952.291933
2001-02-16,1969.812908
2001-02-19,1987.042068
2001-02-20,1965.48503
2001-02-21,1966.454736
2001-02-22,1970.922611
2001-02-23,1974.711345
2001-02-26,1970.07126
2001-02-27,1980.861536
2001-02-28,1992.529896
2001-03-01,1999.141852
2001-03-02,2006.336613
2001-03-05,1980.305586
2001-03-06,1969.61589
2001-03-07,1942.407624
2001-03-08,1953.574826
2001-03-09,1956.368095
2001-03-12,1959.117678
2001-03-13,1953.219455
2001-03-14,1919.087
2001-03-15,1906.801149
2001-03-16,1918.196845
2001-03-19,1939.103016
2001-03-20,1941.290575
2001-03-21,1916.065347
2001-03-22,1900.446372
2001-03-23,1901.05916
2001-03-26,1914.054828
2001-03-27,1910.928973
2001-03-28,1869.58469
2001-03-29,1880.014955
2001-03-30,1843.9176
2001-04-02,1823.70175
2001-04-03,1845.23056
2001-04-04,1867.359341
2001-04-05,1854.835268
2001-04-06,1869.10008
2001-04-09,1848.305208
2001-04-10,1857.868101
2001-04-11,1875.456
2001-04-12,1893.71989
2001-04-13,1888.40925
2001-04-16,1897.226815
2001-04-17,1866.254383
2001-04-18,1860.121989
2001-04-19,1915.939053
2001-04-20,1883.778464
2001-04-23,1853.322388
2001-04-24,1858.989168
2001-04-25,1857.65128
2001-04-26,1871.849815
2001-04-27,1884.54294
2001-04-30,1882.622657
2001-05-01,1895.236512
2001-05-02,1910.0925
2001-05-03,1901.224482
2001-05-04,1910.761137
2001-05-07,1905.259608
2001-05-08,1908.35485
2001-05-09,1938.99069
2001-05-10,1944.854546
2001-05-11,1921.662635
2001-05-14,1888.21889
2001-05-15,1890.626364
2001-05-16,1884.89833
2001-05-17,1899.866124
2001-05-18,1916.243569
2001-05-21,1896.165581
2001-05-22,1889.654958
2001-05-23,1867.962194
2001-05-24,1877.15325
2001-05-25,1878.926514
2001-05-28,1880.571812
2001-05-29,1868.590308
2001-05-30,1853.1426
2001-05-31,1835.664536
2001-06-01,1855.020636
2001-06-04,1861.490556
2001-06-05,1864.0083
2001-06-06,1877.27534
2001-06-07,1897.095378
2001-06-08,1906.40604
2001-06-11,1894.726211
2001-06-12,1916.95104
2001-06-13,1948.677341
2001-06-14,1949.143068
2001-06-15,1934.218278
2001-06-18,1934.521644
2001-06-19,1916.732682
2001-06-20,1918.7891
2001-06-21,1907.923776
2001-06-22,1905.310725
2001-06-25,1918.672625
2001-06-26,1932.411505
2001-06-27,1906.517574
2001-06-28,1858.307173
2001-06-29,1861.330302
2001-07-02,1853.815656
2001-07-03,1873.004861
2001-07-04,1865.747858
2001-07-05,1857.870586
2001-07-06,1835.24096
2001-07-09,1843.751908
2001-07-10,1843.210068
2001-07-11,1837.314686
2001-07-12,1822.408937
2001-07-13,1837.479307
2001-07-16,1844.53284
2001-07-17,1858.274782
2001-07-18,1884.2922
2001-07-19,1885.802744
2001-07-20,1867.503164
2001-07-23,1868.087043
2001-07-24,1871.834828
2001-07-25,1857.930789
2001-07-26,1850.337594
2001-07-27,1851.783472
2001-07-30,1848.03876
2001-07-31,1859.825442
2001-08-01,1902.233632
2001-08-02,1910.544249
2001-08-03,1893.495272
2001-08-06,1896.053419
2001-08-07,1895.326136
2001-08-08,1908.129262
2001-08-09,1926.18566
2001-08-10,1929.755881
2001-08-13,1943.785454
2001-08-14,1957.034246
2001-08-15,1978.040961
2001-08-16,1955.685132
2001-08-17,2006.944482
2001-08-20,2004.496704
2001-08-21,2007.15108
2001-08-22,2013.1944
2001-08-23,2010.2031
2001-08-24,2018.373399
2001-08-27,2000.728885
2001-08-28,2015.614632
2001-08-29,2025.732801
2001-08-30,2035.185496
2001-08-31,2020.715334
2001-09-03,2009.665809
2001-09-04,1978.991592
2001-09-05,1950.112395
2001-09-06,1955.28548
2001-09-07,1955.700768
2001-09-10,1957.147605
2001-09-11,1985.636499
2001-09-12,1982.245734
2001-09-13,1983.166325
2001-09-14,1976.214
2001-09-17,1936.310544
2001-09-18,1913.67826
2001-09-19,1884.371664
2001-09-20,1885.72488
2001-09-21,1848.90626
2001-09-24,1870.224015
2001-09-25,1873.158042
2001-09-26,1872.24416
2001-09-27,1866.315352
2001-09-28,1885.730878
2001-10-01,1902.165683
2001-10-02,1914.215861
2001-10-03,1916.941892
2001-10-04,1926.25179
2001-10-05,1967.232673
2001-10-08,1977.84085
2001-10-09,1948.30272
2001-10-10,1945.604484
2001-10-11,1937.731872
2001-10-12,1946.763978
2001-10-15,1994.057252
2001-10-16,1979.61909
2001-10-17,1973.00496
2001-10-18,1963.71516
2001-10-19,1973.36885
2001-10-22,1976.304088
2001-10-23,1947.309795
2001-10-24,1958.730528
2001-10-25,1960.41843
2001-10-26,1959.770752
2001-10-29,1980.57552
2001-10-30,1981.091486
2001-10-31,1985.513344
2001-11-01,2016.267728
2001-11-02,2021.169213
2001-11-05,2015.299704
2001-11-06,2042.003046
2001-11-07,2055.891159
2001-11-08,2064.5469
2001-11-09,2043.93039
2001-11-12,2051.42198
2001-11-13,2061.373229
2001-11-14,2050.722272
2001-11-15,2017.387852
2001-11-16,2004.855632
2001-11-19,1984.494786
2001-11-20,1986.86883
2001-11-21,1959.14023
2001-11-22,1943.222288
2001-11-23,1949.669376
2001-11-26,1967.76785
2001-11-27,1978.91927
2001-11-28,1998.963723
2001-11-29,1980.935184
2001-11-30,2011.088094
2001-12-03,1997.810304
2001-12-04,1983.194083
2001-12-05,2006.444085
2001-12-06,1980.316445
2001-12-07,1965.64416
2001-12-10,1953.67424
2001-12-11,1961.247525
2001-12-12,1972.556202
2001-12-13,1978.363993
2001-12-14,1973.835836
2001-12-17,1955.940328
2001-12-18,1949.695454
2001-12-19,1945.917148
2001-12-20,1925.796775
2001-12-21,1926.555464
2001-12-24,1929.020688
2001-12-25,1925.558635
2001-12-26,1923.824727
2001-12-27,1937.107496
2001-12-28,1925.906976
2001-12-31,1921.39316
2002-01-02,1952.068496
2002-01-03,1935.52149
2002-01-04,1959.11448
2002-01-07,1948.898832
2002-01-08,1986.718075
2002-01-09,1992.13079
2002-01-10,1995.81992
2002-01-11,1996.234898
2002-01-14,2015.862816
2002-01-15,2002.688227
2002-01-16,1996.49844
2002-01-17,1985.499224
2002-01-18,1973.225586
2002-01-21,1980.625344
2002-01-22,1988.459848
2002-01-23,1975.284528
2002-01-24,1969.75598
2002-01-25,1956.133425
2002-01-28,1954.60035
2002-01-29,1922.134647
2002-01-30,1928.06848
2002-01-31,1920.326508
2002-02-01,1924.575552
2002-02-04,1937.628122
2002-02-05,1944.808976
2002-02-06,1945.817118
2002-02-07,1952.506416
2002-02-08,1949.529288
2002-02-11,1949.63011
2002-02-12,1935.291466
2002-02-13,1931.700543
2002-02-14,1947.654093
2002-02-15,1962.56224
2002-02-18,1972.14318
2002-02-19,1974.150785
2002-02-20,1977.121981
2002-02-21,1958.241402
2002-02-22,1960.41804
2002-02-25,1969.195
2002-02-26,1963.333695
2002-02-27,1955.558901
2002-02-28,1972.57839
2002-03-01,1975.970132
2002-03-04,1954.917458
2002-03-05,1991.922128
2002-03-06,1972.14498
2002-03-07,1963.802646
2002-03-08,1940.058409
2002-03-11,1937.257156
2002-03-12,1936.760336
2002-03-13,1926.858704
2002-03-14,1948.840993
2002-03-15,1943.688882
2002-03-18,1953.359088
2002-03-19,1944.51885
2002-03-20,1975.9831
2002-03-21,1964.409951
2002-03-22,1974.675548
2002-03-25,1969.146784
2002-03-26,1955.65908
2002-03-27,1971.382962
2002-03-28,1994.899808
2002-03-29,1993.718595
2002-04-01,1995.562448
2002-04-02,1977.137634
2002-04-03,1980.926038
2002-04-04,1988.343532
2002-04-05,1984.07272
2002-04-08,1982.787807
2002-04-09,1974.55554
2002-04-10,1993.925017
2002-04-11,1995.394863
2002-04-12,2000.810922
2002-04-15,1994.75136
2002-04-16,2002.271312
2002-04-17,2016.452742
2002-04-18,2017.590536
2002-04-19,2024.739915
2002-04-22,2033.174895
2002-04-23,2025.204764
2002-04-24,2038.44828
2002-04-25,2038.400517
2002-04-26,2061.003184
2002-04-29,2060.57676
2002-04-30,2053.81584
2002-05-01,2060.886288
2002-05-02,2051.21466
2002-05-03,2056.944672
2002-05-06,2061.72846
2002-05-07,2067.01295
2002-05-08,2058.664356
2002-05-09,2056.052061
2002-05-10,2056.889216
2002-05-13,2075.908569
2002-05-14,2072.216763
2002-05-15,2065.474704
2002-05-16,2066.37975
2002-05-17,2085.69969
2002-05-20,2092.504758
2002-05-21,2104.023411
2002-05-22,2121.2618
2002-05-23,2116.736048
2002-05-24,2115.489474
2002-05-27,2110.636035
2002-05-28,2120.6826
2002-05-29,2137.473856
2002-05-30,2144.384452
2002-05-31,2161.027312
2002-06-03,2162.132856
2002-06-04,2178.395856
2002-06-05,2183.279417
2002-06-06,2196.486768
2002-06-07,2195.164818
2002-06-10,2190.156118
2002-06-11,2187.273699
2002-06-12,2200.896054
2002-06-13,2186.244346
2002-06-14,2182.535361
2002-06-17,2179.333595
2002-06-18,2201.856447
2002-06-19,2212.364472
2002-06-20,2236.909935
2002-06-21,2240.425812
2002-06-24,2219.018182
2002-06-25,2226.43737
2002-06-26,2199.948136
2002-06-27,2199.644752
2002-06-28,2188.624125
2002-07-01,2180.9606
2002-07-02,2191.572604
2002-07-03,2181.160164
2002-07-04,2160.35354
2002-07-05,2163.183102
2002-07-08,2187.33784
2002-07-09,2204.16152
2002-07-10,2213.27799
2002-07-11,2196.247437
2002-07-12,2195.091816
2002-07-15,2206.898724
2002-07-16,2186.018534
2002-07-17,2163.577728
2002-07-18,2175.227656
2002-07-19,2195.589687
2002-07-22,2168.594721
2002-07-23,2133.523466
2002-07-24,2169.559509
2002-07-25,2146.2738
2002-07-26,2136.181155
2002-07-29,2149.091076
2002-07-30,2140.606021
2002-07-31,2138.633727
2002-08-01,2136.096724
2002-08-02,2150.386423
2002-08-05,2105.98376
2002-08-06,2139.329484
2002-08-07,2149.37183
2002-08-08,2148.324591
2002-08-09,2146.055548
2002-08-12,2171.26493
2002-08-13,2165.798304
2002-08-14,2181.757866
2002-08-15,2190.633874
2002-08-16,2194.073948
2002-08-19,2160.91744
2002-08-20,2175.56145
2002-08-21,2180.46505
2002-08-22,2161.85845
2002-08-23,2160.831126
2002-08-26,2167.49065
2002-08-27,2208.834278
2002-08-28,2189.632865
2002-08-29,2202.798705
2002-08-30,2204.272068
2002-09-02,2217.164659
2002-09-03,2218.5675
2002-09-04,2228.51052
2002-09-05,2215.428648
2002-09-06,2249.037393
2002-09-09,2231.53105
2002-09-10,2226.381816
2002-09-11,2224.3268
2002-09-12,2226.1378
2002-09-13,2242.838892
2002-09-16,2236.784724
2002-09-17,2223.325423
2002-09-18,2242.638115
2002-09-19,2248.489678
2002-09-20,2243.806226
2002-09-23,2243.007882
2002-09-24,2248.29992
2002-09-25,2264.80345
2002-09-26,2234.484868
2002-09-27,2226.877936
2002-09-30,2240.719184
2002-10-01,2248.233304
2002-10-02,2227.486318
2002-10-03,2243.485335
2002-10-04,2239.67532
2002-10-07,2254.00184
2002-10-08,2235.367473
2002-10-09,2235.646784
2002-10-10,2252.6252
2002-10-11,2244.448777
2002-10-14,2222.397808
2002-10-15,2224.447442
2002-10-16,2205.843422
2002-10-17,2199.30472
2002-10-18,2197.845995
2002-10-21,2221.623703
2002-10-22,2205.699536
2002-10-23,2206.878532
2002-10-24,2220.48252
2002-10-25,2234.904912
2002-10-28,2261.960277
2002-10-29,2257.548447
2002-10-30,2252.723016
2002-10-31,2271.683414
2002-11-01,2304.690908
2002-11-04,2300.092656
2002-11-05,2291.55516
2002-11-06,2296.377006
2002-11-07,2323.36323
2002-11-08,2329.350095
2002-11-11,2338.842816
2002-11-12,2341.902276
2002-11-13,2341.32228
2002-11-14,2357.360439
2002-11-15,2333.026578
2002-11-18,2329.487662
2002-11-19,2321.85529
2002-11-20,2327.969475
2002-11-21,2318.728164
2002-11-22,2310.754616
2002-11-25,2281.549648
2002-11-26,2293.826839
2002-11-27,2295.945242
2002-11-28,2288.78982
2002-11-29,2286.934086
2002-12-02,2273.58192
2002-12-03,2284.775648
2002-12-04,2303.29796
2002-12-05,2314.723848
2002-12-06,2315.7306
2002-12-09,2337.963165
2002-12-10,2316.040083
2002-12-11,2327.462874
2002-12-12,2352.09634
2002-12-13,2362.735692
2002-12-16,2364.90876
2002-12-17,2350.537728
2002-12-18,2367.859422
2002-12-19,2381.40566
2002-12-20,2379.53584
2002-12-23,2375.78188
2002-12-24,2377.555264
2002-12-25,2376.486546
2002-12-26,2378.491362
2002-12-27,2383.832535
2002-12-30,2401.089798
2002-12-31,2381.887215
2003-01-02,2398.848048
2003-01-03,2373.82449
2003-01-06,2411.985252
2003-01-07,2415.975366
2003-01-08,2439.323418
2003-01-09,2433.226425
2003-01-10,2445.538536
2003-01-13,2439.333468
2003-01-14,2447.062782
2003-01-15,2458.132314
2003-01-16,2462.821744
2003-01-17,2492.328528
2003-01-20,2505.96135
2003-01-21,2486.59679
2003-01-22,2485.752151
2003-01-23,2501.256744
2003-01-24,2518.850368
2003-01-27,2512.4532
2003-01-28,2498.861625
2003-01-29,2513.064372
2003-01-30,2494.07262
2003-01-31,2499.209223
2003-02-03,2473.73948
2003-02-04,2516.658952
2003-02-05,2520.976318
2003-02-06,2534.541144
2003-02-07,2526.561984
2003-02-10,2509.89515
2003-02-11,2502.7472
2003-02-12,2506.535328
2003-02-13,2543.338314
2003-02-14,2529.633244
2003-02-17,2494.451772
2003-02-18,2502.956976
2003-02-19,2526.645184
2003-02-20,2557.4604
2003-02-21,2557.901321
2003-02-24,2583.4572
2003-02-25,2597.064642
2003-02-26,2598.430416
2003-02-27,2607.170814
2003-02-28,2621.756819
2003-03-03,2644.54428
2003-03-04,2651.982456
2003-03-05,2675.311263
2003-03-06,2650.438532
2003-03-07,2629.90494
2003-03-10,2661.101297
2003-03-11,2622.453372
2003-03-12,2570.723712
2003-03-13,2532.86514
2003-03-14,2535.339322
2003-03-17,2528.697317
2003-03-18,2506.681161
2003-03-19,2474.366272
2003-03-20,2470.7477
2003-03-21,2459.295132
2003-03-24,2482.082876
2003-03-25,2501.538
2003-03-26,2515.359833
2003-03-27,2536.977183
2003-03-28,2533.422944
2003-03-31,2564.42536
2003-04-01,2574.153465
2003-04-02,2544.37698
2003-04-03,2541.86019
2003-04-04,2533.80654
2003-04-07,2505.889072
2003-04-08,2530.619702
2003-04-09,2569.081428
2003-04-10,2592.595413
2003-04-11,2578.903983
2003-04-14,2567.248359
2003-04-15,2565.109601
2003-04-16,2592.501685
2003-04-17,2615.980262
2003-04-18,2622.731667
2003-04-21,2623.1892
2003-04-22,2647.614
2003-04-23,2617.17924
2003-04-24,2636.889101
2003-04-25,2628.741255
2003-04-28,2657.717088
2003-04-29,2658.5808
2003-04-30,2681.008232
2003-05-01,2713.0961
2003-05-02,2716.944594
2003-05-05,2712.232536
2003-05-06,2755.906101
2003-05-07,2758.192461
2003-05-08,2795.557496
2003-05-09,2799.866528
2003-05-12,2828.646375
2003-05-13,2818.680155
2003-05-14,2809.463265
2003-05-15,2794.52961
2003-05-16,2839.587962
2003-05-19,2880.325878
2003-05-20,2891.898936
2003-05-21,2889.906178
2003-05-22,2897.597505
2003-05-23,2922.137856
2003-05-26,2920.698692
2003-05-27,2906.752696
2003-05-28,2870.410829
2003-05-29,2881.460604
2003-05-30,2897.26356
2003-06-02,2896.742138
2003-06-03,2910.47889
2003-06-04,2942.230065
2003-06-05,2940.946167
2003-06-06,2934.674772
2003-06-09,2930.962152
2003-06-10,2934.32274
2003-06-11,2989.817964
2003-06-12,3002.019966
2003-06-13,3023.629182
2003-06-16,3025.210236
2003-06-17,3010.771553
2003-06-18,3012.154128
2003-06-19,2997.836946
2003-06-20,2978.54865
2003-06-23,2957.37542
2003-06-24,2976.483616
2003-06-25,2994.6584
2003-06-26,2935.898958
2003-06-27,2932.685141
2003-06-30,2965.925018
2003-07-01,2981.053888
2003-07-02,2983.722291
2003-07-03,2988.130758
2003-07-04,2962.789542
2003-07-07,2964.216894
2003-07-08,2878.893864
2003-07-09,2875.029101
2003-07-10,2898.044435
2003-07-11,2903.47524
2003-07-14,2907.311704
2003-07-15,2850.18486
2003-07-16,2818.941952
2003-07-17,2817.409722
2003-07-18,2796.121224
2003-07-21,2812.32819
2003-07-22,2791.6056
2003-07-23,2852.998668
2003-07-24,2881.947603
2003-07-25,2852.471958
2003-07-28,2838.441944
2003-07-29,2829.243207
2003-07-30,2781.582636
2003-07-31,2781.816072
2003-08-01,2771.353872
2003-08-04,2755.743352
2003-08-05,2776.502376
2003-08-06,2763.108868
2003-08-07,2798.409259
2003-08-08,2810.184
2003-08-11,2808.321813
2003-08-12,2798.543661
2003-08-13,2793.314412
2003-08-14,2778.950799
2003-08-15,2803.8127
2003-08-18,2797.78662
2003-08-19,2791.63957
2003-08-20,2834.689936
2003-08-21,2795.489604
2003-08-22,2779.796019
2003-08-25,2776.064551
2003-08-26,2747.908053
2003-08-27,2728.564038
2003-08-28,2731.697937
2003-08-29,2777.768175
2003-09-01,2762.748072
2003-09-02,2702.314832
2003-09-03,2716.79604
2003-09-04,2724.08744
2003-09-05,2758.23429
2003-09-08,2784.7292
2003-09-09,2820.564877
2003-09-10,2793.497118
2003-09-11,2818.52559
2003-09-12,2828.05353
2003-09-15,2853.34142
2003-09-16,2839.862812
2003-09-17,2845.590616
2003-09-18,2860.52382
2003-09-19,2884.593712
2003-09-22,2917.47084
2003-09-23,2909.2881
2003-09-24,2918.687835
2003-09-25,2942.218627
2003-09-26,2925.22536
2003-09-29,2956.001862
2003-09-30,2954.374376
2003-10-01,3012.49036
2003-10-02,2992.702876
2003-10-03,2961.778501
2003-10-06,2987.99319
2003-10-07,2969.539552
2003-10-08,2960.789757
2003-10-09,2961.247013
2003-10-10,2955.231552
2003-10-13,2946.749544
2003-10-14,2943.718246
2003-10-15,2935.612452
2003-10-16,2929.715484
2003-10-17,2929.370745
2003-10-20,2929.537239
2003-10-21,2974.98724
2003-10-22,3012.704802
2003-10-23,3011.335677
2003-10-24,2989.119885
2003-10-27,3010.07014
2003-10-28,2996.883904
2003-10-29,3016.618665
2003-10-30,3002.520955
2003-10-31,3008.151223
2003-11-03,2962.442497
2003-11-04,2977.238132
2003-11-05,2999.288736
2003-11-06,2976.168384
2003-11-07,2979.20476
2003-11-10,3003.26673
2003-11-11,3008.492592
2003-11-12,3016.930032
2003-11-13,3026.383632
2003-11-14,3035.655415
2003-11-17,3008.267988
2003-11-18,3057.886128
2003-11-19,3069.15873
2003-11-20,3060.7137
2003-11-21,3074.590032
2003-11-24,3048.018966
2003-11-25,3039.9901
2003-11-26,3067.593155
2003-11-27,3043.566645
2003-11-28,3049.692804
2003-12-01,3053.5976
2003-12-02,3079.00849
2003-12-03,3107.26412
2003-12-04,3102.83262
2003-12-05,3126.320995
2003-12-08,3177.443376
2003-12-09,3170.380758
2003-12-10,3136.88457
2003-12-11,3140.21948
2003-12-12,3166.01507
2003-12-15,3158.825736
2003-12-16,3175.874441
2003-12-17,3183.493778
2003-12-18,3196.47861
2003-12-19,3180.537792
2003-12-22,3169.587475
2003-12-23,3184.959705
2003-12-24,3197.267415
2003-12-25,3200.258655
2003-12-26,3194.351986
2003-12-29,3229.069058
2003-12-30,3254.22253
2003-12-31,3263.423004
2004-01-01,3260.311416
2004-01-02,3275.190144
2004-01-05,3290.037219
2004-01-06,3278.91753
2004-01-07,3290.648635
2004-01-08,3316.959779
2004-01-09,3324.575628
2004-01-12,3373.881456
2004-01-13,3377.35617
2004-01-14,3374.1175
2004-01-15,3361.25317
2004-01-16,3327.171682
2004-01-19,3274.02376
2004-01-20,3320.56536
2004-01-21,3348.416586
2004-01-22,3378.124875
2004-01-23,3362.782197
2004-01-26,3353.300576
2004-01-27,3344.625012
2004-01-28,3335.98233
2004-01-29,3266.385476
2004-01-30,3278.238996
2004-02-02,3264.882785
2004-02-03,3301.702124
2004-02-04,3301.75854
2004-02-05,3302.088475
2004-02-06,3334.307532
2004-02-09,3390.583755
2004-02-10,3411.529926
2004-02-11,3442.994208
2004-02-12,3466.77273
2004-02-13,3461.05629
2004-02-16,3479.149035
2004-02-17,3488.653344
2004-02-18,3460.626495
2004-02-19,3464.252235
2004-02-20,3368.340612
2004-02-23,3347.40681
2004-02-24,3402.02565
2004-02-25,3367.324092
2004-02-26,3377.818104
2004-02-27,3399.418953
2004-03-01,3405.768678
2004-03-02,3366.541178
2004-03-03,3285.57969
2004-03-04,3282.20158
2004-03-05,3325.953134
2004-03-08,3349.50759
2004-03-09,3353.399082
2004-03-10,3307.180063
2004-03-11,3291.169032
2004-03-12,3278.894764
2004-03-15,3290.964474
2004-03-16,3308.134916
2004-03-17,3321.561
2004-03-18,3358.91457
2004-03-19,3338.224257
2004-03-22,3365.71432
2004-03-23,3368.839664
2004-03-24,3338.392035
2004-03-25,3307.902636
2004-03-26,3346.401775
2004-03-29,3317.596876
2004-03-30,3339.334508
2004-03-31,3397.100992
2004-04-01,3414.937866
2004-04-02,3359.238234
2004-04-05,3276.115479
2004-04-06,3316.36536
2004-04-07,3343.211368
2004-04-08,3321.247824
2004-04-09,3328.132236
2004-04-12,3338.914612
2004-04-13,3271.217139
2004-04-14,3167.253385
2004-04-15,3203.476402
2004-04-16,3223.072568
2004-04-19,3239.51589
2004-04-20,3168.584468
2004-04-21,3150.873031
2004-04-22,3187.333
2004-04-23,3196.988832
2004-04-26,3195.214176
2004-04-27,3200.720036
2004-04-28,3142.39713
2004-04-29,3119.787756
2004-04-30,3113.021574
2004-05-03,3114.64905
2004-05-04,3159.073539
2004-05-05,3170.85072
2004-05-06,3120.937268
2004-05-07,3032.38551
2004-05-10,2987.56784
2004-05-11,2996.64414
2004-05-12,3011.46276
2004-05-13,2956.684731
2004-05-14,2967.158421
2004-05-17,2969.91318
2004-05-18,2978.19834
2004-05-19,3016.381095
2004-05-20,3002.00433
2004-05-21,3027.921579
2004-05-24,3011.20348
2004-05-25,3067.242833
2004-05-26,3072.790735
2004-05-27,3137.96805
2004-05-28,3123.269344
2004-05-31,3122.318808
2004-06-01,3082.498848
2004-06-02,3047.758339
2004-06-03,3024.065972
2004-06-04,3054.329569
2004-06-07,3083.948544
2004-06-08,3054.997166
2004-06-09,3007.215736
2004-06-10,3035.04942
2004-06-11,3011.878007
2004-06-14,2985.001118
2004-06-15,3020.339563
2004-06-16,3018.703182
2004-06-17,2991.162225
2004-06-18,3033.574221
2004-06-21,3034.665
2004-06-22,3029.28077
2004-06-23,3016.58706
2004-06-24,3077.220704
2004-06-25,3078.922056
2004-06-28,3079.123992
2004-06-29,3028.405041
2004-06-30,3061.627296
2004-07-01,3089.666734
2004-07-02,3134.718459
2004-07-05,3140.469345
2004-07-06,3153.286112
2004-07-07,3199.384452
2004-07-08,3209.93673
2004-07-09,3217.574232
2004-07-12,3244.713498
2004-07-13,3226.107066
2004-07-14,3217.160789
2004-07-15,3210.82307
2004-07-16,3247.007596
2004-07-19,3275.440902
2004-07-20,3256.260826
2004-07-21,3181.597875
2004-07-22,3188.68368
2004-07-23,3160.750488
2004-07-26,3157.614915
2004-07-27,3106.957465
2004-07-28,3085.483085
2004-07-29,3081.658657
2004-07-30,3098.721274
2004-08-02,3100.843417
2004-08-03,3135.165824
2004-08-04,3147.16304
2004-08-05,3141.8322
2004-08-06,3193.51142
2004-08-09,3219.607793
2004-08-10,3202.64487
2004-08-11,3208.56921
2004-08-12,3211.767493
2004-08-13,3230.41353
2004-08-16,3235.932984
2004-08-17,3215.692808
2004-08-18,3231.817523
2004-08-19,3271.105804
2004-08-20,3274.76556
2004-08-23,3222.64695
2004-08-24,3173.497286
2004-08-25,3183.488924
2004-08-26,3178.22582
2004-08-27,3193.391576
2004-08-30,3162.608364
2004-08-31,3186.892724
2004-09-01,3200.261255
2004-09-02,3182.91336
2004-09-03,3152.287778
2004-09-06,3122.76129
2004-09-07,3138.559539
2004-09-08,3157.207664
2004-09-09,3152.158275
2004-09-10,3188.227458
2004-09-13,3197.15595
2004-09-14,3231.55521
2004-09-15,3212.004736
2004-09-16,3217.558656
2004-09-17,3227.1372
2004-09-20,3227.894208
2004-09-21,3248.609931
2004-09-22,3262.94984
2004-09-23,3299.51459
2004-09-24,3291.606304
2004-09-27,3285.60563
2004-09-28,3317.415009
2004-09-29,3298.86666
2004-09-30,3335.5232
2004-10-01,3336.511992
2004-10-04,3315.907245
2004-10-05,3317.120398
2004-10-06,3314.778085
2004-10-07,3324.841575
2004-10-08,3352.143708
2004-10-11,3367.160478
2004-10-12,3359.160346
2004-10-13,3339.716166
2004-10-14,3373.52695
2004-10-15,3389.139491
2004-10-18,3364.312952
2004-10-19,3372.2496
2004-10-20,3415.730131
2004-10-21,3433.08959
2004-10-22,3428.03186
2004-10-25,3483.78518
2004-10-26,3466.16681
2004-10-27,3465.98259
2004-10-28,3480.326535
2004-10-29,3469.314342
2004-11-01,3470.68813
2004-11-02,3468.43413
2004-11-03,3498.0462
2004-11-04,3509.128725
2004-11-05,3539.592238
2004-11-08,3488.139582
2004-11-09,3500.961792
2004-11-10,3491.902224
2004-11-11,3505.101742
2004-11-12,3532.557624
2004-11-15,3559.966821
2004-11-16,3560.049108
2004-11-17,3606.849012
2004-11-18,3606.369188
2004-11-19,3645.806292
2004-11-22,3633.260484
2004-11-23,3655.147616
2004-11-24,3678.073191
2004-11-25,3717.43056
2004-11-26,3716.08066
2004-11-29,3689.18559
2004-11-30,3637.386676
2004-12-01,3667.315248
2004-12-02,3644.187144
2004-12-03,3669.44526
2004-12-06,3647.02844
2004-12-07,3664.931346
2004-12-08,3588.91622
2004-12-09,3578.947676
2004-12-10,3554.11951
2004-12-13,3590.385426
2004-12-14,3581.861448
2004-12-15,3620.331043
2004-12-16,3600.687945
2004-12-17,3623.39904
2004-12-20,3605.225526
2004-12-21,3596.433339
2004-12-22,3596.503512
2004-12-23,3613.90866
2004-12-24,3627.519804
2004-12-27,3669.14331
2004-12-28,3675.367872
2004-12-29,3654.659008
2004-12-30,3655.260969
2004-12-31,3674.431308
2005-01-03,3653.724789
2005-01-04,3562.950076
2005-01-05,3550.96548
2005-01-06,3541.75668
2005-01-07,3542.0415
2005-01-10,3551.202016
2005-01-11,3587.386176
2005-01-12,3628.186074
2005-01-13,3619.080208
2005-01-14,3594.620318
2005-01-17,3586.28114
2005-01-18,3561.116944
2005-01-19,3581.204736
2005-01-20,3578.295415
2005-01-21,3632.566452
2005-01-24,3623.1486
2005-01-25,3598.332429
2005-01-26,3648.03989
2005-01-27,3649.637277
2005-01-28,3635.62357
2005-01-31,3636.369555
2005-02-01,3642.256014
2005-02-02,3672.697068
2005-02-03,3636.557025
2005-02-04,3631.455
2005-02-07,3616.92048
2005-02-08,3619.036092
2005-02-09,3650.616251
2005-02-10,3713.36593
2005-02-11,3708.767902
2005-02-14,3706.229727
2005-02-15,3704.434755
2005-02-16,3691.628098
2005-02-17,3698.716396
2005-02-18,3707.848096
2005-02-21,3695.639179
2005-02-22,3720.47492
2005-02-23,3682.523325
2005-02-24,3684.863796
2005-02-25,3675.029722
2005-02-28,3687.244854
2005-03-01,3649.719948
2005-03-02,3644.33185
2005-03-03,3642.944291
2005-03-04,3677.28841
2005-03-07,3692.464855
2005-03-08,3722.66675
2005-03-09,3692.352709
2005-03-10,3667.74408
2005-03-11,3668.882734
2005-03-14,3638.29228
2005-03-15,3660.642306
2005-03-16,3670.304292
2005-03-17,3680.86688
2005-03-18,3685.736195
2005-03-21,3633.682227
2005-03-22,3612.792887
2005-03-23,3563.43423
2005-03-24,3564.56111
2005-03-25,3565.638302
2005-03-28,3554.209288
2005-03-29,3557.632642
2005-03-30,3565.628774
2005-03-31,3585.114764
2005-04-01,3594.9806
2005-04-04,3570.349325
2005-04-05,3583.218424
2005-04-06,3577.822986
2005-04-07,3584.243364
2005-04-08,3607.810624
2005-04-11,3619.236628
2005-04-12,3629.765073
2005-04-13,3662.714447
2005-04-14,3639.4995
2005-04-15,3644.350437
2005-04-18,3660.6252
2005-04-19,3670.436503
2005-04-20,3699.93646
2005-04-21,3699.245947
2005-04-22,3705.918547
2005-04-25,3702.092535
2005-04-26,3705.447015
2005-04-27,3694.255272
2005-04-28,3713.920515
2005-04-29,3727.53024
2005-05-02,3724.263088
2005-05-03,3698.163035
2005-05-04,3746.104055
2005-05-05,3743.636384
2005-05-06,3721.897575
2005-05-09,3680.51283
2005-05-10,3698.319065
2005-05-11,3702.528664
2005-05-12,3662.070808
2005-05-13,3645.525975
2005-05-16,3633.002238
2005-05-17,3629.285392
2005-05-18,3661.051524
2005-05-19,3649.217056
2005-05-20,3630.966501
2005-05-23,3637.87182
2005-05-24,3676.230161
2005-05-25,3692.304448
2005-05-26,3670.417504
2005-05-27,3699.093354
2005-05-30,3692.810092
2005-05-31,3676.658776
2005-06-01,3656.828746
2005-06-02,3684.5732
2005-06-03,3700.172346
2005-06-06,3737.877168
2005-06-07,3765.0564
2005-06-08,3753.976625
2005-06-09,3756.054753
2005-06-10,3717.956039
2005-06-13,3718.523156
2005-06-14,3699.87709
2005-06-15,3725.834964
2005-06-16,3737.341534
2005-06-17,3768.939797
2005-06-20,3761.89936
2005-06-21,3771.813416
2005-06-22,3780.46012
2005-06-23,3774.44529
2005-06-24,3777.386712
2005-06-27,3787.164327
2005-06-28,3749.76582
2005-06-29,3738.470272
2005-06-30,3737.94607
2005-07-01,3701.075279
2005-07-04,3654.34244
2005-07-05,3622.392246
2005-07-06,3620.776606
2005-07-07,3611.004948
2005-07-08,3640.998246
2005-07-11,3650.746788
2005-07-12,3688.928966
2005-07-13,3646.154672
2005-07-14,3660.179094
2005-07-15,3641.989684
2005-07-18,3670.614023
2005-07-19,3649.304893
2005-07-20,3684.353425
2005-07-21,3659.497238
2005-07-22,3642.870888
2005-07-25,3644.325642
2005-07-26,3624.065284
2005-07-27,3634.568586
2005-07-28,3644.606064
2005-07-29,3642.30982
2005-08-01,3663.65032
2005-08-02,3643.824554
2005-08-03,3666.80226
2005-08-04,3675.69375
2005-08-05,3650.75829
2005-08-08,3612.58856
2005-08-09,3606.545424
2005-08-10,3634.28888
2005-08-11,3662.00832
2005-08-12,3667.575197
2005-08-15,3673.126677
2005-08-16,3682.118115
2005-08-17,3656.589404
2005-08-18,3616.747578
2005-08-19,3626.568989
2005-08-22,3639.331289
2005-08-23,3634.955568
2005-08-24,3646.555263
2005-08-25,3660.116949
2005-08-26,3658.9525
2005-08-29,3648.864006
2005-08-30,3620.952951
2005-08-31,3667.22665
2005-09-01,3717.91496
2005-09-02,3731.079152
2005-09-05,3737.57013
2005-09-06,3729.351144
2005-09-07,3701.548992
2005-09-08,3727.773885
2005-09-09,3737.443941
2005-09-12,3707.379809
2005-09-13,3699.735116
2005-09-14,3725.64885
2005-09-15,3698.97472
2005-09-16,3688.319184
2005-09-19,3675.254208
2005-09-20,3676.749978
2005-09-21,3708.53577
2005-09-22,3686.253075
2005-09-23,3657.083508
2005-09-26,3625.797693
2005-09-27,3609.967433
2005-09-28,3612.944822
2005-09-29,3629.110264
2005-09-30,3629.107768
2005-10-03,3640.3865
2005-10-04,3621.152728
2005-10-05,3607.30029
2005-10-06,3632.940648
2005-10-07,3614.319114
2005-10-10,3626.475202
2005-10-11,3596.972136
2005-10-12,3601.19668
2005-10-13,3575.018796
2005-10-14,3573.6992
2005-10-17,3555.407804
2005-10-18,3546.898416
2005-10-19,3580.590456
2005-10-20,3584.961653
2005-10-21,3581.2782
2005-10-24,3599.255901
2005-10-25,3605.92896
2005-10-26,3578.501928
2005-10-27,3589.94601
2005-10-28,3565.293872
2005-10-31,3548.810841
2005-11-01,3535.519104
2005-11-02,3531.176453
2005-11-03,3504.0456
2005-11-04,3459.054648
2005-11-07,3460.929632
2005-11-08,3475.8945
2005-11-09,3491.984769
2005-11-10,3452.579277
2005-11-11,3490.178043
2005-11-14,3476.848424
2005-11-15,3483.60145
2005-11-16,3488.434605
2005-11-17,3524.796899
2005-11-18,3522.3012
2005-11-21,3524.470986
2005-11-22,3534.876289
2005-11-23,3543.519224
2005-11-24,3534.7136
2005-11-25,3523.779672
2005-11-28,3562.089856
2005-11-29,3546.434928
2005-11-30,3541.956804
2005-12-01,3555.951824
2005-12-02,3596.079298
2005-12-05,3589.30926
2005-12-06,3586.50168
2005-12-07,3576.636864
2005-12-08,3580.178845
2005-12-09,3601.08254
2005-12-12,3609.481321
2005-12-13,3599.515896
2005-12-14,3618.099527
2005-12-15,3605.996576
2005-12-16,3599.983616
2005-12-19,3569.106464
2005-12-20,3547.072995
2005-12-21,3550.097062
2005-12-22,3537.725239
2005-12-23,3532.156821
2005-12-26,3544.094034
2005-12-27,3511.534376
2005-12-28,3551.470776
2005-12-29,3566.35968
2005-12-30,3573.902829
2011-01-21,5141.359912
2011-01-24,5194.36848
2011-01-25,5214.529325
2011-01-26,5220.375048
2011-01-27,5200.110758
2011-01-28,5225.64185
2011-01-31,5254.02801
2011-02-01,5320.265872
2011-02-02,5268.151656
2011-02-03,5283.479776
2011-02-04,5239.166906
2011-02-07,5221.151316
2011-02-08,5223.755525
2011-02-09,5241.810176
2011-02-10,5217.006024
2011-02-11,5214.859083
2011-02-14,5215.589172
2011-02-15,5179.100752
2011-02-16,5217.362268
2011-02-17,5269.719486
2011-02-18,5291.98147
2011-02-21,5262.112408
2011-02-22,5237.49576
2011-02-23,5259.302163
2011-02-24,5310.603392
2011-02-25,5360.039477
2011-02-28,5375.536395
2011-03-01,5339.774622
2011-03-02,5380.116825
2011-03-03,5346.444345
2011-03-04,5322.39075
2011-03-07,5320.930576
2011-03-08,5309.226987
2011-03-09,5303.647976
2011-03-10,5294.200316
2011-03-11,5375.981094
2011-03-14,5341.662489
2011-03-15,5284.595454
2011-03-16,5215.660128
2011-03-17,5248.194204
2011-03-18,5328.649214
2011-03-21,5356.13187
2011-03-22,5360.302584
2011-03-23,5387.724045
2011-03-24,5433.216906
2011-03-25,5448.752994
2011-03-28,5398.602192
2011-03-29,5452.24384
2011-03-30,5453.941108
2011-03-31,5449.677184
2011-04-01,5471.207732
2011-04-04,5451.905049
2011-04-05,5454.873444
2011-04-06,5498.027686
2011-04-07,5486.826796
2011-04-08,5508.313404
2011-04-11,5475.15122
2011-04-12,5447.62988
2011-04-13,5494.09391
2011-04-14,5529.58443
2011-04-15,5547.50208
2011-04-18,5516.341305
2011-04-19,5568.410928
2011-04-20,5642.478688
2011-04-26,5705.876396
2011-04-27,5741.756256
2011-05-03,5746.42476
2011-05-04,5692.708132
2011-05-05,5608.148942
2011-05-06,5665.109176
2011-05-09,5728.968012
2011-05-10,5751.79127
2011-05-11,5659.350862
2011-05-12,5700.11471
2011-05-13,5635.416847
2011-05-16,5651.48826
2011-05-17,5654.865561
2011-05-18,5688.885437
2011-05-19,5716.730325
2011-05-20,5706.28205
2011-05-23,5658.879234
2011-05-24,5667.429564
2011-05-25,5664.160008
2011-05-26,5708.972988
2011-05-31,5745.990729
2011-06-01,5692.1865
2011-06-02,5754.78181
2011-06-03,5774.422905
2011-06-06,5780.867225
2011-06-07,5767.902518
2011-06-08,5719.984704
2011-06-09,5745.05055
2011-06-10,5723.32559
2011-06-13,5767.255676
2011-06-14,5786.910535
2011-06-15,5705.870007
2011-06-16,5752.956824
2011-06-17,5788.6944
2011-06-20,5790.112496
2011-06-21,5765.481828
2011-07-05,5739.477588
2011-07-06,5753.70134
2011-07-07,5790.212376
2011-07-08,5759.78236
2011-07-11,5779.598616
2011-07-12,5822.277096
2011-07-13,5887.798345
2011-07-14,5867.79192
2011-07-15,5814.256576
2011-07-18,5800.544024
2011-07-19,5874.78398
2011-07-20,5861.094894
2011-07-21,5927.674207
2011-07-22,5916.328368
2011-07-25,5952.721125
2011-07-26,5978.29232
2011-07-27,6018.4267
2011-07-28,6005.9076
2011-07-29,6060.675575
2011-08-01,6028.609088
2011-08-02,6010.718673
2011-08-03,5958.542772
2011-08-04,5796.97092
2011-08-05,5771.99574
2011-08-08,5751.619494
2011-08-09,5857.1352
2011-08-10,5715.46474
2011-08-11,5833.567854
2011-08-12,5832.069491
2011-08-15,5876.585463
2011-08-16,5881.191784
2011-08-17,5916.509632
2011-08-18,5830.74656
2011-08-19,5842.16992
2011-08-22,5925.896801
2011-08-23,5946.31507
2011-08-24,5939.884711
2011-08-25,5885.996628
2011-08-30,6044.415552
2011-08-31,6055.781208
2011-09-01,6056.599296
2011-09-02,6010.306944
2011-09-05,6042.619115
2011-09-06,6023.270071
2011-09-07,6069.355344
2011-09-08,6034.6788
2011-09-12,6003.333819
2011-09-13,5990.167946
2011-09-14,5952.11596
2011-09-15,5954.49351
2011-09-19,5889.475928
2011-09-22,5666.166786
2011-09-23,5690.670803
2011-09-26,5748.577965
2011-09-27,5700.624155
2011-09-28,5599.495635
2011-09-29,5613.160728
2011-09-30,5562.8383
2011-10-03,5513.961698
2011-10-04,5601.280896
2011-10-05,5604.16297
2011-10-06,5613.349311
2011-10-07,5609.173185
2011-10-10,5674.858958
2011-10-11,5700.579586
2011-10-12,5764.442892
2011-10-13,5778.528987
2011-10-14,5842.686941
2011-10-17,5672.546718
2011-10-18,5823.17221
2011-10-19,5784.262032
2011-10-20,5808.971196
2011-10-21,5855.944392
2011-10-24,5910.824197
2011-10-25,5857.581037
2011-10-26,5900.881485
2011-10-27,6033.54101
2011-10-28,5993.047417
2011-10-31,5932.96507
2011-11-01,5876.37302
2011-11-02,5914.163962
2011-11-03,5962.11108
2011-11-04,5911.255559
2011-11-07,5977.353984
2011-11-08,5963.12346
2011-11-09,5820.001264
2011-11-10,5894.985483
2011-11-11,5966.075544
2011-11-14,5889.430318
2011-11-15,5924.755375
2011-11-16,5886.957932
2011-11-17,5797.766212
2011-11-18,5864.4123
2011-11-21,5785.071084
2011-11-22,5776.520191
2011-11-23,5708.866605
2011-11-24,5738.038866
2011-11-25,5752.584777
2011-11-28,5880.468698
2011-11-29,5946.251058
2011-11-30,6101.86332
2011-12-01,6054.704598
2011-12-02,6001.309356
2011-12-05,6031.274492
2011-12-07,6027.460569
2011-12-08,5992.899156
2011-12-09,6062.069524
2011-12-12,5978.5707
2011-12-13,5962.811975
2011-12-14,5894.299494
2011-12-15,5951.951645
2011-12-16,5897.778817
2011-12-19,5913.890318
2011-12-20,6010.881056
2011-12-21,5992.80328
2011-12-22,6041.206746
2011-12-28,5984.931674
2011-12-29,6067.628986
2012-01-03,6123.623224
2012-01-04,6134.029728
2012-01-05,6078.678809
2012-01-06,6062.93418
2012-01-09,6102.343239
2012-01-10,6128.674685
2012-01-11,6129.875095
2012-01-12,6163.74754
2012-01-13,6081.315496
2012-01-16,6176.47398
2012-01-17,6172.65516
2012-01-18,6232.569692
2012-01-19,6228.982728
2012-01-20,6247.470525
2012-01-23,6246.274624
2012-01-24,6186.873845
2012-01-25,6221.244127
2012-01-26,6275.674765
2012-01-27,6328.990368
2012-01-30,6367.92212
2012-01-31,6346.696345
2012-02-01,6429.350976
2012-02-02,6412.63988
2012-02-03,6443.831898
2012-02-06,6370.473096
2012-02-07,6369.35624
2012-02-08,6328.075134
2012-02-09,6260.336398
2012-02-10,6282.688094
2012-02-13,6253.974776
2012-02-14,6250.993608
2012-02-15,6262.835372
2012-02-16,6348.56913
2012-02-17,6267.980592
2012-02-20,6257.203015
2012-02-21,6190.925998
2012-02-22,6182.833113
2012-02-23,6276.322075
2012-02-24,6254.554381
2012-02-27,6334.687856
2012-02-28,6347.917348
2012-02-29,6330.657506
2012-03-01,6352.327516
2012-03-02,6262.999616
2012-03-05,6291.356175
2012-03-06,6235.406227
2012-03-07,6287.067234
2012-03-08,6313.827244
2012-03-09,6233.316
2012-03-12,6279.833065
2012-03-13,6289.3185
2012-03-14,6181.044354
2012-03-15,6140.1979
2012-03-16,6152.321567
2012-03-19,6173.294023
2012-03-20,6104.254226
2012-03-21,6056.087772
2012-03-22,6055.24896
2012-03-23,6103.401578
2012-03-26,6149.844789
2012-03-27,6105.903318
2012-03-28,6103.805318
2012-03-29,6137.237684
2012-03-30,6123.100256
2012-04-02,6145.9704
2012-04-03,6126.74979
2012-04-04,6110.54848
2012-04-10,6207.95385
2012-04-11,6219.323671
2012-04-12,6285.560428
2012-04-13,6286.15188
2012-04-16,6277.68902
2012-04-17,6284.96684
2012-04-18,6249.484622
2012-04-19,6262.67405
2012-04-20,6276.138315
2012-04-23,6311.10365
2012-04-24,6307.369224
2012-04-25,6338.00612
2012-04-26,6346.981536
2012-04-27,6430.0681
2012-04-30,6402.325053
2012-05-01,6417.405907
2012-05-02,6378.449952
2012-05-03,6350.902532
2012-05-08,6366.260544
2012-05-09,6333.8597
2012-05-10,6364.85228
2012-05-11,6336.16256
2012-05-15,6331.296036
2012-05-16,6332.306465
2012-05-17,6302.880594
2012-05-18,6350.10312
2012-05-21,6358.661484
2012-05-22,6270.526092
2012-05-23,6280.028802
2012-05-24,6331.726093
2012-05-25,6294.185534
2012-05-28,6358.759847
2012-05-29,6361.158608
2012-05-30,6348.21036
2012-05-31,6399.931095
2012-06-06,6508.88061
2012-06-07,6445.081445
2012-06-08,6526.78757
2012-06-11,6398.962311
2012-06-12,6554.658712
2012-06-13,6482.635215
2012-06-14,6579.149798
2012-06-15,6613.659507
2012-06-18,6624.626372
2012-06-19,6674.682014
2012-06-20,6610.305504
2012-06-21,6539.996732
2012-06-22,6588.87955
2012-06-25,6588.953338
2012-06-26,6627.44436
2012-06-27,6638.9389
2012-06-28,6625.521756
2012-06-29,6677.86104
2012-07-02,6647.792607
2012-07-03,6702.765223
2012-07-04,6682.086285
2012-07-05,6734.22114
2012-07-06,6705.465
2012-07-09,6790.062708
2012-07-10,6740.835665
2012-07-11,6792.0003
2012-07-12,6785.275988
2012-07-13,6853.761216
2012-07-16,6867.407952
2012-07-17,6902.184696
2012-07-18,6924.425436
2012-07-19,6963.66308
2012-07-20,6935.828622
2012-07-23,6945.78682
2012-07-24,6855.330861
2012-07-25,6963.6217
2012-07-26,7050.405664
2012-07-27,6978.4059
2012-07-30,6887.34116
2012-07-31,6856.07013
2012-08-01,6811.6905
2012-08-02,6833.82882
2012-08-03,6906.854137
2012-08-06,6837.041816
2012-08-07,6785.588202
2012-08-08,6785.25564
2012-08-09,6811.393878
2012-08-10,6839.233002
2012-08-13,6793.872951
2012-08-14,6763.881606
2012-08-15,6724.133493
2012-08-16,6680.26455
2012-08-17,6629.90934
2012-08-20,6607.32672
2012-08-21,6643.068286
2012-08-22,6686.010934
2012-08-23,6688.109335
2012-08-28,6720.2184
2012-08-29,6730.257402
2012-08-30,6694.937928
2012-08-31,6724.673603
2012-09-03,6672.237936
2012-09-04,6659.070635
2012-09-05,6696.074481
2012-09-06,6719.52428
2012-09-07,6704.009127
2012-09-10,6683.953608
2012-09-11,6776.276145
2012-09-12,6783.756728
2012-09-13,6836.214936
2012-09-14,6732.503778
2012-09-17,6656.696596
2012-09-18,6671.409265
2012-09-19,6692.664338
2012-09-20,6664.376026
2012-09-21,6696.30855
2012-09-24,6713.171124
2012-09-25,6712.908762
2012-09-26,6763.70874
2012-09-27,6812.455204
2012-09-28,6800.019988
2012-10-01,6768.88462
2012-10-02,6709.391486
2012-10-03,6705.59318
2012-10-04,6724.556608
2012-10-05,6665.882691
2012-10-08,6671.857417
2012-10-09,6619.84137
2012-10-10,6646.982199
2012-10-11,6681.155344
2012-10-12,6651.45038
2012-10-15,6681.476484
2012-10-16,6674.037624
2012-10-17,6664.327188
2012-10-18,6598.32364
2012-10-19,6624.790515
2012-10-22,6623.57811
2012-10-23,6594.89922
2012-10-24,6604.760764
2012-10-25,6579.69875
2012-10-26,6657.122492
2012-10-29,6580.344898
2012-10-30,6628.593093
2012-10-31,6660.444386
2012-11-01,6689.75442
2012-11-02,6654.73536
2012-11-05,6655.374748
2012-11-06,6695.577954
2012-11-07,6667.64598
2012-11-08,6658.43454
2012-11-09,6704.44848
2012-11-12,6709.706694
2012-11-13,6750.851096
2012-11-14,6675.59478
2012-11-15,6687.98156
2012-11-16,6697.999235
2012-11-19,6732.5151
2012-11-20,6697.46979
2012-11-21,6663.919647
2012-11-22,6633.4969
2012-11-23,6679.35306
2012-11-26,6672.35574
2012-11-27,6636.138144
2012-11-28,6669.287352
2012-11-29,6667.300253
2012-11-30,6684.529999
2012-12-03,6724.146678
2012-12-04,6727.466788
2012-12-05,6693.897144
2012-12-06,6735.41956
2012-12-07,6768.157708
2012-12-10,6757.38525
2012-12-11,6791.843259
2012-12-12,6798.604274
2012-12-13,6707.053911
2012-12-14,6723.366084
2012-12-17,6694.37807
2012-12-18,6667.467282
2012-12-19,6634.436088
2012-12-20,6627.651764
2012-12-21,6617.387754
2012-12-27,6588.126512
2012-12-28,6610.501949
2013-01-02,6643.20943
2013-01-03,6627.992217
2013-01-04,6576.646216
2013-01-07,6606.659081
2013-01-08,6613.227636
2013-01-09,6630.70032
2013-01-10,6664.766544
2013-01-11,6599.75976
2013-01-14,6620.667972
2013-01-15,6650.614838
2013-01-16,6686.8065
2013-01-17,6700.66535
2013-01-18,6690.660686
2013-01-21,6650.095969
2013-01-22,6707.718764
2013-01-23,6721.8375
2013-01-24,6664.76019
2013-01-25,6647.844555
2013-01-28,6608.184876
2013-01-29,6575.743242
2013-01-30,6529.946517
2013-01-31,6549.482153
2013-02-01,6559.011469
2013-02-04,6568.179055
2013-02-05,6484.60022
2013-02-06,6492.947666
2013-02-07,6464.411496
2013-02-08,6517.399329
2013-02-11,6491.4108
2013-02-12,6517.31663
2013-02-13,6533.841872
2013-02-14,6512.385024
2013-02-15,6466.318804
2013-02-18,6479.819872
2013-02-19,6513.158238
2013-02-20,6428.40897
2013-02-21,6450.3352
2013-02-22,6491.298118
2013-02-25,6466.9303
2013-02-26,6500.790208
2013-02-27,6517.933833
2013-02-28,6521.314995
2013-03-01,6491.126232
2013-03-04,6526.99863
2013-03-05,6523.572384
2013-03-06,6480.20661
2013-03-07,6481.136555
2013-03-08,6399.501255
2013-03-11,6438.061024
2013-03-12,6481.537173
2013-03-13,6433.417512
2013-03-14,6413.22348
2013-03-15,6434.977932
2013-03-18,6516.052605
2013-03-19,6485.064164
2013-03-20,6449.40279
2013-03-21,6526.69382
2013-03-22,6491.917005
2013-03-25,6509.818152
2013-03-26,6495.855604
2013-03-27,6537.645285
2013-04-02,6581.612464
2013-04-03,6602.211088
2013-04-04,6547.3165
2013-04-05,6512.366829
2013-04-08,6643.674752
2013-04-09,6710.294643
2013-04-10,6715.51881
2013-04-11,6699.704511
2013-04-12,6681.473775
2013-04-15,6560.235
2013-04-16,6600.364533
2013-04-17,6553.5302
2013-04-18,6555.698904
2013-04-19,6557.75512
2013-04-22,6577.354988
2013-04-23,6592.159548
2013-04-24,6566.193903
2013-04-25,6568.880904
2013-04-26,6574.879744
2013-04-29,6634.76998
2013-04-30,6678.795083
2013-05-01,6630.028776
2013-05-02,6610.359525
2013-05-03,6669.133311
2013-05-06,6627.956594
2013-05-07,6558.898388
2013-05-08,6501.81532
2013-05-09,6451.009508
2013-05-10,6369.95762
2013-05-13,6336.224244
2013-05-14,6288.081745
2013-05-15,6284.681345
2013-05-16,6210.809136
2013-05-17,6175.877559
2013-05-20,6198.93612
2013-05-21,6145.34505
2013-05-22,6089.393998
2013-05-23,6088.551008
2013-05-24,6033.530538
2013-05-27,6015.84516
2013-05-28,5994.463101
2013-05-29,5946.29655
2013-05-30,5969.780222
2013-05-31,5958.179775
2013-06-03,6042.294792
2013-06-04,5971.04262
2013-06-05,5933.92605
2013-06-06,5975.648037
2013-06-07,5955.592594
2013-06-10,5898.15567
2013-06-11,5832.912274
2013-06-12,5860.104885
2013-06-13,6005.791659
2013-06-14,5960.763144
2013-06-17,5934.288962
2013-06-18,5905.832454
2013-06-19,5775.735581
2013-06-20,5596.09974
2013-06-21,5584.455072
2013-06-24,5441.47864
2013-06-25,5653.182784
2013-06-26,5599.268888
2013-06-27,5590.618832
2013-06-28,5532.152808
2013-07-01,5599.751252
2013-07-02,5592.845904
2013-07-03,5513.098962
2013-07-04,5514.75275
2013-07-05,5464.872328
2013-07-08,5472.158571
2013-07-09,5490.236547
2013-07-10,5509.300005
2013-07-11,5595.56805
2013-07-12,5495.688065
2013-07-15,5532.360603
2013-07-16,5603.754405
2013-07-17,5616.081856
2013-07-18,5594.017605
2013-07-19,5620.672187
2013-07-22,5658.7568
2013-07-23,5690.664738
2013-07-24,5591.84858
2013-07-25,5594.54241
2013-07-26,5616.200954
2013-07-29,5577.965712
2013-07-30,5534.484732
2013-07-31,5477.498235
2013-08-01,5440.237725
2013-08-02,5381.92014
2013-08-05,5468.004393
2013-08-06,5465.344456
2013-08-07,5495.294086
2013-08-08,5556.75906
2013-08-09,5605.726074
2013-08-12,5559.44058
2013-08-13,5551.84047
2013-08-14,5496.48376
2013-08-15,5492.302452
2013-08-16,5470.085532
2013-08-19,5427.22666
2013-08-20,5439.300174
2013-08-21,5358.824016
2013-08-22,5329.75001
2013-08-27,5384.872905
2013-08-28,5356.42282
2013-08-29,5371.449248
2013-08-30,5357.33912
2013-09-02,5393.436372
2013-09-03,5423.518056
2013-09-04,5475.469485
2013-09-05,5433.613254
2013-09-06,5429.005326
2013-09-09,5470.644852
2013-09-10,5490.42186
2013-09-11,5526.94224
2013-09-12,5500.87576
2013-09-13,5486.425293
2013-09-16,5574.6009
2013-09-17,5603.58315
2013-09-18,5671.282708
2013-09-19,5700.587151
2013-09-20,5639.089198
2013-09-23,5667.52729
2013-09-24,5647.987807
2013-09-25,5646.89763
2013-09-26,5653.58874
2013-09-27,5641.19651
2013-09-30,5620.358496
2013-10-01,5701.635366
2013-10-02,5713.988115
2013-10-03,5680.427724
2013-10-04,5703.440202
2013-10-07,5660.086488
2013-10-08,5657.681288
2013-10-09,5652.408432
2013-10-10,5634.506097
2013-10-11,5648.152037
2013-10-14,5639.482976
2013-10-15,5678.122182
2013-10-16,5628.339192
2013-10-17,5707.611822
2013-10-18,5730.631869
2013-10-21,5765.222736
2013-10-22,5804.074944
2013-10-23,5757.974856
2013-10-24,5803.020153
2013-10-25,5798.596814
2013-10-28,5760.6283
2013-10-29,5722.791228
2013-10-30,5722.704397
2013-10-31,5725.839669
2013-11-01,5662.28286
2013-11-04,5673.90009
2013-11-05,5674.19385
2013-11-06,5680.095941
2013-11-07,5604.911032
2013-11-08,5574.878738
2013-11-11,5555.299014
2013-11-12,5486.95941
2013-11-13,5526.343768
2013-11-14,5514.168488
2013-11-15,5537.210652
2013-11-18,5568.259375
2013-11-19,5574.625868
2013-11-20,5529.079314
2013-11-21,5448.13077
2013-11-22,5390.275905
2013-11-25,5392.012332
2013-11-26,5390.344023
2013-11-27,5377.710888
2013-11-28,5409.187532
2013-11-29,5392.907484
2013-12-02,5387.205039
2013-12-03,5389.58212
2013-12-04,5312.741081
2013-12-05,5325.460735
2013-12-06,5313.135384
2013-12-09,5321.692116
2013-12-10,5352.975974
2013-12-11,5293.442694
2013-12-12,5246.207958
2013-12-13,5269.681398
2013-12-16,5296.0356
2013-12-17,5250.14997
2013-12-18,5252.258844
2013-12-19,5231.265116
2013-12-20,5254.76331
2013-12-23,5259.578838
2013-12-27,5232.241476
2013-12-30,5242.958824
2014-01-02,5254.112149
2014-01-03,5277.155781
2014-01-06,5232.447792
2014-01-07,5227.148535
2014-01-08,5218.052802
2014-01-09,5234.302386
2014-01-10,5294.12291
2014-01-13,5317.939461
2014-01-14,5293.83864
2014-01-15,5295.861944
2014-01-16,5245.568253
2014-01-17,5225.341104
2014-01-20,5269.849434
2014-01-21,5262.321338
2014-01-22,5301.505051
2014-01-23,5237.060214
2014-01-24,5207.591125
2014-01-27,5239.489587
2014-01-28,5295.074379
2014-01-29,5253.414966
2014-01-30,5322.923936
2014-01-31,5309.034948
2014-02-03,5301.735516
2014-02-04,5386.278268
2014-02-05,5421.352797
2014-02-06,5410.097385
2014-02-07,5380.434328
2014-02-10,5369.387772
2014-02-11,5402.699174
2014-02-12,5392.524768
2014-02-13,5380.00688
2014-02-14,5414.98562
2014-02-17,5432.988643
2014-02-18,5398.1748
2014-02-19,5391.339465
2014-02-20,5441.499627
2014-02-24,5429.654225
2014-02-25,5463.974644
2014-02-26,5423.107491
2014-02-27,5457.234589
2014-02-28,5478.424966
2014-03-03,5501.908356
2014-03-04,5502.953785
2014-03-05,5516.847567
2014-03-06,5534.435944
2014-03-07,5516.549224
2014-03-10,5488.05292
2014-03-11,5437.97384
2014-03-12,5461.04352
2014-03-13,5499.0468
2014-03-14,5511.45175
2014-03-17,5596.902462
2014-03-18,5640.190816
2014-03-19,5575.58955
2014-03-20,5601.179664
2014-03-21,5625.711896
2014-03-24,5607.3753
2014-03-25,5637.248508
2014-03-26,5702.69518
2014-03-27,5725.898748
2014-03-28,5737.64371
2014-03-31,5759.612005
2014-04-01,5717.551292
2014-04-02,5672.666727
2014-04-03,5662.30584
2014-04-04,5734.51695
2014-04-07,5761.634004
2014-04-08,5790.48649
2014-04-09,5815.854291
2014-04-10,5863.505472
2014-04-11,5866.27584
2014-04-14,5908.891344
2014-04-15,5861.432481
2014-04-16,5876.846486
2014-04-17,5860.374216
2014-04-22,5889.163986
2014-04-23,5857.598076
2014-04-24,5851.82444
2014-04-25,5882.330454
2014-04-28,5874.546421
2014-04-29,5886.782473
2014-04-30,5906.777337
2014-05-01,5910.638436
2014-05-02,5926.636485
2014-05-05,5954.684247
2014-05-06,5968.454349
2014-05-07,5988.197336
2014-05-08,5995.040072
2014-05-09,5996.384103
2014-05-12,5997.059604
2014-05-13,5999.577576
2014-05-14,6046.127745
2014-05-15,6032.398669
2014-05-16,6060.537445
2014-05-19,6077.245655
2014-05-20,5990.043884
2014-05-21,6027.646752
2014-05-22,5960.530968
2014-05-23,5962.64004
2014-05-26,5978.812833
2014-05-27,6005.485044
2014-05-28,6024.494736
2014-05-29,6087.615235
2014-05-30,6075.947703
2014-06-02,6030.945774
2014-06-03,6009.174038
2014-06-04,5992.555664
2014-06-05,6056.987322
2014-06-06,6052.768352
2014-06-09,6041.86824
2014-06-10,6040.088918
2014-06-11,6006.172992
2014-06-12,6051.415227
2014-06-13,6060.336936
2014-06-16,6099.438326
2014-06-17,6056.586605
2014-06-18,6103.077798
2014-06-19,6120.2943
2014-06-20,6104.842546
2014-06-23,6125.484708
2014-06-24,6145.227962
2014-06-25,6180.735834
2014-06-26,6177.167025
2014-06-27,6208.694835
2014-06-30,6191.65891
2014-07-01,6202.583421
2014-07-02,6205.46325
2014-07-03,6143.38666
2014-07-04,6114.84732
2014-07-07,6139.007245
2014-07-08,6168.055788
2014-07-09,6192.98812
2014-07-10,6225.741632
2014-07-11,6238.181554
2014-07-14,6234.631305
2014-07-15,6231.182425
2014-07-16,6236.052462
2014-07-17,6245.438461
2014-07-18,6252.654072
2014-07-21,6260.865
2014-07-22,6275.175788
2014-07-23,6270.971206
2014-07-24,6234.86339
2014-07-25,6225.78148
2014-07-28,6235.636608
2014-07-29,6194.56194
2014-07-30,6172.335818
2014-07-31,6115.707747
2014-08-01,6112.93452
2014-08-04,6152.49223
2014-08-05,6130.568184
2014-08-06,6149.565884
2014-08-07,6127.398875
2014-08-08,6214.82736
2014-08-11,6118.30967
2014-08-12,6130.519668
2014-08-13,6110.188552
2014-08-14,6187.01985
2014-08-15,6163.603158
2014-08-18,6173.55375
2014-08-19,6142.207698
2014-08-20,6098.5029
2014-08-21,6106.854004
2014-08-22,6123.643268
2014-08-25,6157.865191
2014-08-26,6206.188492
2014-08-27,6239.587172
2014-08-28,6238.643072
2014-08-29,6222.655857
2014-09-01,6200.64832
2014-09-02,6154.062564
2014-09-03,6154.4854
2014-09-04,6172.323388
2014-09-05,6184.48271
2014-09-08,6114.990035
2014-09-09,5992.70252
2014-09-10,5957.84322
2014-09-11,5912.607519
2014-09-12,5874.368038
2014-09-15,5864.740084
2014-09-16,5936.16079
2014-09-17,5825.862757
2014-09-18,5813.176446
2014-09-19,5750.31276
2014-09-22,5773.503025
2014-09-23,5794.537368
2014-09-24,5782.363347
2014-09-25,5749.335046
2014-09-26,5764.265136
2014-09-29,5742.380832
2014-09-30,5753.689477
2014-10-01,5756.912902
2014-10-02,5844.155977
2014-10-03,5734.126776
2014-10-06,5800.01574
2014-10-07,5864.931694
2014-10-08,5887.26327
2014-10-09,5879.060313
2014-10-10,5779.09345
2014-10-13,5871.818304
2014-10-14,5826.148125
2014-10-15,5877.687878
2014-10-16,5899.650525
2014-10-17,5856.00247
2014-10-20,5884.613162
2014-10-21,5913.101718
2014-10-22,5915.92248
2014-10-23,5862.319824
2014-10-24,5874.259011
2014-10-27,5882.176783
2014-10-28,5939.856056
2014-10-29,5883.446379
2014-10-30,5894.063872
2014-10-31,5881.803776
2014-11-03,5846.13636
2014-11-04,5817.320055
2014-11-05,5757.52079
2014-11-06,5750.553536
2014-11-07,5752.405403
2014-11-10,5780.012245
2014-11-11,5804.750246
2014-11-12,5831.687106
2014-11-13,5821.805516
2014-11-14,5854.97246
2014-11-17,5853.886506
2014-11-18,5860.548904
2014-11-19,5786.202408
2014-11-20,5806.028212
2014-11-21,5836.125906
2014-11-24,5823.513225
2014-11-25,5798.44305
2014-11-26,5831.77815
2014-11-27,5848.955595
2014-11-28,5862.634497
2014-12-01,5865.327071
2014-12-02,5772.717272
2014-12-03,5753.522118
2014-12-04,5785.390002
2014-12-05,5737.181073
2014-12-08,5711.118584
2014-12-09,5768.451108
2014-12-10,5830.938246
2014-12-11,5824.711125
2014-12-12,5808.928636
2014-12-15,5732.319887
2014-12-16,5780.09514
2014-12-17,5731.526525
2014-12-18,5792.072392
2014-12-19,5740.683038
2014-12-22,5771.944944
2014-12-23,5758.81956
2014-12-24,5730.625776
2014-12-25,5721.005955
2014-12-26,5737.662683
2014-12-29,5776.002948
2014-12-30,5830.640712
2014-12-31,5845.512048
2015-01-01,5854.500288
2015-01-02,5762.41512
2015-01-05,5812.4836
2015-01-06,5847.607584
2015-01-07,5856.249274
2015-01-08,5867.603868
2015-01-09,5927.27652
2015-01-12,5889.774199
2015-01-13,5946.810545
2015-01-14,5945.971
2015-01-15,5938.193074
2015-01-16,6027.658176
2015-01-19,5966.931356
2015-01-20,5937.633084
2015-01-21,5923.250397
2015-01-22,5847.863908
2015-01-23,5789.709192
2015-01-26,5842.48644
2015-01-27,5848.908174
2015-01-28,5799.404142
2015-01-29,5760.40308
2015-01-30,5799.558744
2015-02-02,5828.130958
2015-02-03,5879.385914
2015-02-04,5769.890064
2015-02-05,5838.827794
2015-02-06,5805.761736
2015-02-09,5767.362165
2015-02-10,5724.398295
2015-02-11,5680.909991
2015-02-12,5722.09184
2015-02-13,5759.089444
2015-02-16,5740.77972
2015-02-17,5784.35715
2015-02-18,5758.777596
2015-02-19,5758.01059
2015-02-20,5808.057684
2015-02-23,5752.213155
2015-02-24,5797.62357
2015-02-25,5867.147182
2015-02-26,5840.21697
2015-02-27,5826.310875
2015-03-02,5790.898195
2015-03-03,5806.127911
2015-03-04,5764.595268
2015-03-05,5736.734708
2015-03-06,5684.948412
2015-03-09,5634.617358
2015-03-10,5611.047246
2015-03-11,5618.594184
2015-03-12,5736.960079
2015-03-13,5671.801188
2015-03-16,5695.083678
2015-03-17,5684.87049
2015-03-18,5784.778682
2015-03-19,5704.00257
2015-03-20,5807.082508
2015-03-23,5892.80076
2015-03-24,5879.5422
2015-03-25,5893.110216
2015-03-26,5885.063046
2015-03-27,5785.527036
2015-03-30,5723.811348
2015-03-31,5696.397644
2015-04-01,5683.40667
2015-04-02,5703.7358
2015-04-03,5719.773975
2015-04-06,5689.94336
2015-04-07,5702.646587
2015-04-08,5759.748364
2015-04-09,5764.082628
2015-04-10,5753.800818
2015-04-13,5689.67738
2015-04-14,5755.91632
2015-04-15,5781.972544
2015-04-16,5842.37216
2015-04-17,5822.750886
2015-04-20,5765.943968
2015-04-21,5772.765724
2015-04-22,5758.72401
2015-04-23,5751.726569
2015-04-24,5751.640064
2015-04-27,5827.546152
2015-04-28,5893.330352
2015-04-29,5871.055632
2015-04-30,5780.855836
2015-05-01,5725.581766
2015-05-04,5712.987537
2015-05-05,5744.73614
2015-05-06,5658.77907
2015-05-07,5603.923325
2015-05-08,5733.308608
2015-05-11,5662.975266
2015-05-12,5615.603157
2015-05-13,5781.27676
2015-05-14,5746.923981
2015-05-15,5770.2978
2015-05-18,5725.913886
2015-05-19,5667.743172
2015-05-20,5611.99743
2015-05-21,5636.139489
2015-05-22,5602.932384
2015-05-25,5600.209908
2015-05-26,5557.349435
2015-05-27,5579.264156
2015-05-28,5542.316766
2015-05-29,5547.109764
2015-06-01,5537.17679
2015-06-02,5629.7305
2015-06-03,5594.714129
2015-06-04,5427.946622
2015-06-05,5404.451181
2015-06-08,5455.743552
2015-06-09,5487.32505
2015-06-10,5512.995192
2015-06-11,5443.392276
2015-06-12,5497.173864
2015-06-15,5522.033832
2015-06-16,5531.1025
2015-06-17,5528.0688
2015-06-18,5630.896544
2015-06-19,5586.935039
2015-06-22,5532.23921
2015-06-23,5498.648272
2015-06-24,5465.273168
2015-06-25,5491.584936
2015-06-26,5436.016479
2015-06-29,5485.000465
2015-06-30,5485.021347
2015-07-01,5446.150752
2015-07-02,5393.099706
2015-07-03,5343.63609
2015-07-06,5383.25748
2015-07-07,5380.00372
2015-07-08,5442.017333
2015-07-09,5408.872224
2015-07-10,5328.954908
2015-07-13,5276.364885
2015-07-14,5312.563685
2015-07-15,5260.02015
2015-07-16,5304.068058
2015-07-17,5304.913422
2015-07-20,5312.262232
2015-07-21,5343.476632
2015-07-22,5313.065674
2015-07-23,5327.8868
2015-07-24,5280.184844
2015-07-27,5308.447264
2015-07-28,5338.27173
2015-07-29,5323.30344
2015-07-30,5289.895744
2015-07-31,5331.84948
2015-08-03,5324.169243
2015-08-04,5399.78232
2015-08-05,5351.63448
2015-08-06,5341.933168
2015-08-07,5387.028913
2015-08-10,5401.788418
2015-08-11,5423.6028
2015-08-12,5576.32734
2015-08-13,5548.756528
2015-08-14,5534.71715
2015-08-17,5547.459555
2015-08-18,5537.435621
2015-08-19,5565.458
2015-08-20,5566.95312
2015-08-21,5598.104904
2015-08-24,5519.766708
2015-08-25,5458.64529
2015-08-26,5407.578006
2015-08-27,5432.895468
2015-08-28,5424.442725
2015-08-31,5396.966988
2015-09-01,5315.119232
2015-09-02,5297.950272
2015-09-03,5288.399298
2015-09-04,5229.198524
2015-09-07,5229.68492
2015-09-08,5305.18446
2015-09-09,5289.509421
2015-09-10,5337.325578
2015-09-11,5352.536784
2015-09-14,5388.261501
2015-09-15,5395.570515
2015-09-16,5402.151448
2015-09-17,5342.33959
2015-09-18,5392.357074
2015-09-21,5384.485572
2015-09-22,5348.721999
2015-09-23,5309.774967
2015-09-24,5333.267676
2015-09-25,5298.427104
2015-09-28,5283.633744
2015-09-29,5311.15832
2015-09-30,5322.899178
2015-10-01,5339.616332
2015-10-02,5347.283499
2015-10-05,5392.990009
2015-10-06,5442.257232
2015-10-07,5443.6109
2015-10-08,5510.488716
2015-10-09,5514.444258
2015-10-12,5525.8574
2015-10-13,5475.26702
2015-10-14,5567.862545
2015-10-15,5589.377948
2015-10-16,5529.529359
2015-10-19,5518.36022
2015-10-20,5501.153457
2015-10-21,5476.8017
2015-10-22,5479.616025
2015-10-23,5477.583216
2015-10-26,5516.163904
2015-10-27,5469.286708
2015-10-28,5410.04475
2015-10-29,5390.419212
2015-10-30,5401.322136
2015-11-02,5411.841787
2015-11-03,5428.654548
2015-11-04,5379.376132
2015-11-05,5356.2121
2015-11-06,5288.041668
2015-11-09,5251.899594
2015-11-10,5239.13544
2015-11-11,5271.073379
2015-11-12,5293.60875
2015-11-13,5307.3258
2015-11-16,5298.9636
2015-11-17,5312.071648
2015-11-18,5325.1476
2015-11-19,5386.375068
2015-11-20,5425.346543
2015-11-23,5371.314832
2015-11-24,5437.528992
2015-11-25,5449.081572
2015-11-26,5444.47431
2015-11-27,5422.896794
2015-11-30,5440.038625
2015-12-01,5520.860384
2015-12-02,5531.677668
2015-12-03,5539.35464
2015-12-04,5489.957225
2015-12-07,5445.316125
2015-12-08,5464.108
2015-12-09,5486.180376
2015-12-10,5529.423412
2015-12-11,5476.692888
2015-12-14,5533.614735
2015-12-15,5489.944527
2015-12-16,5512.35406
2015-12-17,5455.660152
2015-12-18,5522.908688
2015-12-21,5543.412105
2015-12-22,5586.820485
2015-12-23,5567.023224
2015-12-24,5583.951477
2015-12-25,5553.489472
2015-12-28,5568.874256
2015-12-29,5635.950708
2015-12-30,5610.346866
2015-12-31,5571.997284
2016-01-01,5586.592054
2016-01-04,5588.844712
2016-01-05,5553.088644
2016-01-06,5528.966688
2016-01-07,5539.566318
2016-01-08,5463.98918
2016-01-11,5468.101731
2016-01-12,5459.466528
2016-01-13,5449.198718
2016-01-14,5521.566284
2016-01-15,5437.78982
2016-01-18,5414.439292
2016-01-19,5444.315136
2016-01-20,5483.56288
2016-01-21,5537.7888
2016-01-22,5505.77963
2016-01-25,5481.01302
2016-01-26,5553.60884
2016-01-27,5557.01184
2016-01-28,5592.0634
2016-01-29,5624.010184
2016-02-01,5652.049065
2016-02-02,5597.306695
2016-02-03,5730.085032
2016-02-04,5732.89314
2016-02-05,5648.449422
2016-02-08,5653.202438
2016-02-09,5705.539128
2016-02-10,5723.616304
2016-02-11,5788.753644
2016-02-12,5751.406262
2016-02-15,5658.269963
2016-02-16,5646.80858
2016-02-17,5734.13625
2016-02-18,5689.67056
2016-02-19,5724.254844
2016-02-22,5780.485386
2016-02-23,5772.331906
2016-02-24,5785.350621
2016-02-25,5837.04141
2016-02-26,5752.130876
2016-02-29,5774.264622
2016-03-01,5807.110288
2016-03-02,5854.01173
2016-03-03,5905.280582
2016-03-04,5959.08108
2016-03-07,5967.352872
2016-03-08,5948.467989
2016-03-09,5986.31396
2016-03-10,5944.072554
2016-03-11,5984.66646
2016-03-14,5949.24246
2016-03-15,5928.629739
2016-03-16,6022.089564
2016-03-17,6099.342199
2016-03-18,6052.657828
2016-03-21,6039.994176
2016-03-22,6072.222651
2016-03-23,5979.88413
2016-03-24,6025.891044
2016-03-25,6011.16672
2016-03-28,6034.242984
2016-03-29,6102.481098
2016-03-30,6130.31434
2016-03-31,6140.90217
2016-04-01,6160.268552
2016-04-04,6136.635936
2016-04-05,6099.78408
2016-04-06,6151.912416
2016-04-07,6062.45694
2016-04-08,6120.371494
2016-04-11,6143.115321
2016-04-12,6184.29195
2016-04-13,6160.68654
2016-04-14,6190.823226
2016-04-15,6200.73572
2016-04-18,6245.525265
2016-04-19,6252.205229
2016-04-20,6267.359343
2016-04-21,6188.972544
2016-04-22,6169.474482
2016-04-25,6161.288721
2016-04-26,6183.193864
2016-04-27,6091.279443
2016-04-28,6145.815095
2016-04-29,6126.29458
2016-05-02,6166.0312
2016-05-03,6117.891616
2016-05-04,6067.774697
2016-05-05,6093.397746
2016-05-06,6056.066032
2016-05-09,6028.453998
2016-05-10,6080.35986
2016-05-11,6072.20108
2016-05-12,6046.304128
2016-05-13,6038.677575
2016-05-16,6061.015037
2016-05-17,6049.728048
2016-05-18,5993.464272
2016-05-19,5975.55363
2016-05-20,5985.009677
2016-05-23,6009.018015
2016-05-24,5993.4279
2016-05-25,5974.986934
2016-05-26,6020.040336
2016-05-27,6006.753361
2016-05-30,6009.32356
2016-05-31,6034.074606
2016-06-01,6060.091968
2016-06-02,6053.736018
2016-06-03,6174.834909
2016-06-06,6214.5846
2016-06-07,6255.54024
2016-06-08,6315.810944
2016-06-09,6292.8073
2016-06-10,6244.003125
2016-06-13,6289.358025
2016-06-14,6309.5064
2016-06-15,6298.899746
2016-06-16,6323.982804
2016-06-17,6295.628808
2016-06-20,6304.868387
2016-06-21,6304.575984
2016-06-22,6305.741766
2016-06-23,6382.89084
2016-06-24,6379.646967
2016-06-27,6342.245728
2016-06-28,6385.669392
2016-06-29,6429.977966
2016-06-30,6442.063425
2016-07-01,6534.522395
2016-07-04,6536.57025
2016-07-05,6534.847464
2016-07-06,6652.85832
2016-07-07,6561.781233
2016-07-08,6652.562112
2016-07-11,6608.90235
2016-07-12,6638.8705
2016-07-13,6660.750102
2016-07-14,6673.472022
2016-07-15,6635.688605
2016-07-18,6653.474408
2016-07-19,6596.96752
2016-07-20,6551.802944
2016-07-21,6567.042804
2016-07-22,6564.709302
2016-07-25,6542.29947
2016-07-26,6585.298692
2016-07-27,6545.664825
2016-07-28,6569.55324
2016-07-29,6627.579288
2016-08-01,6611.556952
2016-08-02,6668.25126
2016-08-03,6607.842362
2016-08-04,6637.895952
2016-08-05,6684.14516
2016-08-08,6692.272902
2016-08-09,6703.857018
2016-08-10,6745.691364
2016-08-11,6743.881401
2016-08-12,6681.89986
2016-08-15,6729.388944
2016-08-16,6745.42842
2016-08-17,6683.40757
2016-08-18,6718.907568
2016-08-19,6701.1315
2016-08-22,6672.631165
2016-08-23,6683.505822
2016-08-24,6701.57483
2016-08-25,6701.442516
2016-08-26,6665.246484
2016-08-29,6684.922452
2016-08-30,6641.806976
2016-08-31,6640.114066
2016-09-01,6661.489111
2016-09-02,6688.644184
2016-09-05,6674.956875
2016-09-06,6767.971125
2016-09-07,6768.267037
2016-09-08,6732.770088
2016-09-09,6592.536886
2016-09-12,6568.135068
2016-09-13,6495.28464
2016-09-14,6477.767191
2016-09-15,6492.732678
2016-09-16,6494.68098
2016-09-19,6496.83584
2016-09-20,6552.34668
2016-09-21,6601.77882
2016-09-22,6665.402925
2016-09-23,6652.455008
2016-09-26,6681.214984
2016-09-27,6716.9833
2016-09-28,6741.969653
2016-09-29,6668.017314
2016-09-30,6753.77022
2016-10-03,6731.637545
2016-10-04,6648.855414
2016-10-05,6629.279319
2016-10-06,6576.850068
2016-10-07,6562.075861
2016-10-10,6620.127813
2016-10-11,6536.347084
2016-10-12,6537.150558
2016-10-13,6578.996985
2016-10-14,6607.913159
2016-10-17,6596.650759
2016-10-18,6618.587878
2016-10-19,6685.671314
2016-10-20,6610.476477
2016-10-21,6623.880172
2016-10-24,6647.012106
2016-10-25,6681.959832
2016-10-26,6686.059523
2016-10-27,6608.685138
2016-10-28,6585.0288
2016-10-31,6603.440532
2016-11-01,6629.85942
2016-11-02,6634.956684
2016-11-03,6689.600749
2016-11-04,6642.100724
2016-11-07,6708.60826
2016-11-08,6752.034124
2016-11-09,6698.235705
2016-11-10,6574.048928
2016-11-11,6464.069116
2016-11-14,6464.452627
2016-11-15,6480.987915
2016-11-16,6432.22068
2016-11-17,6401.769044
2016-11-18,6287.883246
2016-11-21,6329.883859
2016-11-22,6372.529046
2016-11-23,6360.93714
2016-11-24,6345.821628
2016-11-25,6374.393874
2016-11-28,6438.043605
2016-11-29,6433.521472
2016-11-30,6323.41815
2016-12-01,6315.8667
2016-12-02,6319.808225
2016-12-05,6356.858758
2016-12-06,6351.140778
2016-12-07,6365.86236
2016-12-08,6387.60786
2016-12-09,6346.473276
2016-12-12,6371.99552
2016-12-13,6389.2782
2016-12-14,6329.116057
2016-12-15,6279.811605
2016-12-16,6247.757264
2016-12-19,6202.230843
2016-12-20,6223.971864
2016-12-21,6194.975424
2016-12-22,6189.516273
2016-12-23,6139.633008
2016-12-26,6147.96185
2016-12-27,6149.349763
2016-12-28,6158.699196
2016-12-29,6228.405742
2016-12-30,6226.838865
2017-01-02,6201.270656
2017-01-03,6258.858086
2017-01-04,6260.93013
2017-01-05,6302.499869
2017-01-06,6313.324493
2017-01-09,6348.459645
2017-01-10,6371.15424
2017-01-11,6433.486128
2017-01-12,6458.50156
2017-01-13,6470.585856
2017-01-16,6452.417284
2017-01-17,6482.46264
2017-01-18,6435.49875
2017-01-19,6466.152564
2017-01-20,6460.60425
2017-01-23,6471.386688
2017-01-24,6510.19392
2017-01-25,6510.693778
2017-01-26,6477.269348
2017-01-27,6457.970718
2017-01-30,6495.35045
2017-01-31,6522.975268
2017-02-01,6520.42691
2017-02-02,6558.247044
2017-02-03,6562.51039
2017-02-06,6546.851881
2017-02-07,6582.969228
2017-02-08,6589.14984
2017-02-09,6592.7555
2017-02-10,6616.9488
2017-02-13,6583.413759
2017-02-14,6570.57888
2017-02-15,6591.856656
2017-02-16,6553.68741
2017-02-17,6547.10004
2017-02-20,6579.973379
2017-02-21,6563.927556
2017-02-22,6575.02992
2017-02-23,6590.638208
2017-02-24,6595.766838
2017-02-27,6611.5896
2017-02-28,6580.193122
2017-03-01,6575.42142
2017-03-02,6488.142073
2017-03-03,6512.980936
2017-03-06,6505.7283
2017-03-07,6512.608557
2017-03-08,6449.582145
2017-03-09,6394.313312
2017-03-10,6399.543466
2017-03-13,6443.426178
2017-03-14,6439.738608
2017-03-15,6574.492352
2017-03-16,6589.12432
2017-03-17,6594.320239
2017-03-20,6644.187648
2017-03-21,6595.31052
2017-03-22,6609.285382
2017-03-23,6578.921888
2017-03-24,6559.109538
2017-03-27,6585.06566
2017-03-28,6603.086514
2017-03-29,6627.647964
2017-03-30,6624.785132
2017-03-31,6601.609852
2017-04-03,6597.197412
2017-04-04,6604.635366
2017-04-05,6616.215828
2017-04-06,6609.67335
2017-04-07,6594.012827
2017-04-10,6575.17974
2017-04-11,6593.66219
2017-04-12,6626.956167
2017-04-13,6691.398746
2017-04-14,6695.208772
2017-04-17,6704.410002
2017-04-18,6660.696434
2017-04-19,6638.346149
2017-04-20,6623.065353
2017-04-21,6622.40194
2017-04-24,6617.334281
2017-04-25,6585.157107
2017-04-26,6526.08992
2017-04-27,6534.44143
2017-04-28,6568.176792
2017-05-01,6601.9894
2017-05-02,6595.986432
2017-05-03,6510.710485
2017-05-04,6470.54416
2017-05-05,6481.541196
2017-05-08,6437.496654
2017-05-09,6401.590095
2017-05-10,6426.715636
2017-05-11,6445.283724
2017-05-12,6463.537642
2017-05-15,6503.089166
2017-05-16,6509.915184
2017-05-17,6536.10112
2017-05-18,6559.405152
2017-05-19,6598.579284
2017-05-22,6605.602314
2017-05-23,6629.515347
2017-05-24,6643.57545
2017-05-25,6597.7344
2017-05-26,6599.978681
2017-05-29,6584.088693
2017-05-30,6622.53846
2017-05-31,6440.015336
2017-06-01,6386.772024
2017-06-02,6439.71552
2017-06-05,6483.821421
2017-06-06,6493.008698
2017-06-07,6529.991793
2017-06-08,6516.49185
2017-06-09,6505.99128
2017-06-12,6516.443707
2017-06-13,6517.413152
2017-06-14,6553.221376
2017-06-15,6585.583095
2017-06-16,6595.999607
2017-06-19,6582.95872
2017-06-20,6572.258208
2017-06-21,6566.870339
2017-06-22,6569.689504
2017-06-23,6597.977222
2017-06-26,6617.32414
2017-06-27,6596.750982
2017-06-28,6596.639638
2017-06-29,6587.439656
2017-06-30,6539.953941
2017-07-03,6514.0109
2017-07-04,6479.483761
2017-07-05,6492.419472
2017-07-06,6483.088996
2017-07-07,6458.119096
2017-07-10,6446.965085
2017-07-11,6466.237068
2017-07-12,6495.842472
2017-07-13,6561.106936
2017-07-14,6622.645425
2017-07-17,6592.041852
2017-07-18,6645.753972
2017-07-19,6701.762916
2017-07-20,6696.472284
2017-07-21,6694.892933
2017-07-24,6704.92116
2017-07-25,6705.85848
2017-07-26,6748.672248
2017-07-27,6727.713504
2017-07-28,6736.652901
2017-07-31,6742.529417
2017-08-01,6697.567163
2017-08-02,6697.124244
2017-08-03,6694.307554
2017-08-04,6714.648267
2017-08-07,6683.193202
2017-08-08,6678.236324
2017-08-09,6627.20436
2017-08-10,6581.944468
2017-08-11,6653.536625
2017-08-14,6603.178125
2017-08-15,6574.89231
2017-08-16,6661.622929
2017-08-17,6624.753049
2017-08-18,6670.461653
2017-08-21,6664.08967
2017-08-22,6635.105634
2017-08-23,6609.955935
2017-08-24,6629.017132
2017-08-25,6637.6405
2017-08-28,6619.961875
2017-08-29,6612.638784
2017-08-30,6550.328106
2017-08-31,6566.1506
2017-09-01,6566.950476
2017-09-04,6536.85771
2017-09-05,6572.49593
2017-09-06,6602.862112
2017-09-07,6578.7138
2017-09-08,6614.435736
2017-09-11,6620.586414
2017-09-12,6607.762484
2017-09-13,6573.88386
2017-09-14,6570.237888
2017-09-15,6556.8717
2017-09-18,6518.939709
2017-09-19,6567.108608
2017-09-20,6558.52671
2017-09-21,6486.692416
2017-09-22,6511.131645
2017-09-25,6551.80932
2017-09-26,6524.923923
