date,price
2017/6/7,1799.8524
2017/6/6,1766.3934
2017/6/5,1761.2457
2017/6/2,1745.9265
2017/6/1,1728.488
2017/5/31,1763.7292
2017/5/26,1759.6318
2017/5/25,1777.6939
2017/5/24,1776.2778
2017/5/23,1758.2348
2017/5/22,1788.0753
2017/5/19,1801.0776
2017/5/18,1813.5065
2017/5/17,1822.6389
2017/5/16,1814.9405
2017/5/15,1778.6359
2017/5/12,1774.6277
2017/5/11,1772.4131
2017/5/10,1771.3195
2017/5/9,1802.4908
2017/5/8,1788.7083
2017/5/5,1818.1911
2017/5/4,1838.1038
2017/5/3,1840.4534
2017/5/2,1850.8493
2017/4/28,1850.7336
2017/4/27,1842.9222
2017/4/26,1820.4805
2017/4/25,1818.8704
2017/4/24,1809.9113
2017/4/21,1839.0064
2017/4/20,1850.39
2017/4/19,1845.3821
2017/4/18,1848.2027
2017/4/17,1868.2814
2017/4/14,1887.4603
2017/4/13,1910.476
2017/4/12,1897.5065
2017/4/11,1917.6329
2017/4/10,1912.4507
2017/4/7,1946.0485
2017/4/6,1944.2345
2017/4/5,1943.1602
2017/3/31,1907.3381
2017/3/30,1893.7009
2017/3/29,1929.1958
2017/3/28,1944.3626
2017/3/27,1947.5282
2017/3/24,1965.1368
2017/3/23,1948.3692
2017/3/22,1948.5799
2017/3/21,1961.0632
2017/3/20,1953.8158
2017/3/17,1949.661
2017/3/16,1966.7266
2017/3/15,1957.8199
2017/3/14,1958.023
2017/3/13,1970.8788
2017/3/10,1950.0077
2017/3/9,1953.9425
2017/3/8,1964.6284
2017/3/7,1977.8531
2017/3/6,1962.7697
2017/3/3,1928.289
2017/3/2,1920.4049
2017/3/1,1931.9682
2017/2/28,1927.1597
2017/2/27,1926.7715
2017/2/24,1938.4445
2017/2/23,1925.9512
2017/2/22,1919.9732
2017/2/21,1921.0773
2017/2/20,1894.9616
2017/2/17,1882.8685
2017/2/16,1897.6297
2017/2/15,1892.357
2017/2/14,1909.3954
2017/2/13,1913.6805
2017/2/10,1904.6849
2017/2/9,1914.0823
2017/2/8,1903.6279
2017/2/7,1889.1337
2017/2/6,1900.4472
2017/2/3,1876.7607
2017/1/26,1886.232
2017/1/25,1870.7028
2017/1/24,1861.2158
2017/1/23,1887.3245
2017/1/20,1880.7483
2017/1/19,1844.14
2017/1/18,1845.7875
2017/1/17,1867.8683
2017/1/16,1830.8477
2017/1/13,1899.9428
2017/1/12,1930.1447
2017/1/11,1937.5466
2017/1/10,1951.6773
2017/1/9,1961.6191
2017/1/6,1965.03
2017/1/5,1983.9713
2017/1/4,1991.5652
2017/1/3,1963.255
2016/12/30,1962.0587
2016/12/29,1959.2396
2016/12/28,1957.1545
2016/12/27,1968.6195
2016/12/26,1974.0101
2016/12/23,1964.5412
2016/12/22,1986.2744
2016/12/21,1991.6964
2016/12/20,1982.2972
2016/12/19,1980.4102
2016/12/16,1998.1134
2016/12/15,1975.8535
2016/12/14,1963.0796
2016/12/13,1985.0428
2016/12/12,1984.3948
2016/12/9,2099.8878
2016/12/8,2114.7107
2016/12/7,2134.9867
2016/12/6,2122.2594
2016/12/5,2143.8776
2016/12/2,2143.4518
2016/12/1,2181.929
2016/11/30,2183.0494
2016/11/29,2160.3455
2016/11/28,2166.045
2016/11/25,2167.5276
2016/11/24,2146.6265
2016/11/23,2165.7074
2016/11/22,2177.6506
2016/11/21,2152.6015
2016/11/18,2157.9597
2016/11/17,2163.0414
2016/11/16,2182.467
2016/11/15,2179.2995
2016/11/14,2161.6856
2016/11/11,2147.1072
2016/11/10,2143.321
2016/11/9,2123.8444
2016/11/8,2150.3024
2016/11/7,2130.3012
2016/11/4,2145.229
2016/11/3,2153.1848
2016/11/2,2146.3988
2016/11/1,2176.4468
2016/10/31,2159.7604
2016/10/28,2165.433
2016/10/27,2182.477
2016/10/26,2184.493
2016/10/25,2200.207
2016/10/24,2200.803
2016/10/21,2180.996
2016/10/20,2193.255
2016/10/19,2184.91
2016/10/18,2198.141
2016/10/17,2167.862
2016/10/14,2194.227
2016/10/13,2208.567
2016/10/12,2209.685
2016/10/11,2210.861
2016/10/10,2208.469
2016/9/30,2149.901
2016/9/29,2146.184
2016/9/28,2139.628
2016/9/27,2140.803
2016/9/26,2122.9
2016/9/23,2156.51
2016/9/22,2168.422
2016/9/21,2162.131
2016/9/20,2158.432
2016/9/19,2165.213
2016/9/14,2144.557
2016/9/13,2145.868
2016/9/12,2145.563
2016/9/9,2202.967
2016/9/8,2223.468
2016/9/7,2212.053
2016/9/6,2222.837
2016/9/5,2182.694
2016/9/2,2170.857
2016/9/1,2181.326
2016/8/31,2191.758
2016/8/30,2195.531
2016/8/29,2193.2
2016/8/26,2189.749
2016/8/25,2180.66
2016/8/24,2192.17
2016/8/23,2174.158
2016/8/22,2167.4
2016/8/19,2204.556
2016/8/18,2201.594
2016/8/17,2208.195
2016/8/16,2201.096
2016/8/15,2193.211
2016/8/12,2123.841
2016/8/11,2103.395
2016/8/10,2137.001
2016/8/9,2154.505
2016/8/8,2130.594
2016/8/5,2109.055
2016/8/4,2129.652
2016/8/3,2108.314
2016/8/2,2113.214
2016/8/1,2099.179
2016/7/29,2122.412
2016/7/28,2139.744
2016/7/27,2155.386
2016/7/26,2279.55
2016/7/25,2245.885
2016/7/22,2249.999
2016/7/21,2265.128
2016/7/20,2268.535
2016/7/19,2273.719
2016/7/18,2249.871
2016/7/15,2263.784
2016/7/14,2293.079
2016/7/13,2285.369
2016/7/12,2247.354
2016/7/11,2218.588
2016/7/8,2239.002
2016/7/7,2233.922
2016/7/6,2241.56
2016/7/5,2246.024
2016/7/4,2248.712
2016/7/1,2211.177
2016/6/30,2227.79
2016/6/29,2209.788
2016/6/28,2216.71
2016/6/27,2191.806
2016/6/24,2127.364
2016/6/23,2137.485
2016/6/22,2144.818
2016/6/21,2092.001
2016/6/20,2119.63
2016/6/17,2122.89
2016/6/16,2101.416
2016/6/15,2128.799
2016/6/14,2058.314
2016/6/13,2054.707
2016/6/8,2186.544
2016/6/7,2196.727
2016/6/6,2199.301
2016/6/3,2204.974
2016/6/2,2188.558
2016/6/1,2168.82
2016/5/31,2159.8
2016/5/30,2058.518
2016/5/27,2069.885
2016/5/26,2086.007
2016/5/25,2067.254
2016/5/24,2075.509
2016/5/23,2098.234
2016/5/20,2065.301
2016/5/19,2037.403
2016/5/18,2020.475
2016/5/17,2081.44
2016/5/16,2057.857
2016/5/13,2025.223
2016/5/12,2034.565
2016/5/11,2034.925
2016/5/10,2054.222
2016/5/9,2053.597
2016/5/6,2129.194
2016/5/5,2224.095
2016/5/4,2211.018
2016/5/3,2217.23
2016/4/29,2138.738
2016/4/28,2155.229
2016/4/27,2146.611
2016/4/26,2155.697
2016/4/25,2126.834
2016/4/22,2136.924
2016/4/21,2110.162
2016/4/20,2145.239
2016/4/19,2272.52
2016/4/18,2265.593
2016/4/15,2309.676
2016/4/14,2324.394
2016/4/13,2294.015
2016/4/12,2264.016
2016/4/11,2283.143
2016/4/8,2229.934
2016/4/7,2248.684
2016/4/6,2297.041
2016/4/5,2279.52
2016/4/1,2205.369
2016/3/31,2238.286
2016/3/30,2248.783
2016/3/29,2152.548
2016/3/28,2199.685
2016/3/25,2216.086
2016/3/24,2219.77
2016/3/23,2259.106
2016/3/22,2221.702
2016/3/21,2227.034
2016/3/18,2177.87
2016/3/17,2087.293
2016/3/16,1977.538
2016/3/15,1996.92
2016/3/14,2023.128
2016/3/11,1934.87
2016/3/10,1936.968
2016/3/9,1970.813
2016/3/8,2002.191
2016/3/7,1953.332
2016/3/4,1907.041
2016/3/3,2007.076
2016/3/2,2017.604
2016/3/1,1934.919
2016/2/29,1880.146
2016/2/26,2014.92
2016/2/25,2037.143
2016/2/24,2203.741
2016/2/23,2218.119
2016/2/22,2245.564
2016/2/19,2211.006
2016/2/18,2190.911
2016/2/17,2215.341
2016/2/16,2201.925
2016/2/15,2116.838
2016/2/5,2096.986
2016/2/4,2126.636
2016/2/3,2090.513
2016/2/2,2075.287
2016/2/1,1992.695
2016/1/29,1994.065
2016/1/28,1906.461
2016/1/27,1997.465
2016/1/26,1994.047
2016/1/25,2158.824
2016/1/22,2149.586
2016/1/21,2112.404
2016/1/20,2204.648
2016/1/19,2241.696
2016/1/18,2174.934
2016/1/15,2112.902
2016/1/14,2175.012
2016/1/13,2059.776
2016/1/12,2147.531
2016/1/11,2106.358
2016/1/8,2248.99
2016/1/7,2256.524
2016/1/6,2468.366
2016/1/5,2416.725
2016/1/4,2491.24
2015/12/31,2714.048
2015/12/30,2779.513
2015/12/29,2749.822
2015/12/28,2735.485
2015/12/25,2794.73
2015/12/24,2795.78
2015/12/23,2783.942
2015/12/22,2839.852
2015/12/21,2829.921
2015/12/18,2830.259
2015/12/17,2835.701
2015/12/16,2763.114
2015/12/15,2745.7
2015/12/14,2709.265
2015/12/11,2671.292
2015/12/10,2695.507
2015/12/9,2667.912
2015/12/8,2691.658
2015/12/7,2738.149
2015/12/4,2692.161
2015/12/3,2708.123
2015/12/2,2613.263
2015/12/1,2655.345
2015/11/30,2672.581
2015/11/27,2649.55
2015/11/26,2833.198
2015/11/25,2897.569
2015/11/24,2816.048
2015/11/23,2770.577
2015/11/20,2800.15
2015/11/19,2770.752
2015/11/18,2661.165
2015/11/17,2717.052
2015/11/16,2797.162
2015/11/13,2710.161
2015/11/12,2783.298
2015/11/11,2804.677
2015/11/10,2746.609
2015/11/9,2724.619
2015/11/6,2661.412
2015/11/5,2564.722
2015/11/4,2584.317
2015/11/3,2429.27
2015/11/2,2432.038
2015/10/30,2478.277
2015/10/29,2485.276
2015/10/28,2485.235
2015/10/27,2563.958
2015/10/26,2527.477
2015/10/23,2538.383
2015/10/22,2458.138
2015/10/21,2344.74
2015/10/20,2511.164
2015/10/19,2433.599
2015/10/16,2449.03
2015/10/15,2404.533
2015/10/14,2305.003
2015/10/13,2342.039
2015/10/12,2316.782
2015/10/9,2216.656
2015/10/8,2190.311
2015/9/30,2082.673
2015/9/29,2098.567
2015/9/28,2122.257
2015/9/25,2020.972
2015/9/24,2106.594
2015/9/23,2077.99
2015/9/22,2078.718
2015/9/21,2079.06
2015/9/18,1983.298
2015/9/17,1933.297
2015/9/16,1926.245
2015/9/15,1797.557
2015/9/14,1906.214
2015/9/11,2060.505
2015/9/10,2039.118
2015/9/9,2071.717
2015/9/8,2001.156
2015/9/7,1893.521
2015/9/2,1855.032
2015/9/1,1889.491
2015/8/31,1996.865
2015/8/28,2082.124
2015/8/27,1959.494
2015/8/26,1890.036
2015/8/25,1990.706
2015/8/24,2152.614
2015/8/21,2341.954
2015/8/20,2508.817
2015/8/19,2570.691
2015/8/18,2504.172
2015/8/17,2666.287
2015/8/14,2674.022
2015/8/13,2684.258
2015/8/12,2622.188
2015/8/11,2698.912
2015/8/10,2706.718
2015/8/7,2576.993
2015/8/6,2480.926
2015/8/5,2502.041
2015/8/4,2546.162
2015/8/3,2399.273
2015/7/31,2539.844
2015/7/30,2561.191
2015/7/29,2693.865
2015/7/28,2581.962
2015/7/27,2683.446
2015/7/24,2897.824
2015/7/23,2967.952
2015/7/22,2897.373
2015/7/21,2882.897
2015/7/20,2848.303
2015/7/17,2783.324
2015/7/16,2627.076
2015/7/15,2590.031
2015/7/14,2726.048
2015/7/13,2683.074
2015/7/10,2535.889
2015/7/9,2435.755
2015/7/8,2364.049
2015/7/7,2352.01
2015/7/6,2493.828
2015/7/3,2605.276
2015/7/2,2649.316
2015/7/1,2759.408
2015/6/30,2858.606
2015/6/29,2689.76
2015/6/26,2920.703
2015/6/25,3206.381
2015/6/24,3383.404
2015/6/23,3393.94
2015/6/19,3314.976
2015/6/18,3504.554
2015/6/17,3741.357
2015/6/16,3590.669
2015/6/15,3696.027
2015/6/12,3899.705
2015/6/11,3862.138
2015/6/10,3834.699
2015/6/9,3705.536
2015/6/8,3704.553
2015/6/5,3885.832
2015/6/4,3943.467
2015/6/3,3982.251
2015/6/2,3901.543
2015/6/1,3718.753
2015/5/29,3542.844
2015/5/28,3432.982
2015/5/27,3628.673
2015/5/26,3618.231
2015/5/25,3467.916
2015/5/22,3516.627
2015/5/21,3527.413
2015/5/20,3406.284
2015/5/19,3322.774
2015/5/18,3278.483
2015/5/15,3145.335
2015/5/14,3141.593
2015/5/13,3192.147
2015/5/12,3250.296
2015/5/11,3146.83
2015/5/8,2973.596
2015/5/7,2806.047
2015/5/6,2846.558
2015/5/5,2783.443
2015/5/4,2845.252
2015/4/30,2857.89
2015/4/29,2797.524
2015/4/28,2687.974
2015/4/27,2747.497
2015/4/24,2734.75
2015/4/23,2706.185
2015/4/22,2634.931
2015/4/21,2566.091
2015/4/20,2424.848
2015/4/17,2463.99
2015/4/16,2484.33
2015/4/15,2441.739
2015/4/14,2558.848
2015/4/13,2577.776
2015/4/10,2552.829
2015/4/9,2496.487
2015/4/8,2488.158
2015/4/7,2556.698
2015/4/3,2510.16
2015/4/2,2475.325
2015/4/1,2404.909
2015/3/31,2335.171
2015/3/30,2290.476
2015/3/27,2323.818
2015/3/26,2291.789
2015/3/25,2385.014
2015/3/24,2357.969
2015/3/23,2293.649
2015/3/20,2213.766
2015/3/19,2183.878
2015/3/18,2182.919
2015/3/17,2137.462
2015/3/16,2142.672
2015/3/13,2069.072
2015/3/12,2018.132
2015/3/11,2035.829
2015/3/10,2045.322
2015/3/9,1994.39
2015/3/6,1951.398
2015/3/5,2014.786
2015/3/4,2009.827
2015/3/3,1961.743
2015/3/2,1986.986
2015/2/27,1928.044
2015/2/26,1880.388
2015/2/25,1876.745
2015/2/17,1894.306
2015/2/16,1896.628
2015/2/13,1825.488
2015/2/12,1788.809
2015/2/11,1772.845
2015/2/10,1747.675
2015/2/9,1708.845
2015/2/6,1730.966
2015/2/5,1774.312
2015/2/4,1757.739
2015/2/3,1750.906
2015/2/2,1696.829
2015/1/30,1680.58
2015/1/29,1711.372
2015/1/28,1731.413
2015/1/27,1743.675
2015/1/26,1739.79
2015/1/23,1697.288
2015/1/22,1744.037
2015/1/21,1722.581
2015/1/20,1700.852
2015/1/19,1630.065
2015/1/16,1639.555
2015/1/15,1586.335
2015/1/14,1588.007
2015/1/13,1601.168
2015/1/12,1586.124
2015/1/9,1553.239
2015/1/8,1541.887
2015/1/7,1523.387
2015/1/6,1539.828
2015/1/5,1464.774
2014/12/31,1471.764
2014/12/30,1460.108
2014/12/29,1499.4
2014/12/26,1536.082
2014/12/25,1529.468
2014/12/24,1519.798
2014/12/23,1496.534
2014/12/22,1517.928
2014/12/19,1596.811
2014/12/18,1634.052
2014/12/17,1644.212
2014/12/16,1649.582
2014/12/15,1657.498
2014/12/12,1623.569
2014/12/11,1587.665
2014/12/10,1572.685
2014/12/9,1504.623
2014/12/8,1567.163
2014/12/5,1581.907
2014/12/4,1621.845
2014/12/3,1604.447
2014/12/2,1565.417
2014/12/1,1552.306
2014/11/28,1570.851
2014/11/27,1563.409
2014/11/26,1554.22
2014/11/25,1541.922
2014/11/24,1507.811
2014/11/21,1504.833
2014/11/20,1494.591
2014/11/19,1505.552
2014/11/18,1481.86
2014/11/17,1471.685
2014/11/14,1441.213
2014/11/13,1442.859
2014/11/12,1475.753
2014/11/11,1461.508
2014/11/10,1514.818
2014/11/7,1522.625
2014/11/6,1532.52
2014/11/5,1512.487
2014/11/4,1516.396
2014/11/3,1529.892
2014/10/31,1513.267
2014/10/30,1525.767
2014/10/29,1530.084
2014/10/28,1522.052
2014/10/27,1492.01
2014/10/24,1477.588
2014/10/23,1477.837
2014/10/22,1504.552
2014/10/21,1517.483
2014/10/20,1532.38
2014/10/17,1511.054
2014/10/16,1526.56
2014/10/15,1545.623
2014/10/14,1539.119
2014/10/13,1548.327
2014/10/10,1554.217
2014/10/9,1561.166
2014/10/8,1557.568
2014/9/30,1540.874
2014/9/29,1526.175
2014/9/26,1511.357
2014/9/25,1508.416
2014/9/24,1517.421
2014/9/23,1500.99
2014/9/22,1483.353
2014/9/19,1499.124
2014/9/18,1490.787
2014/9/17,1479.118
2014/9/16,1473.13
2014/9/15,1526.135
2014/9/12,1524.121
2014/9/11,1513.014
2014/9/10,1504.914
2014/9/9,1494.017
2014/9/5,1489.835
2014/9/4,1495.513
2014/9/3,1477.673
2014/9/2,1465.033
2014/9/1,1452.843
2014/8/29,1424.469
2014/8/28,1403.795
2014/8/27,1420.54
2014/8/26,1411.15
2014/8/25,1443.806
2014/8/22,1461.722
2014/8/21,1447.881
2014/8/20,1427.404
2014/8/19,1436.396
2014/8/18,1428.739
2014/8/15,1392.451
2014/8/14,1380.303
2014/8/13,1384.309
2014/8/12,1396.438
2014/8/11,1397.784
2014/8/8,1377.445
2014/8/7,1362.028
2014/8/6,1365.74
2014/8/5,1360.692
2014/8/4,1329.821
2014/8/1,1325.938
2014/7/31,1344.544
2014/7/30,1342.738
2014/7/29,1331.764
2014/7/28,1314.527
2014/7/25,1285.768
2014/7/24,1271.879
2014/7/23,1293.094
2014/7/22,1329.349
2014/7/21,1306.965
2014/7/18,1305.922
2014/7/17,1312.809
2014/7/16,1318.615
2014/7/15,1341.269
2014/7/14,1367.07
2014/7/11,1359.342
2014/7/10,1363.882
2014/7/9,1384.579
2014/7/8,1410.725
2014/7/7,1393.889
2014/7/4,1411.638
2014/7/3,1422.603
2014/7/2,1419.937
2014/7/1,1411.736
2014/6/30,1404.71
2014/6/27,1388.815
2014/6/26,1386.273
2014/6/25,1358.708
2014/6/24,1369.439
2014/6/23,1361.283
2014/6/20,1333.982
2014/6/19,1320.655
2014/6/18,1363.991
2014/6/17,1377.431
2014/6/16,1395.611
2014/6/13,1382.733
2014/6/12,1363.739
2014/6/11,1367.388
2014/6/10,1353.871
2014/6/9,1326.675
2014/6/6,1350.447
2014/6/5,1355.482
2014/6/4,1321.718
2014/6/3,1319.625
2014/5/30,1318.127
2014/5/29,1314.212
2014/5/28,1338.971
2014/5/27,1306.284
2014/5/26,1320.759
2014/5/23,1295.998
2014/5/22,1269.513
2014/5/21,1257.796
2014/5/20,1244.647
2014/5/19,1228.371
2014/5/16,1226.473
2014/5/15,1253.879
2014/5/14,1278.661
2014/5/13,1276.244
2014/5/12,1278.282
2014/5/9,1258.584
2014/5/8,1279.837
2014/5/7,1290.025
2014/5/6,1316.858
2014/5/5,1302.146
2014/4/30,1283.209
2014/4/29,1266.543
2014/4/28,1257.263
2014/4/25,1291.903
2014/4/24,1319.505
2014/4/23,1326.438
2014/4/22,1336.187
2014/4/21,1363.851
2014/4/18,1377.419
2014/4/17,1367.591
2014/4/16,1359.304
2014/4/15,1369.889
2014/4/14,1372.728
2014/4/11,1363.899
2014/4/10,1381.142
2014/4/9,1370.462
2014/4/8,1351.183
2014/4/4,1346.738
2014/4/3,1326.176
2014/4/2,1327.983
2014/4/1,1355.051
2014/3/31,1327.8
2014/3/28,1330.5
2014/3/27,1367.964
2014/3/26,1417.614
2014/3/25,1394.824
2014/3/24,1397.294
2014/3/21,1419.84
2014/3/20,1417.658
2014/3/19,1466.217
2014/3/18,1485.64
2014/3/17,1477.415
2014/3/14,1434.021
2014/3/13,1436.856
2014/3/12,1399.266
2014/3/11,1395.813
2014/3/10,1407.073
2014/3/7,1460.611
2014/3/6,1462.528
2014/3/5,1464.578
2014/3/4,1460.452
2014/3/3,1465.139
2014/2/28,1434.894
2014/2/27,1414.657
2014/2/26,1465.985
2014/2/25,1472.691
2014/2/24,1540.026
2014/2/21,1519.665
2014/2/20,1515.164
2014/2/19,1544.402
2014/2/18,1545.341
2014/2/17,1558.616
2014/2/14,1515.784
2014/2/13,1485.131
2014/2/12,1539.966
2014/2/11,1527.151
2014/2/10,1553.415
2014/2/7,1532.687
2014/1/30,1495.978
2014/1/29,1496.527
2014/1/28,1471.34
2014/1/27,1477.669
2014/1/24,1484.432
2014/1/23,1461.525
2014/1/22,1431.741
2014/1/21,1407.152
2014/1/20,1372.736
2014/1/17,1395.509
2014/1/16,1395.163
2014/1/15,1415.323
2014/1/14,1400.916
2014/1/13,1362.788
2014/1/10,1353.302
2014/1/9,1380.244
2014/1/8,1405.023
2014/1/7,1352.276
2014/1/6,1323.328
2014/1/3,1352.84
2014/1/2,1333.003
2013/12/31,1304.444
2013/12/30,1307.988
2013/12/27,1294.302
2013/12/26,1269.535
2013/12/25,1288.341
2013/12/24,1258.823
2013/12/23,1242.806
2013/12/20,1253.714
2013/12/19,1256.084
2013/12/18,1256
2013/12/17,1267.673
2013/12/16,1279.958
2013/12/13,1278.143
2013/12/12,1279.318
2013/12/11,1244.505
2013/12/10,1231.921
2013/12/9,1241.715
2013/12/6,1206.783
2013/12/5,1202.066
2013/12/4,1240.287
2013/12/3,1255.329
2013/12/2,1253.929
2013/11/29,1366.834
2013/11/28,1336.661
2013/11/27,1329.477
2013/11/26,1291.854
2013/11/25,1293.795
2013/11/22,1295.067
2013/11/21,1298.953
2013/11/20,1299.264
2013/11/19,1298.166
2013/11/18,1291.151
2013/11/15,1269.052
2013/11/14,1249.667
2013/11/13,1212.08
2013/11/12,1228.346
2013/11/11,1212.689
2013/11/8,1211.11
2013/11/7,1224.05
2013/11/6,1241.789
2013/11/5,1260.025
2013/11/4,1222.456
2013/11/1,1221.962
2013/10/31,1235.555
2013/10/30,1273.291
2013/10/29,1261.684
2013/10/28,1279.05
2013/10/25,1269.171
2013/10/24,1295.932
2013/10/23,1311.231
2013/10/22,1350.473
2013/10/21,1400.967
2013/10/18,1349.937
2013/10/17,1322.988
2013/10/16,1335.1
2013/10/15,1389.749
2013/10/14,1393.602
2013/10/11,1379.9
2013/10/10,1378.148
2013/10/9,1415.833
2013/10/8,1387.663
2013/9/30,1367.912
2013/9/27,1323.759
2013/9/26,1306.344
2013/9/25,1323.04
2013/9/24,1328.404
2013/9/23,1326.091
2013/9/18,1289.642
2013/9/17,1269.36
2013/9/16,1278.798
2013/9/13,1253.448
2013/9/12,1220.633
2013/9/11,1220.705
2013/9/10,1263.589
2013/9/9,1275.912
2013/9/6,1282.746
2013/9/5,1267.26
2013/9/4,1236.35
2013/9/3,1234.587
2013/9/2,1210.185
2013/8/30,1185.145
2013/8/29,1226.296
2013/8/28,1227.995
2013/8/27,1250.751
2013/8/26,1238.172
2013/8/23,1219.825
2013/8/22,1197.134
2013/8/21,1181.34
2013/8/20,1175.783
2013/8/19,1171.402
2013/8/16,1132.086
2013/8/15,1167.094
2013/8/14,1180.656
2013/8/13,1172.329
2013/8/12,1161.872
2013/8/9,1172.519
2013/8/8,1185.955
2013/8/7,1175.702
2013/8/6,1211.782
2013/8/5,1202.832
2013/8/2,1188.851
2013/8/1,1190.113
2013/7/31,1134.015
2013/7/30,1124.102
2013/7/29,1136.984
2013/7/26,1158.354
2013/7/25,1150.387
2013/7/24,1203.308
2013/7/23,1178.588
2013/7/22,1153.772
2013/7/19,1116.005
2013/7/18,1127.966
2013/7/17,1129.48
2013/7/16,1143.195
2013/7/15,1139.567
2013/7/12,1096.296
2013/7/11,1080.782
2013/7/10,1068.857
2013/7/9,1050.715
2013/7/8,1030.604
2013/7/5,1057.273
2013/7/4,1087.904
2013/7/3,1104.578
2013/7/2,1083.248
2013/7/1,1055.839
2013/6/28,1011.658
2013/6/27,1022.503
2013/6/26,1038.976
2013/6/25,984.746
2013/6/24,971.454
2013/6/21,1025.497
2013/6/20,1029.528
2013/6/19,1067.625
2013/6/18,1072.93
2013/6/17,1073.691
2013/6/14,1068.147
2013/6/13,1029.275
2013/6/7,1030.139
2013/6/6,1022.13
2013/6/5,1032.756
2013/6/4,1022.46
2013/6/3,1052.136
2013/5/31,1073.023
2013/5/30,1073.869
2013/5/29,1065.96
2013/5/28,1059.002
2013/5/27,1089.724
2013/5/24,1073.782
2013/5/23,1042.897
2013/5/22,1039.811
2013/5/21,1073.583
2013/5/20,1051.653
2013/5/17,1023.403
2013/5/16,1009.526
2013/5/15,1012.656
2013/5/14,976.333
2013/5/13,995.109
2013/5/10,988.3
2013/5/9,992.161
2013/5/8,980.083
2013/5/7,957.44
2013/5/6,958.022
2013/5/3,939.21
2013/5/2,913.651
2013/4/26,889.381
2013/4/25,903.634
2013/4/24,923.406
2013/4/23,893.79
2013/4/22,916.021
2013/4/19,892.21
2013/4/18,873.481
2013/4/17,867.511
2013/4/16,846.054
2013/4/15,836.342
2013/4/12,846.612
2013/4/11,847.782
2013/4/10,850.533
2013/4/9,861.991
2013/4/8,853.484
2013/4/3,835.138
2013/4/2,845.163
2013/4/1,877.001
2013/3/29,866.455
2013/3/28,867.511
2013/3/27,882.752
2013/3/26,876.361
2013/3/25,881.756
2013/3/22,882.001
2013/3/21,882.734
2013/3/20,866.267
2013/3/19,842.685
2013/3/18,852.117
2013/3/15,853.906
2013/3/14,842.036
2013/3/13,834.049
2013/3/12,839.836
2013/3/11,869.15
2013/3/8,864.699
2013/3/7,877.337
2013/3/6,902.903
2013/3/5,888.099
2013/3/4,863.5
2013/3/1,884.891
2013/2/28,861.095
2013/2/27,846.09
2013/2/26,851.217
2013/2/25,855.694
2013/2/22,838.763
2013/2/21,839.298
2013/2/20,850.863
2013/2/19,819.709
2013/2/18,835.277
2013/2/8,823.028
2013/2/7,805.586
2013/2/6,791.263
2013/2/5,780.981
2013/2/4,771.902
2013/2/1,782.363
2013/1/31,776.005
2013/1/30,783.682
2013/1/29,791.671
2013/1/28,784.76
2013/1/25,762.848
2013/1/24,757.869
2013/1/23,778.478
2013/1/22,775.135
2013/1/21,792.6
2013/1/18,787.386
2013/1/17,768.308
2013/1/16,774.485
2013/1/15,778.603
2013/1/14,760.55
2013/1/11,731.587
2013/1/10,741.18
2013/1/9,734.506
2013/1/8,733.138
2013/1/7,718.114
2013/1/4,705.342
2012/12/31,713.863
2012/12/28,707.668
2012/12/27,699.569
2012/12/26,709.075
2012/12/25,694.116
2012/12/24,679.759
2012/12/21,668.089
2012/12/20,658.311
2012/12/19,652.101
2012/12/18,646.046
2012/12/17,649.612
2012/12/14,656.217
2012/12/13,632.181
2012/12/12,639.509
2012/12/11,641.167
2012/12/10,646.319
2012/12/7,637.487
2012/12/6,624.318
2012/12/5,624.824
2012/12/4,600.801
2012/12/3,593.66
2012/11/30,606.766
2012/11/29,603.17
2012/11/28,607.67
2012/11/27,616.284
2012/11/26,638.878
2012/11/23,651.43
2012/11/22,651.826
2012/11/21,660.032
2012/11/20,656.606
2012/11/19,656.936
2012/11/16,656.196
2012/11/15,659.211
2012/11/14,665.185
2012/11/13,667.327
2012/11/12,676.597
2012/11/9,672.67
2012/11/8,675.849
2012/11/7,689.746
2012/11/6,690.497
2012/11/5,692.868
2012/11/2,701.38
2012/11/1,701.778
2012/10/31,691.653
2012/10/30,689.61
2012/10/29,688.12
2012/10/26,685.333
2012/10/25,697.436
2012/10/24,707.753
2012/10/23,711.262
2012/10/22,724.278
2012/10/19,719.448
2012/10/18,720.524
2012/10/17,709.094
2012/10/16,705.388
2012/10/15,701.964
2012/10/12,708.868
2012/10/11,711.797
2012/10/10,721.848
2012/10/9,712.702
2012/10/8,690.767
2012/9/28,689.64
2012/9/27,676.957
2012/9/26,661.49
2012/9/25,682.335
2012/9/24,690.338
2012/9/21,691.138
2012/9/20,706.693
2012/9/19,728.251
2012/9/18,723.61
2012/9/17,724.145
2012/9/14,744.464
2012/9/13,749.892
2012/9/12,762.511
2012/9/11,761.731
2012/9/10,762.313
2012/9/7,759.46
2012/9/6,739.741
2012/9/5,730.616
2012/9/4,722.721
2012/9/3,723.871
2012/8/31,706.625
2012/8/30,704.035
2012/8/29,726.941
2012/8/28,727.616
2012/8/27,722.574
2012/8/24,733.309
2012/8/23,750.561
2012/8/22,746.853
2012/8/21,748.935
2012/8/20,730.866
2012/8/17,721.049
2012/8/16,723.53
2012/8/15,729.73
2012/8/14,736.347
2012/8/13,727.637
2012/8/10,743.073
2012/8/9,743.199
2012/8/8,730.065
2012/8/7,736.012
2012/8/6,730.419
2012/8/3,711.925
2012/8/2,690.982
2012/8/1,689.489
2012/7/31,676.96
2012/7/30,688.474
2012/7/27,703.581
2012/7/26,706.725
2012/7/25,708.301
2012/7/24,706.396
2012/7/23,704.573
2012/7/20,706.25
2012/7/19,709.166
2012/7/18,702.138
2012/7/17,697.003
2012/7/16,691.385
2012/7/13,725.788
2012/7/12,734.323
2012/7/11,719.299
2012/7/10,713.526
2012/7/9,722.281
2012/7/6,737.289
2012/7/5,724.313
2012/7/4,739.624
2012/7/3,743.902
2012/7/2,741.186
2012/6/29,726.684
2012/6/28,711.144
2012/6/27,718.928
2012/6/26,715.924
2012/6/25,720.6
2012/6/21,739.047
2012/6/20,748.388
2012/6/19,747.492
2012/6/18,752.978
2012/6/15,742.268
2012/6/14,740.966
2012/6/13,746.505
2012/6/12,735.294
2012/6/11,734.504
2012/6/8,713.921
2012/6/7,711.428
2012/6/6,715.24
2012/6/5,715.93
2012/6/4,717.101
2012/6/1,734.257
2012/5/31,734.454
2012/5/30,727.188
2012/5/29,720.454
2012/5/28,706.47
2012/5/25,702.724
2012/5/24,712.577
2012/5/23,713.017
2012/5/22,714.662
2012/5/21,704.803
2012/5/18,706.216
2012/5/17,716.17
2012/5/16,709.956
2012/5/15,720.115
2012/5/14,719.872
2012/5/11,721.078
2012/5/10,727.285
2012/5/9,719.35
2012/5/8,731.723
2012/5/7,733.045
2012/5/4,713.186
2012/5/3,699.306
2012/5/2,693.609
2012/4/27,685.131
2012/4/26,678.444
2012/4/25,682.524
2012/4/24,681.534
2012/4/23,690.432
2012/4/20,728.718
2012/4/19,725.12
2012/4/18,723.462
2012/4/17,709.139
2012/4/16,716.229
2012/4/13,718.959
2012/4/12,713.124
2012/4/11,698.487
2012/4/10,697.165
2012/4/9,689.715
2012/4/6,701.901
2012/4/5,697.751
2012/3/30,678.519
2012/3/29,683.959
2012/3/28,698.486
2012/3/27,735.734
2012/3/26,737.213
2012/3/23,737.892
2012/3/22,750.851
2012/3/21,751.791
2012/3/20,755.583
2012/3/19,779.557
2012/3/16,765.562
2012/3/15,746.441
2012/3/14,756.459
2012/3/13,792.378
2012/3/12,786.049
2012/3/9,777.694
2012/3/8,761.703
2012/3/7,749.266
2012/3/6,750.837
2012/3/5,759.369
2012/3/2,757.669
2012/3/1,743.148
2012/2/29,735.336
2012/2/28,747.768
2012/2/27,760.373
2012/2/24,762.29
2012/2/23,756.897
2012/2/22,759.562
2012/2/21,736.882
2012/2/20,721.099
2012/2/17,717.797
2012/2/16,721.832
2012/2/15,724.751
2012/2/14,712.296
2012/2/13,714.956
2012/2/10,698.854
2012/2/9,697.79
2012/2/8,692.303
2012/2/7,673.679
2012/2/6,686.508
2012/2/3,680.045
2012/2/2,665.402
2012/2/1,650.776
2012/1/31,648.681
2012/1/30,651.246
2012/1/20,646.383
2012/1/19,632.799
2012/1/18,624.911
2012/1/17,662.69
2012/1/16,633.908
2012/1/13,666.078
2012/1/12,709.89
2012/1/11,717.936
2012/1/10,716.453
2012/1/9,692.418
2012/1/6,669.017
2012/1/5,666.905
2012/1/4,707.107
2011/12/30,729.504
2011/12/29,716.549
2011/12/28,717.554
2011/12/27,727.173
2011/12/26,753.049
2011/12/23,761.442
2011/12/22,757.896
2011/12/21,761.337
2011/12/20,781.418
2011/12/19,793.44
2011/12/16,778.775
2011/12/15,746.555
2011/12/14,755.762
2011/12/13,768.924
2011/12/12,790.792
2011/12/9,798.837
2011/12/8,809.431
2011/12/7,802.625
2011/12/6,798.096
2011/12/5,792.495
2011/12/2,829.176
2011/12/1,852.872
2011/11/30,838.108
2011/11/29,880.313
2011/11/28,866.837
2011/11/25,863.495
2011/11/24,868.142
2011/11/23,864.811
2011/11/22,868.432
2011/11/21,863.134
2011/11/18,869.19
2011/11/17,898.339
2011/11/16,893.508
2011/11/15,920.974
2011/11/14,915.977
2011/11/11,891.193
2011/11/10,895.272
2011/11/9,891.123
2011/11/8,862.36
2011/11/7,878.758
2011/11/4,882.253
2011/11/3,877.658
2011/11/2,881.047
2011/11/1,853.359
2011/10/31,852.798
2011/10/28,833.423
2011/10/27,810.922
2011/10/26,811.134
2011/10/25,797.858
2011/10/24,772.41
2011/10/21,763.295
2011/10/20,778.954
2011/10/19,804.436
2011/10/18,806.6
2011/10/17,832.289
2011/10/14,830.197
2011/10/13,833.021
2011/10/12,816.138
2011/10/11,786.151
2011/10/10,790.042
2011/9/30,791.134
2011/9/29,791.894
2011/9/28,817.515
2011/9/27,830.884
2011/9/26,829.347
2011/9/23,843.479
2011/9/22,852.92
2011/9/21,881.031
2011/9/20,856.812
2011/9/19,854.712
2011/9/16,874.883
2011/9/15,875.861
2011/9/14,876.949
2011/9/13,861.916
2011/9/9,881.577
2011/9/8,891.932
2011/9/7,899.614
2011/9/6,874.738
2011/9/5,883.873
2011/9/2,909.853
2011/9/1,917.751
2011/8/31,921.495
2011/8/30,934.185
2011/8/29,954.029
2011/8/26,952.806
2011/8/25,942.944
2011/8/24,940.196
2011/8/23,936.416
2011/8/22,910.606
2011/8/19,912.421
2011/8/18,915.684
2011/8/17,936.159
2011/8/16,933.139
2011/8/15,942.485
2011/8/12,926.297
2011/8/11,915.489
2011/8/10,891.752
2011/8/9,878.761
2011/8/8,877.443
2011/8/5,919.185
2011/8/4,937.475
2011/8/3,945.509
2011/8/2,932.121
2011/8/1,927.384
2011/7/29,913.278
2011/7/28,919.395
2011/7/27,915.548
2011/7/26,892.54
2011/7/25,887.063
2011/7/22,923.995
2011/7/21,915.368
2011/7/20,930.828
2011/7/19,927.297
2011/7/18,946.118
2011/7/15,951.138
2011/7/14,932.775
2011/7/13,913.085
2011/7/12,891.516
2011/7/11,903.31
2011/7/8,894.909
2011/7/7,899.798
2011/7/6,894.277
2011/7/5,883.417
2011/7/4,876.168
2011/7/1,855.27
2011/6/30,845.919
2011/6/29,836.384
2011/6/28,844.177
2011/6/27,843.859
2011/6/24,832.324
2011/6/23,814.444
2011/6/22,791.513
2011/6/21,795.608
2011/6/20,791.758
2011/6/17,802.637
2011/6/16,810.709
2011/6/15,827.533
2011/6/14,838.474
2011/6/13,829.359
2011/6/10,824.03
2011/6/9,828.016
2011/6/8,844.978
2011/6/7,847.709
2011/6/3,847.545
2011/6/2,833.737
2011/6/1,851.166
2011/5/31,846.315
2011/5/30,834.316
2011/5/27,822.944
2011/5/26,830.921
2011/5/25,842.35
2011/5/24,870.939
2011/5/23,840.898
2011/5/20,875.43
2011/5/19,884.89
2011/5/18,890.794
2011/5/17,895.149
2011/5/16,906.337
2011/5/13,909.774
2011/5/12,909.255
2011/5/11,929.953
2011/5/10,931.205
2011/5/9,931.77
2011/5/6,918.282
2011/5/5,914.593
2011/5/4,903.985
2011/5/3,922.072
2011/4/29,912.715
2011/4/28,904.147
2011/4/27,942.543
2011/4/26,958.292
2011/4/25,975.175
2011/4/22,1004.646
2011/4/21,1010.56
2011/4/20,1008.18
2011/4/19,994.299
2011/4/18,1003.258
2011/4/15,1010.058
2011/4/14,1016.616
2011/4/13,1020.747
2011/4/12,1000.165
2011/4/11,1002.804
2011/4/8,1019.142
2011/4/7,1004.412
2011/4/6,994.261
2011/4/1,1015.076
2011/3/31,1008.296
2011/3/30,1006.366
2011/3/29,1019.04
2011/3/28,1052.113
2011/3/25,1072.343
2011/3/24,1077.988
2011/3/23,1076.563
2011/3/22,1067.285
2011/3/21,1070.601
2011/3/18,1083.597
2011/3/17,1078.371
2011/3/16,1102.215
2011/3/15,1094.954
2011/3/14,1107.537
2011/3/11,1101.76
2011/3/10,1093.904
2011/3/9,1087.299
2011/3/8,1084.821
2011/3/7,1078.111
2011/3/4,1071.86
2011/3/3,1064.307
2011/3/2,1088.897
2011/3/1,1098.003
2011/2/28,1099.776
2011/2/25,1095.098
2011/2/24,1101.953
2011/2/23,1114.052
2011/2/22,1088.266
2011/2/21,1117.672
2011/2/18,1100.461
2011/2/17,1115.334
2011/2/16,1107.24
2011/2/15,1087.725
2011/2/14,1086.558
2011/2/11,1071.582
2011/2/10,1063.946
2011/2/9,1025.152
2011/2/1,1032.604
2011/1/31,1029.12
2011/1/28,1020.938
2011/1/27,1013.024
2011/1/26,995.744
2011/1/25,978.998
2011/1/24,994.967
2011/1/21,1024.505
2011/1/20,1020.389
2011/1/19,1048.535
2011/1/18,1025.716
2011/1/17,1028.161
2011/1/14,1067.418
2011/1/13,1093.856
2011/1/12,1089.673
2011/1/11,1078.365
2011/1/10,1093.765
2011/1/7,1126.517
2011/1/6,1134.792
2011/1/5,1155.349
2011/1/4,1155.106
2010/12/31,1137.662
2010/12/30,1117.214
2010/12/29,1113.31
2010/12/28,1091.483
2010/12/27,1105.296
2010/12/24,1144.502
2010/12/23,1176.364
2010/12/22,1201.647
2010/12/21,1215.022
2010/12/20,1212.337
2010/12/17,1232.982
2010/12/16,1225.03
2010/12/15,1211.804
2010/12/14,1218.52
2010/12/13,1209.271
2010/12/10,1166.801
2010/12/9,1144.531
2010/12/8,1160.239
2010/12/7,1161.692
2010/12/6,1134.383
2010/12/3,1157.939
2010/12/2,1177.84
2010/12/1,1177.175
2010/11/30,1181.504
2010/11/29,1220.11
2010/11/26,1196.019
2010/11/25,1186.358
2010/11/24,1208.45
2010/11/23,1183.502
2010/11/22,1174.938
2010/11/19,1153.171
2010/11/18,1102.845
2010/11/17,1085.349
2010/11/16,1126.175
2010/11/15,1148.539
2010/11/12,1082.24
2010/11/11,1132.722
2010/11/10,1141.582
2010/11/9,1115.648
2010/11/8,1107.061
2010/11/5,1072.219
2010/11/4,1057.714
2010/11/3,1040.621
2010/11/2,1075.151
2010/11/1,1107.523
2010/10/29,1064.522
2010/10/28,1038.622
2010/10/27,1030.593
2010/10/26,1036.007
2010/10/25,1039.054
2010/10/22,1013.448
2010/10/21,991.842
2010/10/20,1004.542
2010/10/19,995.922
2010/10/18,932.359
2010/10/15,944.254
2010/10/14,958.495
2010/10/13,962.738
2010/10/12,951.79
2010/10/11,947.11
2010/10/8,959.863
2010/9/30,942.539
2010/9/29,926.758
2010/9/28,942.049
2010/9/27,950.671
2010/9/21,934.461
2010/9/20,949.195
2010/9/17,972.229
2010/9/16,972.602
2010/9/15,990.103
2010/9/14,1031.219
2010/9/13,1042.482
2010/9/10,1034.939
2010/9/9,1021.832
2010/9/8,1026.327
2010/9/7,1022.622
2010/9/6,1010.764
2010/9/3,1036.703
2010/9/2,1014.922
2010/9/1,995.586
2010/8/31,1025.57
2010/8/30,1024.928
2010/8/27,999.456
2010/8/26,980.63
2010/8/25,976.878
2010/8/24,1004.985
2010/8/23,995.613
2010/8/20,995.944
2010/8/19,1025.526
2010/8/18,1026.722
2010/8/17,1033.581
2010/8/16,1030.217
2010/8/13,1007.206
2010/8/12,991.777
2010/8/11,1004.637
2010/8/10,993.992
2010/8/9,1032.339
2010/8/6,1011.39
2010/8/5,987.351
2010/8/4,978.014
2010/8/3,975.645
2010/8/2,994.228
2010/7/30,968.431
2010/7/29,975.362
2010/7/28,972.534
2010/7/27,957.967
2010/7/26,966.154
2010/7/23,960.588
2010/7/22,950.209
2010/7/21,941.25
2010/7/20,937.017
2010/7/19,908.049
2010/7/16,892.298
2010/7/15,892.557
2010/7/14,922.362
2010/7/13,931.08
2010/7/12,930.173
2010/7/9,932.147
2010/7/8,905.509
2010/7/7,908.549
2010/7/6,893.718
2010/7/5,862.268
2010/7/2,873.12
2010/7/1,882.19
2010/6/30,919.314
2010/6/29,913.309
2010/6/28,987.827
2010/6/25,1016.283
2010/6/24,1050.601
2010/6/23,1047.337
2010/6/22,1034.995
2010/6/21,1040.802
2010/6/18,1000.277
2010/6/17,1064.839
2010/6/11,1122.199
2010/6/10,1117.478
2010/6/9,1077.823
2010/6/8,1067.154
2010/6/7,1069.468
2010/6/4,1027.681
2010/6/3,998.394
2010/6/2,997.119
2010/6/1,973.233