"Index","EUStoxx50.eur"
2011-08-15,21459.831808
2011-08-16,21370.79299
2011-08-17,21486.865488
2011-08-18,20198.645957
2011-08-19,19867.978047
2011-08-22,20065.572439
2011-08-23,20323.41524
2011-08-24,20614.17347
2011-08-25,20369.47797
2011-08-26,20285.226752
2011-08-29,20736.36586
2011-08-30,20636.138154
2011-08-31,21114.907968
2011-09-01,20981.633275
2011-09-02,20136.156528
2011-09-05,18963.32273
2011-09-06,18609.40664
2011-09-07,19386.684152
2011-09-08,19173.99786
2011-09-09,18086.342373
2011-09-12,17425.015843
2011-09-13,17833.023504
2011-09-14,18306.243384
2011-09-15,19120.780524
2011-09-16,19019.370096
2011-09-19,18320.12361
2011-09-20,18730.513869
2011-09-21,18175.231739
2011-09-22,17162.6517
2011-09-23,17470.051484
2011-09-26,18045.14436
2011-09-27,19077.09085
2011-09-28,18842.737152
2011-09-29,19240.705704
2011-09-30,18621.489278
2011-10-03,17950.952448
2011-10-04,17791.830156
2011-10-05,18545.338606
2011-10-06,19266.647528
2011-10-07,19352.106158
2011-10-10,20100.21672
2011-10-11,20145.233448
2011-10-12,20798.06234
2011-10-13,20510.314864
2011-10-14,20851.180056
2011-10-17,20272.837882
2011-10-18,20221.727141
2011-10-19,20440.859808
2011-10-20,19982.48892
2011-10-21,20735.817459
2011-10-24,21032.129646
2011-10-25,20732.3262
2011-10-26,20627.453028
2011-10-27,22350.48762
2011-10-28,22153.114212
2011-10-31,21006.63254
2011-11-01,19668.237974
2011-11-02,20025.159686
2011-11-03,20601.99953
2011-11-04,20045.77956
2011-11-07,19904.05836
2011-11-08,20227.39336
2011-11-09,19321.585283
2011-11-10,19472.587152
2011-11-11,20277.225301
2011-11-14,19820.28368
2011-11-15,19362.0854
2011-11-16,19370.873156
2011-11-17,19172.180552
2011-11-18,19211.739192
2011-11-21,18549.460248
2011-11-22,18367.377717
2011-11-23,17780.359842
2011-11-24,17752.49325
2011-11-25,17830.435204
2011-11-28,18882.960416
2011-11-29,18990.891834
2011-11-30,19982.505078
2011-12-01,19837.244472
2011-12-02,19969.10975
2011-12-05,20208.52731
2011-12-06,20102.7363
2011-12-07,20015.768136
2011-12-08,19426.230915
2011-12-09,19942.46867
2011-12-12,19038.49994
2011-12-13,18759.577158
2011-12-14,18240.449199
2011-12-15,18459.244863
2011-12-16,18229.930992
2011-12-19,18141.73384
2011-12-20,18782.135541
2011-12-21,18556.510235
2011-12-22,18806.285574
2011-12-23,18932.885531
2011-12-27,18921.854127
2011-12-28,18439.605813
2011-12-29,18774.002428
2011-12-30,18874.78609
2012-01-02,19287.73952
2012-01-03,19629.286794
2012-01-04,19142.908907
2012-01-05,18651.0505
2012-01-06,18448.50517
2012-01-09,18432.216675
2012-01-10,18934.69302
2012-01-11,18772.22824
2012-01-12,19009.126305
2012-01-13,18690.519542
2012-01-16,18890.590752
2012-01-17,19278.252057
2012-01-18,19400.0436
2012-01-19,19938.838032
2012-01-20,19884.08328
2012-01-23,20151.401616
2012-01-24,20060.199774
2012-01-25,20102.317248
2012-01-26,20416.89128
2012-01-27,20414.733346
2012-01-30,20000.42685
2012-01-31,19938.169998
2012-02-01,20506.568684
2012-02-02,20531.224935
2012-02-03,20835.5026
2012-02-06,20786.646265
2012-02-07,21025.58556
2012-02-08,20969.563524
2012-02-09,21095.842824
2012-02-10,20594.02914
2012-02-13,20701.707552
2012-02-14,20563.477389
2012-02-15,20534.518452
2012-02-16,20611.32013
2012-02-17,20879.004133
2012-02-20,21279.53632
2012-02-21,21189.06504
2012-02-22,21010.2233
2012-02-23,21124.052992
2012-02-24,21388.020381
2012-02-27,21220.781252
2012-02-28,21375.540676
2012-02-29,21070.322625
2012-03-01,21378.16008
2012-03-02,21173.611944
2012-03-05,21085.877128
2012-03-06,20212.79744
2012-03-07,20419.961614
2012-03-08,21078.717636
2012-03-09,20824.769745
2012-03-12,20927.316867
2012-03-13,21165.35596
2012-03-14,21242.274979
2012-03-15,21478.330997
2012-03-16,21727.92149
2012-03-19,21835.605504
2012-03-20,21547.931769
2012-03-21,21451.103868
2012-03-22,21037.008146
2012-03-23,21138.354186
2012-03-26,21425.581359
2012-03-27,21211.006437
2012-03-28,20963.123952
2012-03-29,20571.375654
2012-03-30,20819.308848
2012-04-02,20986.901144
2012-04-03,20494.36881
2012-04-04,19850.134652
2012-04-05,19734.387682
2012-04-10,19165.158762
2012-04-11,19365.622696
2012-04-12,19562.40396
2012-04-13,18889.833534
2012-04-16,19095.734858
2012-04-17,19582.60465
2012-04-18,19255.426912
2012-04-19,18920.951539
2012-04-20,19281.076594
2012-04-23,18627.59934
2012-04-24,19008.11376
2012-04-25,19366.332961
2012-04-26,19347.078624
2012-04-27,19604.21127
2012-04-30,19269.300078
2012-05-01,19269.396253
2012-05-02,19006.824628
2012-05-03,18965.54804
2012-05-04,18549.92917
2012-05-07,18800.104605
2012-05-08,18340.350609
2012-05-09,18162.253615
2012-05-10,18356.375102
2012-05-11,18376.530086
2012-05-14,17852.750015
2012-05-15,17524.567879
2012-05-16,17487.340726
2012-05-17,17239.472609
2012-05-18,17349.255286
2012-05-21,17435.64744
2012-05-22,17582.70987
2012-05-23,17014.78065
2012-05-24,17154.03834
2012-05-25,17167.40967
2012-05-28,17092.717776
2012-05-29,17141.627788
2012-05-30,16642.274374
2012-05-31,16678.600528
2012-06-01,16383.994066
2012-06-04,16535.632048
2012-06-05,16552.577031
2012-06-06,17104.191503
2012-06-07,17130.70998
2012-06-08,17095.24421
2012-06-11,16983.81273
2012-06-12,17083.595952
2012-06-13,17144.78475
2012-06-14,17287.719975
2012-06-15,17547.777227
2012-06-18,17236.928568
2012-06-19,17721.235824
2012-06-20,17835.194706
2012-06-21,17559.729396
2012-06-22,17496.010767
2012-06-25,16954.911754
2012-06-26,16912.733805
2012-06-27,17168.522958
2012-06-28,17063.322008
2012-06-29,18216.728264
2012-07-02,18312.57316
2012-07-03,18583.859784
2012-07-04,18383.428259
2012-07-05,17996.715396
2012-07-06,17483.700159
2012-07-09,17485.974426
2012-07-10,17486.654185
2012-07-11,17509.138227
2012-07-12,17323.668954
2012-07-13,17655.917895
2012-07-16,17626.541312
2012-07-17,17632.600575
2012-07-18,17875.72127
2012-07-19,18018.743455
2012-07-20,17334.609107
2012-07-23,16865.462159
2012-07-24,16572.23685
2012-07-25,16766.413395
2012-07-26,17650.708155
2012-07-27,18090.429276
2012-07-30,18304.968696
2012-07-31,18202.945296
2012-08-01,18170.263398
2012-08-02,17556.430848
2012-08-03,18728.909262
2012-08-06,18963.02562
2012-08-07,19262.278464
2012-08-08,19132.071252
2012-08-09,19070.812816
2012-08-10,18942.795384
2012-08-13,18954.655776
2012-08-14,19056.262463
2012-08-15,19002.004215
2012-08-16,19321.591062
2012-08-17,19382.479719
2012-08-20,19364.31148
2012-08-21,19740.37029
2012-08-22,19516.617883
2012-08-23,19390.363691
2012-08-24,19354.56273
2012-08-27,19561.62172
2012-08-28,19492.024992
2012-08-29,19372.576032
2012-08-30,19091.21998
2012-08-31,19490.289705
2012-09-03,19665.702963
2012-09-04,19434.574002
2012-09-05,19538.875258
2012-09-06,20230.151895
2012-09-07,20637.80256
2012-09-10,20443.670756
2012-09-11,20827.199715
2012-09-12,20932.10224
2012-09-13,20906.285688
2012-09-14,21508.642944
2012-09-17,21408.236091
2012-09-18,21050.2296
2012-09-19,21136.289139
2012-09-20,20870.254341
2012-09-21,21087.472516
2012-09-24,20867.010831
2012-09-25,20896.125888
2012-09-26,20266.245276
2012-09-27,20397.824764
2012-09-28,19829.684522
2012-10-01,20239.861238
2012-10-02,20245.955928
2012-10-03,20217.502272
2012-10-04,20338.655075
2012-10-05,20733.647352
2012-10-08,20353.11786
2012-10-09,20025.063
2012-10-10,19865.056364
2012-10-11,20183.89774
2012-10-12,20041.60353
2012-10-15,20175.695232
2012-10-16,20853.54234
2012-10-17,21086.997048
2012-10-18,21024.181987
2012-10-19,20704.00256
2012-10-22,20678.58078
2012-10-23,20104.60392
2012-10-24,20185.154668
2012-10-25,20048.73039
2012-10-26,20187.95758
2012-10-29,19972.01388
2012-10-30,20348.572323
2012-10-31,20238.925032
2012-11-01,20467.334925
2012-11-02,20407.511085
2012-11-05,20116.435067
2012-11-06,20296.142196
2012-11-07,19767.84758
2012-11-08,19730.156105
2012-11-09,19685.555106
2012-11-12,19584.341952
2012-11-13,19720.488086
2012-11-14,19607.14836
2012-11-15,19611.198351
2012-11-16,19284.571936
2012-11-19,19933.234606
2012-11-20,20049.35418
2012-11-21,20136.778624
2012-11-22,20345.871813
2012-11-23,20665.149351
2012-11-26,20531.866008
2012-11-27,20479.096365
2012-11-28,20532.62408
2012-11-29,20867.025763
2012-11-30,20840.210625
2012-12-03,20990.971496
2012-12-04,21121.482492
2012-12-05,21092.873166
2012-12-06,21028.002911
2012-12-07,20952.214391
2012-12-10,20962.8615
2012-12-11,21316.307705
2012-12-12,21492.50814
2012-12-13,21415.954532
2012-12-14,21610.938316
2012-12-17,21575.436498
2012-12-18,21790.3705
2012-12-19,21886.591705
2012-12-20,21934.43079
2012-12-21,21775.788151
2012-12-24,21772.505718
2012-12-27,21957.621255
2012-12-28,21641.04104
2012-12-31,21672.089274
2013-01-02,22276.17225
2013-01-03,21960.648478
2013-01-04,22064.675465
2013-01-07,22025.690316
2013-01-08,21919.70709
2013-01-09,22017.023928
2013-01-10,22355.414715
2013-01-11,22539.991365
2013-01-14,22593.660908
2013-01-15,22333.774371
2013-01-16,22327.574718
2013-01-17,22608.174843
2013-01-18,22429.173143
2013-01-21,22580.586345
2013-01-22,22508.94618
2013-01-23,22431.870756
2013-01-24,22646.85832
2013-01-25,22975.64705
2013-01-28,22978.32625
2013-01-29,23090.568876
2013-01-30,23057.453528
2013-01-31,22828.01759
2013-02-01,23028.362784
2013-02-04,22114.169563
2013-02-05,22432.152931
2013-02-06,22055.099775
2013-02-07,21691.852624
2013-02-08,21910.399
2013-02-11,21915.053682
2013-02-12,22205.936539
2013-02-13,22273.254438
2013-02-14,21939.552285
2013-02-15,21783.546644
2013-02-18,21807.1611
2013-02-19,22257.146963
2013-02-20,21872.13133
2013-02-21,21232.198728
2013-02-22,21627.42716
2013-02-25,21597.543398
2013-02-26,20913.75072
2013-02-27,21373.879437
2013-02-28,21400.490655
2013-03-01,21202.216875
2013-03-04,21240.914262
2013-03-05,21777.805038
2013-03-06,21626.176322
2013-03-07,21936.34737
2013-03-08,22051.27118
2013-03-11,22052.000552
2013-03-12,21970.052775
2013-03-13,21779.838325
2013-03-14,22184.31222
2013-03-15,22147.565288
2013-03-18,21786.879363
2013-03-19,21387.70382
2013-03-20,21761.94815
2013-03-21,21515.376288
2013-03-22,21635.981727
2013-03-25,21149.732096
2013-03-26,21092.248432
2013-03-27,20746.85109
2013-03-28,20899.794496
2013-04-02,21293.6908
2013-04-03,21023.409264
2013-04-04,21026.49003
2013-04-05,20827.274208
2013-04-08,20903.792025
2013-04-09,21056.88482
2013-04-10,21547.410872
2013-04-11,21714.757301
2013-04-12,21377.456072
2013-04-15,21176.947693
2013-04-16,21261.35919
2013-04-17,20539.507513
2013-04-18,20616.49625
2013-04-19,20762.742532
2013-04-22,20872.549256
2013-04-23,21390.116176
2013-04-24,21729.34569
2013-04-25,21717.494064
2013-04-26,21553.578103
2013-04-29,21945.017404
2013-04-30,22014.3888
2013-05-01,22033.158674
2013-05-02,21866.20947
2013-05-03,22311.741376
2013-05-06,22179.093072
2013-05-07,22287.494196
2013-05-08,22491.654202
2013-05-09,22176.405888
2013-05-10,22225.658152
2013-05-13,22150.240728
2013-05-14,22187.517495
2013-05-15,22252.435516
2013-05-16,22232.15137
2013-05-17,22219.005753
2013-05-20,22338.9705
2013-05-21,22344.364185
2013-05-22,22349.517834
2013-05-23,22033.471622
2013-05-24,21918.331839
2013-05-27,22122.1455
2013-05-28,22317.729726
2013-05-29,22093.08239
2013-05-30,22395.83936
2013-05-31,22086.771144
2013-06-03,22030.829772
2013-06-04,22091.34462
2013-06-05,21739.122054
2013-06-06,21753.037743
2013-06-07,22093.106024
2013-06-10,22111.98528
2013-06-11,21913.15776
2013-06-12,21813.733512
2013-06-13,21838.532037
2013-06-14,21826.146096
2013-06-17,22130.166258
2013-06-18,22170.583905
2013-06-19,21861.285498
2013-06-20,20954.124675
2013-06-21,20520.509572
2013-06-24,20248.866362
2013-06-25,20449.203474
2013-06-26,20818.575785
2013-06-27,21002.893648
2013-06-28,20781.68115
2013-07-01,21011.906916
2013-07-02,20722.25296
2013-07-03,20504.895912
2013-07-04,20935.719324
2013-07-05,20428.262291
2013-07-08,20926.34007
2013-07-09,20871.139174
2013-07-10,21171.823542
2013-07-11,21544.4062
2013-07-12,21453.794835
2013-07-15,21539.731068
2013-07-16,21524.534189
2013-07-17,21596.106888
2013-07-18,21883.352887
2013-07-19,21910.800156
2013-07-22,22067.83634
2013-07-23,22098.51182
2013-07-24,22292.67455
2013-07-25,22319.936079
2013-07-26,22325.586712
2013-07-29,22299.038436
2013-07-30,22439.275325
2013-07-31,22568.72695
2013-08-01,22740.15376
2013-08-02,22885.4754
2013-08-05,22810.853232
2013-08-06,22733.414802
2013-08-07,22806.82206
2013-08-08,23074.190832
2013-08-09,23081.07697
2013-08-12,23021.48245
2013-08-13,23069.326624
2013-08-14,23136.643376
2013-08-15,23136.930982
2013-08-16,23265.15477
2013-08-19,23052.370415
2013-08-20,22909.946852
2013-08-21,22692.457446
2013-08-22,22991.559696
2013-08-23,23148.458155
2013-08-26,23088.207495
2013-08-27,22540.714876
2013-08-28,22392.862128
2013-08-29,22353.620071
2013-08-30,22021.598177
2013-09-02,22395.22857
2013-09-03,22194.479015
2013-09-04,22297.464702
2013-09-05,22274.88406
2013-09-06,22614.628456
2013-09-09,22703.528523
2013-09-10,23154.22342
2013-09-11,23321.573424
2013-09-12,23286.660141
2013-09-13,23321.932873
2013-09-16,23622.578112
2013-09-17,23641.321815
2013-09-18,24077.421732
2013-09-19,24317.6084
2013-09-20,24232.156977
2013-09-23,24003.835285
2013-09-24,24105.40371
2013-09-25,24232.310565
2013-09-26,24135.420729
2013-09-27,24158.414302
2013-09-30,23954.992685
2013-10-01,24285.992204
2013-10-02,24257.284551
2013-10-03,24192.942956
2013-10-04,24303.508845
2013-10-07,24302.739168
2013-10-08,24121.61247
2013-10-09,24047.678724
2013-10-10,24552.863526
2013-10-11,24652.31978
2013-10-14,24664.801808
2013-10-15,24796.333224
2013-10-16,24894.53932
2013-10-17,25105.448444
2013-10-18,25307.511992
2013-10-21,25247.43213
2013-10-22,25574.112382
2013-10-23,25286.516244
2013-10-24,25506.599072
2013-10-25,25486.7655
2013-10-28,25350.684744
2013-10-29,25537.822632
2013-10-30,25452.095645
2013-10-31,25399.864845
2013-11-01,25109.040138
2013-11-04,25233.30674
2013-11-05,24940.689984
2013-11-06,25162.72992
2013-11-07,24872.101328
2013-11-08,24716.30704
2013-11-11,24929.715063
2013-11-12,24839.159268
2013-11-13,24825.256007
2013-11-14,25039.647262
2013-11-15,25113.734754
2013-11-18,25350.77949
2013-11-19,25154.432832
2013-11-20,24952.675088
2013-11-21,25007.426496
2013-11-22,25248.812358
2013-11-25,25304.403525
2013-11-26,25324.80478
2013-11-27,25502.455185
2013-11-28,25633.06938
2013-11-29,25560.46584
2013-12-02,25389.609284
2013-12-03,24952.816684
2013-12-04,24774.465384
2013-12-05,24585.14025
2013-12-06,24838.991876
2013-12-09,24932.680608
2013-12-10,24735.912698
2013-12-11,24669.279431
2013-12-12,24453.901368
2013-12-13,24379.623904
2013-12-16,24887.62335
2013-12-17,24589.289312
2013-12-18,24720.915337
2013-12-19,25142.862855
2013-12-20,25310.82474
2013-12-23,25530.931558
2013-12-24,25530.101616
2013-12-27,25947.270115
2013-12-30,25948.58224
2013-12-31,25872.4762
2014-01-02,25313.270925
2014-01-03,25281.345333
2014-01-06,25315.96626
2014-01-07,25632.132728
2014-01-08,25554.694032
2014-01-09,25463.7424
2014-01-10,25680.63295
2014-01-13,25712.093056
2014-01-14,25780.107873
2014-01-15,26064.952256
2014-01-16,25984.4247
2014-01-17,25840.27966
2014-01-20,25864.507559
2014-01-21,25872.59794
2014-01-22,25834.11146
2014-01-23,25834.047332
2014-01-24,25053.20706
2014-01-27,24927.591318
2014-01-28,25131.95674
2014-01-29,24916.13501
2014-01-30,24872.90226
2014-01-31,24637.314624
2014-02-03,24296.765704
2014-02-04,24274.939309
2014-02-05,24300.284526
2014-02-06,24799.275072
2014-02-07,25120.716075
2014-02-10,25075.687317
2014-02-11,25434.527864
2014-02-12,25506.845424
2014-02-13,25699.35402
2014-02-14,25910.03142
2014-02-17,25926.251266
2014-02-18,26022.8304
2014-02-19,26042.45184
2014-02-20,26051.541504
2014-02-21,26210.198898
2014-02-24,26446.260022
2014-02-25,26581.24538
2014-02-26,26393.165684
2014-02-27,26337.884916
2014-02-28,26710.824091
2014-03-03,25781.478181
2014-03-04,26481.288722
2014-03-05,26391.069132
2014-03-06,26667.501118
2014-03-07,26315.706558
2014-03-10,26345.931615
2014-03-11,26317.6005
2014-03-12,26190.677148
2014-03-13,25696.889308
2014-03-14,25713.108192
2014-03-17,26226.693028
2014-03-18,26520.315
2014-03-19,26364.712836
2014-03-20,26505.8509
2014-03-21,26588.011385
2014-03-24,26177.176795
2014-03-25,26553.997664
2014-03-26,26789.246928
2014-03-27,26752.197
2014-03-28,27103.972948
2014-03-31,27068.67072
2014-04-01,27279.84991
2014-04-02,27232.616565
2014-04-03,27325.122636
2014-04-04,27498.830191
2014-04-07,27196.395711
2014-04-08,27166.450872
2014-04-09,27343.985448
2014-04-10,27202.87608
2014-04-11,26879.534192
2014-04-14,26916.157307
2014-04-15,26571.923552
2014-04-16,26983.50933
2014-04-17,27113.457196
2014-04-22,27552.210621
2014-04-23,27372.415042
2014-04-24,27572.079678
2014-04-25,27227.21318
2014-04-28,27417.440736
2014-04-29,27734.546448
2014-04-30,27762.664878
2014-05-01,27768.846924
2014-05-02,27590.44098
2014-05-05,27483.350527
2014-05-06,27310.569174
2014-05-07,27405.713712
2014-05-08,27622.02729
2014-05-09,27284.148801
2014-05-12,27519.00957
2014-05-13,27418.002326
2014-05-14,27426.61806
2014-05-15,27023.072138
2014-05-16,27083.607008
2014-05-19,27105.49791
2014-05-20,27045.590033
2014-05-21,27192.485268
2014-05-22,27141.394398
2014-05-23,27237.169512
2014-05-26,27589.976616
2014-05-27,27642.238884
2014-05-28,27592.390752
2014-05-29,27530.615634
2014-05-30,27632.6359
2014-06-02,27590.061
2014-06-03,27625.00444
2014-06-04,27522.081207
2014-06-05,27922.82294
2014-06-06,28091.313844
2014-06-09,28038.851106
2014-06-10,27946.26954
2014-06-11,27722.095065
2014-06-12,27679.583412
2014-06-13,27606.058128
2014-06-16,27568.130976
2014-06-17,27626.425951
2014-06-18,27781.05448
2014-06-19,28099.22812
2014-06-20,27954.4774
2014-06-23,27803.780858
2014-06-24,27847.633737
2014-06-25,27636.178994
2014-06-26,27390.939042
2014-06-27,27396.69966
2014-06-30,27421.316208
2014-07-01,27638.097123
2014-07-02,27592.089
2014-07-03,27815.4942
2014-07-04,27585.433309
2014-07-07,27270.903352
2014-07-08,26882.854398
2014-07-09,27097.58538
2014-07-10,26597.28078
2014-07-11,26653.07892
2014-07-14,26928.800236
2014-07-15,26571.920625
2014-07-16,26876.510128
2014-07-17,26500.109658
2014-07-18,26566.70716
2014-07-21,26342.520232
2014-07-22,26638.278972
2014-07-23,26652.098171
2014-07-24,26856.993835
2014-07-25,26404.169337
2014-07-28,26375.561265
2014-07-29,26443.514574
2014-07-30,26202.876717
2014-07-31,25753.740313
2014-08-01,25501.716486
2014-08-04,25462.710688
2014-08-05,25357.63158
2014-08-06,25158.231612
2014-08-07,24810.162936
2014-08-08,24824.689163
2014-08-11,25101.837452
2014-08-12,24894.69841
2014-08-13,25133.94208
2014-08-14,25145.7206
2014-08-15,24986.194184
2014-08-18,25229.643705
2014-08-19,25285.898022
2014-08-20,25105.54865
2014-08-21,25528.905024
2014-08-22,25242.8598
2014-08-25,25701.084024
2014-08-26,25907.428342
2014-08-27,25890.37836
2014-08-28,25625.951564
2014-08-29,25596.144314
2014-09-01,25601.06316
2014-09-02,25679.251605
2014-09-03,25995.673724
2014-09-04,26042.011675
2014-09-05,26045.770575
2014-09-08,25876.956276
2014-09-09,25765.46877
2014-09-10,25684.987968
2014-09-11,25654.715136
2014-09-12,25730.452752
2014-09-15,25687.81379
2014-09-16,25662.045969
2014-09-17,25569.624864
2014-09-18,25959.629498
2014-09-19,25787.9728
2014-09-22,25703.14594
2014-09-23,25279.399236
2014-09-24,25441.472826
2014-09-25,25053.912747
2014-09-26,25022.253802
2014-09-29,24862.353035
2014-09-30,25014.183813
2014-10-01,24759.313936
2014-10-02,24157.07513
2014-10-03,24077.441754
2014-10-06,24383.071762
2014-10-07,23971.95738
2014-10-08,23868.945594
2014-10-09,23668.43553
2014-10-10,23161.09045
2014-10-13,23422.276176
2014-10-14,23270.576757
2014-10-15,22746.43469
2014-10-16,22547.60474
2014-10-17,23151.979168
2014-10-20,22942.71375
2014-10-21,23283.131472
2014-10-22,23283.01367
2014-10-23,23559.8377
2014-10-24,23487.185722
2014-10-27,23291.99028
2014-10-28,23636.124135
2014-10-29,23333.0824
2014-10-30,23413.46798
2014-10-31,23834.955256
2014-11-03,23539.986072
2014-11-04,23278.385856
2014-11-05,23600.507206
2014-11-06,23462.506445
2014-11-07,23371.853952
2014-11-10,23522.0546
2014-11-11,23719.998977
2014-11-12,23221.64492
2014-11-13,23358.84288
2014-11-14,23489.401237
2014-11-17,23520.598313
2014-11-18,23947.039206
2014-11-19,23993.057088
2014-11-20,23820.629706
2014-11-21,24241.255002
2014-11-24,24543.16906
2014-11-25,24696.17825
2014-11-26,24768.2292
2014-11-27,24835.319712
2014-11-28,24867.663942
2014-12-01,24801.269065
2014-12-02,24659.711415
2014-12-03,24589.787208
2014-12-04,24313.4955
2014-12-05,24763.227804
2014-12-08,24695.442367
2014-12-09,24218.278721
2014-12-10,24226.079075
2014-12-11,24264.176177
2014-12-12,23649.343932
2014-12-15,22966.54026
2014-12-16,23619.12256
2014-12-17,23344.67151
2014-12-18,24079.349327
2014-12-19,23892.57568
2014-12-22,24006.656663
2014-12-23,24193.814648
2014-12-24,24137.175072
2014-12-29,24084.981472
2014-12-30,23645.376595
2014-12-31,23624.655012
2015-01-02,23385.374616
2015-01-05,22441.977476
2015-01-06,22218.228006
2015-01-07,22265.369919
2015-01-08,22975.43378
2015-01-09,22371.70509
2015-01-12,22639.42329
2015-01-13,22864.64256
2015-01-14,22569.112449
2015-01-15,22721.625504
2015-01-16,22995.925888
2015-01-19,23248.4562
2015-01-20,23290.4133
2015-01-21,23580.638814
2015-01-22,23448.60558
2015-01-23,23612.90504
2015-01-26,23998.632692
2015-01-27,23963.529932
2015-01-28,23689.737192
2015-01-29,23842.547113
2015-01-30,23645.414632
2015-02-02,23926.769967
2015-02-03,24529.517628
2015-02-04,24212.350617
2015-02-05,24460.99248
2015-02-06,24009.359664
2015-02-09,23682.987825
2015-02-10,23902.151763
2015-02-11,23872.377914
2015-02-12,24335.433766
2015-02-13,24494.782191
2015-02-16,24354.80021
2015-02-17,24544.616252
2015-02-18,24708.38136
2015-02-19,24799.899992
2015-02-20,24847.686858
2015-02-23,24948.894788
2015-02-24,25162.77269
2015-02-25,25187.722648
2015-02-26,25055.681978
2015-02-27,25262.1008
2015-03-02,25193.291895
2015-03-03,24887.069142
2015-03-04,24894.874368
2015-03-05,25008.343878
2015-03-06,24568.704468
2015-03-09,24542.68344
2015-03-10,23897.364475
2015-03-11,24104.481792
2015-03-12,24252.647728
2015-03-13,24018.740353
2015-03-16,24533.124875
2015-03-17,24320.348464
2015-03-18,24832.945584
2015-03-19,24244.804577
2015-03-20,25021.677871
2015-03-23,25161.609888
2015-03-24,25298.553
2015-03-25,25108.943024
2015-03-26,24807.413421
2015-03-27,24896.731816
2015-03-30,25068.33666
2015-03-31,24597.559926
2015-04-01,24785.74608
2015-04-02,25057.638515
2015-04-07,25256.453952
2015-04-08,25025.469758
2015-04-09,25015.784492
2015-04-10,25127.63946
2015-04-13,25153.17021
2015-04-14,25044.127275
2015-04-15,25222.10076
2015-04-16,25016.46896
2015-04-17,24608.7869
2015-04-20,24756.941144
2015-04-21,24760.284598
2015-04-22,24745.51156
2015-04-23,24809.816496
2015-04-24,25012.777808
2015-04-27,25538.75082
2015-04-28,25312.784918
2015-04-29,24960.952688
2015-04-30,25173.183816
2015-05-01,25121.480879
2015-05-04,25142.124564
2015-05-05,24620.574176
2015-05-06,25047.107988
2015-05-07,24867.154046
2015-05-08,25390.527204
2015-05-11,25105.563188
2015-05-12,24875.9222
2015-05-13,25040.595398
2015-05-14,25488.948498
2015-05-15,25395.952332
2015-05-18,25197.760088
2015-05-19,25400.365452
2015-05-20,25348.972664
2015-05-21,25401.263664
2015-05-22,25121.16792
2015-05-25,24886.762362
2015-05-26,24415.07394
2015-05-27,24905.408375
2015-05-28,24788.3209
2015-05-29,24319.511346
2015-06-01,24219.10848
2015-06-02,24625.838893
2015-06-03,25038.35843
2015-06-04,24784.41222
2015-06-05,24197.306938
2015-06-08,24300.367184
2015-06-09,24205.134938
2015-06-10,24787.275272
2015-06-11,24818.615934
2015-06-12,24507.130305
2015-06-15,24086.774613
2015-06-16,24122.328333
2015-06-17,24139.841904
2015-06-18,24332.918445
2015-06-19,24362.35326
2015-06-22,25324.244154
2015-06-23,25138.85001
2015-06-24,25117.7682
2015-06-25,25122.184143
2015-06-26,25106.95821
2015-06-29,24199.39329
2015-06-30,23649.24309
2015-07-01,23966.300144
2015-07-02,23818.8482
2015-07-03,23737.81872
2015-07-06,23103.7806
2015-07-07,22527.977153
2015-07-08,22889.53975
2015-07-09,23439.517608
2015-07-10,24462.769563
2015-07-13,24528.022545
2015-07-14,24661.997311
2015-07-15,24635.430647
2015-07-16,24827.164371
2015-07-17,24679.36616
2015-07-20,24785.983314
2015-07-21,24774.755544
2015-07-22,24681.95262
2015-07-23,24786.790944
2015-07-24,24554.16
2015-07-27,24199.98935
2015-07-28,24408.205836
2015-07-29,24389.762789
2015-07-30,24330.35031
2015-07-31,24568.228008
2015-08-03,24720.35646
2015-08-04,24456.401532
2015-08-05,24899.68635
2015-08-06,24887.267327
2015-08-07,24777.41958
2015-08-10,25146.511938
2015-08-11,25175.67024
2015-08-12,24828.860337
2015-08-13,25084.565715
2015-08-14,24783.171073
2015-08-17,24779.47339
2015-08-18,24630.544708
2015-08-19,24392.336112
2015-08-20,24085.364056
2015-08-21,23629.012116
2015-08-24,22875.856448
2015-08-25,23768.543661
2015-08-26,23000.47542
2015-08-27,23631.786418
2015-08-28,23472.82578
2015-08-31,23380.470204
2015-09-01,22962.363603
2015-09-02,22826.105302
2015-09-03,23119.5363
2015-09-04,22532.07125
2015-09-07,22734.688527
2015-09-08,23060.189656
2015-09-09,23368.258074
2015-09-10,23169.982134
2015-09-11,23045.299466
2015-09-14,22892.409456
2015-09-15,23020.30368
2015-09-16,23388.174396
2015-09-17,23703.779095
2015-09-18,22717.08923
2015-09-21,22696.544024
2015-09-22,21809.502105
2015-09-23,21994.516589
2015-09-24,21643.836856
2015-09-25,22213.641864
2015-09-28,21768.46928
2015-09-29,21688.949824
2015-09-30,22031.190551
2015-10-01,21839.97361
2015-10-02,22002.664864
2015-10-05,22682.396744
2015-10-06,23069.368778
2015-10-07,23041.01296
2015-10-08,23110.385856
2015-10-09,23424.98417
2015-10-12,23316.154133
2015-10-13,23251.521168
2015-10-14,23244.20431
2015-10-15,23396.839559
2015-10-16,23533.288947
2015-10-19,23566.540896
2015-10-20,23452.57902
2015-10-21,23558.419885
2015-10-22,23678.321576
2015-10-23,23963.883531
2015-10-26,23985.51624
2015-10-27,23732.661594
2015-10-28,23758.101614
2015-10-29,23816.928725
2015-10-30,23768.320482
2015-11-02,23980.02245
2015-11-03,23923.527588
2015-11-04,23677.240936
2015-11-05,23812.158179
2015-11-06,23666.371398
2015-11-09,23378.16404
2015-11-10,23368.0788
2015-11-11,23591.330904
2015-11-12,23340.91423
2015-11-13,23089.345825
2015-11-16,22892.079178
2015-11-17,23437.637018
2015-11-18,23357.64752
2015-11-19,23630.343895
2015-11-20,23468.028875
2015-11-23,23412.953382
2015-11-24,23183.23424
2015-11-25,23505.65637
2015-11-26,23718.194566
2015-11-27,23635.116058
2015-11-30,23701.147485
2015-12-01,23671.294992
2015-12-02,23560.179318
2015-12-03,23394.018648
2015-12-04,23210.331375
2015-12-07,23331.954156
2015-12-08,23051.223876
2015-12-09,23226.242712
2015-12-10,23031.379701
2015-12-11,22723.57174
2015-12-14,22287.662228
2015-12-15,22885.708902
2015-12-16,22935.25392
2015-12-17,23208.11293
2015-12-18,22968.837752
2015-12-21,22726.904934
2015-12-22,22812.671904
2015-12-23,23226.96756
2015-12-24,23336.816244
2015-12-28,23175.462383
2015-12-29,23464.108116
2015-12-30,23332.821272
2015-12-31,23043.858048
2016-01-04,22402.703088
2016-01-05,22278.803503
2016-01-06,22190.911284
2016-01-07,22239.308928
2016-01-08,21874.048823
2016-01-11,21599.324656
2016-01-12,21870.639624
2016-01-13,21978.546342
2016-01-14,21653.6544
2016-01-15,21224.788224
2016-01-18,21035.00474
2016-01-19,21388.592338
2016-01-20,20652.604314
2016-01-21,21064.041992
2016-01-22,21475.069914
2016-01-25,21426.405462
2016-01-26,21703.609608
2016-01-27,21807.071244
2016-01-28,21429.776292
2016-01-29,21699.615849
2016-02-01,21639.192529
2016-02-02,21207.27114
2016-02-03,21154.378553
2016-02-04,21376.90687
2016-02-05,21122.629162
2016-02-08,20501.914887
2016-02-09,20315.50235
2016-02-10,20700.3291
2016-02-11,19953.329505
2016-02-12,20402.4744
2016-02-15,20535.355568
2016-02-16,20489.118624
2016-02-17,21050.776712
2016-02-18,20962.04406
2016-02-19,20850.426415
2016-02-22,21104.201412
2016-02-23,20769.501816
2016-02-24,20287.114416
2016-02-25,20723.754324
2016-02-26,20947.301908
2016-02-29,20991.709075
2016-03-01,21334.596439
2016-03-02,21516.427944
2016-03-03,21564.315738
2016-03-04,21751.982025
2016-03-07,21684.175584
2016-03-08,21489.888585
2016-03-09,21618.771768
2016-03-10,21611.236188
2016-03-11,22262.91864
2016-03-14,22320.385224
2016-03-15,22197.39877
2016-03-16,22416.961845
2016-03-17,22303.18421
2016-03-18,22316.432495
2016-03-21,22223.704038
2016-03-22,22212.344154
2016-03-23,22138.473372
2016-03-24,21741.901035
2016-03-29,22075.277455
2016-03-30,22313.55741
2016-03-31,22053.18127
2016-04-01,21788.709184
2016-04-04,21862.811312
2016-04-05,21312.573795
2016-04-06,21493.187936
2016-04-07,21114.367053
2016-04-08,21467.11656
2016-04-11,21548.65087
2016-04-12,21658.783953
2016-04-13,22197.332003
2016-04-14,22358.357956
2016-04-15,22316.229776
2016-04-18,22447.08378
2016-04-19,22834.092949
2016-04-20,22971.8212
2016-04-21,23060.285392
2016-04-22,22938.971136
2016-04-25,22809.443206
2016-04-26,22899.968343
2016-04-27,23018.990919
2016-04-28,22978.473903
2016-04-29,22459.325107
2016-05-02,22645.03072
2016-05-03,22198.23912
2016-05-04,21924.544375
2016-05-05,21808.869985
2016-05-06,21771.969656
2016-05-09,21926.938106
2016-05-10,22081.913022
2016-05-11,21929.326728
2016-05-12,21763.793986
2016-05-13,21836.782191
2016-05-16,21786.275563
2016-05-17,21674.877548
2016-05-18,21684.231478
2016-05-19,21411.311012
2016-05-20,21773.653296
2016-05-23,21571.113564
2016-05-24,21989.829636
2016-05-25,22383.3576
2016-05-26,22542.374279
2016-05-27,22457.819448
2016-05-30,22674.49338
2016-05-31,22449.487788
2016-06-01,22355.623136
2016-06-02,22275.510278
2016-06-03,22368.617365
2016-06-06,22372.56032
2016-06-07,22695.406091
2016-06-08,22579.651448
2016-06-09,22195.042265
2016-06-10,21492.142908
2016-06-13,21220.20148
2016-06-14,20680.390894
2016-06-15,20974.78724
2016-06-16,20863.10193
2016-06-17,21168.763266
2016-06-20,21898.852944
2016-06-21,21983.53839
2016-06-22,22130.630286
2016-06-23,22755.09033
2016-06-24,20435.908926
2016-06-27,19778.439312
2016-06-28,20295.811057
2016-06-29,20911.117812
2016-06-30,21150.37542
2016-07-01,21368.664108
2016-07-04,21281.676234
2016-07-05,20810.811392
2016-07-06,20513.941593
2016-07-07,20548.55313
2016-07-08,20982.259333
2016-07-11,21357.427172
2016-07-12,21699.242368
2016-07-13,21697.620714
2016-07-14,22021.832547
2016-07-15,21839.866705
2016-07-18,21896.112665
2016-07-19,21633.56977
2016-07-20,21823.400725
2016-07-21,21847.492702
2016-07-22,21789.715353
2016-07-25,21830.570528
2016-07-26,21838.01801
2016-07-27,22124.464428
2016-07-28,21863.71632
2016-07-29,22181.270616
2016-08-01,22006.164422
2016-08-02,21629.966086
2016-08-03,21531.65529
2016-08-04,21674.977578
2016-08-05,21943.303461
2016-08-08,22041.094172
2016-08-09,22418.355344
2016-08-10,22393.652894
2016-08-11,22505.500236
2016-08-12,22549.912158
2016-08-15,22618.024935
2016-08-16,22539.083013
2016-08-17,22321.860168
2016-08-18,22551.6137
2016-08-19,22366.27746
2016-08-22,22284.185175
2016-08-23,22474.529856
2016-08-24,22565.628436
2016-08-25,22448.606353
2016-08-26,22490.700596
2016-08-29,22404.1923
2016-08-30,22563.3276
2016-08-31,22532.597142
2016-09-01,22541.253798
2016-09-02,22952.378298
2016-09-05,22903.330188
2016-09-06,23068.261192
2016-09-07,23156.5334
2016-09-08,23140.734284
2016-09-09,22902.35852
2016-09-12,22610.15796
2016-09-13,22293.74616
2016-09-14,22259.28324
2016-09-15,22312.791064
2016-09-16,21855.28445
2016-09-19,22118.955627
2016-09-20,22064.48812
2016-09-21,22263.166572
2016-09-22,22794.598455
2016-09-23,22703.208201
2016-09-26,22334.574576
2016-09-27,22223.665704
2016-09-28,22394.141459
2016-09-29,22384.796508
2016-09-30,22515.599104
2016-10-03,22427.28075
2016-10-04,22647.02725
2016-10-05,22624.166652
2016-10-06,22478.137936
2016-10-07,22422.959553
2016-10-10,22679.555808
2016-10-11,22445.237045
2016-10-12,22249.495501
2016-10-13,22128.942528
2016-10-14,22332.557618
2016-10-17,22297.323048
2016-10-18,22553.515281
2016-10-19,22596.231548
2016-10-20,22683.070001
2016-10-21,22666.584485
2016-10-24,22809.173464
2016-10-25,22795.582994
2016-10-26,22757.966868
2016-10-27,22811.129946
2016-10-28,22934.487444
2016-10-31,22732.587625
2016-11-01,22615.278205
2016-11-02,22347.102762
2016-11-03,22338.046276
2016-11-04,22239.929122
2016-11-07,22514.530176
2016-11-08,22626.745434
2016-11-09,22606.460243
2016-11-10,22573.099287
2016-11-11,22408.815912
2016-11-14,22346.78572
2016-11-15,22427.64088
2016-11-16,22261.601524
2016-11-17,22231.834752
2016-11-18,22033.027771
2016-11-21,22221.661299
2016-11-22,22290.58426
2016-11-23,22147.356988
2016-11-24,22205.5018
2016-11-25,22332.43188
2016-11-28,22123.09944
2016-11-29,22315.371848
2016-11-30,22251.729798
2016-12-01,22254.667552
2016-12-02,22159.999448
2016-12-05,22610.803425
2016-12-06,22871.515836
2016-12-07,23248.176864
2016-12-08,23266.780107
2016-12-09,23328.612332
2016-12-12,23497.782861
2016-12-13,23739.649495
2016-12-14,23366.796105
2016-12-15,23501.144758
2016-12-16,23708.037684
2016-12-19,23566.961115
2016-12-20,23677.996082
2016-12-21,23669.7636
2016-12-22,23715.063834
2016-12-23,23780.481095
2016-12-27,23835.568806
2016-12-28,23760.228096
2016-12-29,23874.359896
2016-12-30,24031.983768
2017-01-02,24034.509747
2017-01-03,24012.34737
2017-01-04,24132.635736
2017-01-05,24237.757701
2017-01-06,24210.000832
2017-01-09,24273.611229
2017-01-10,24153.847776
2017-01-11,24286.233892
2017-01-12,24037.60912
2017-01-13,24416.944866
2017-01-16,24106.405463
2017-01-17,24124.348248
2017-01-18,23948.0388
2017-01-19,24109.893075
2017-01-20,24283.218512
2017-01-23,24149.471032
2017-01-24,24153.373412
2017-01-25,24608.520775
2017-01-26,24401.248021
2017-01-27,24321.427791
2017-01-30,24012.314112
2017-01-31,24006.536944
2017-02-01,24151.204336
2017-02-02,24088.426996
2017-02-03,24247.853502
2017-02-06,23891.279687
2017-02-07,23797.029195
2017-02-08,23808.012904
2017-02-09,23991.783905
2017-02-10,23940.513102
2017-02-13,24105.04239
2017-02-14,24036.107849
2017-02-15,24209.90364
2017-02-16,24220.919808
2017-02-17,24114.938161
2017-02-20,24181.771956
2017-02-21,24222.498021
2017-02-22,24243.768054
2017-02-23,24223.553172
2017-02-24,23973.485813
2017-02-27,24072.17913
2017-02-28,24113.64704
2017-03-01,24608.10572
2017-03-02,24501.577219
2017-03-03,24936.298191
2017-03-06,24723.038064
2017-03-07,24689.37272
2017-03-08,24700.499902
2017-03-09,24926.636889
2017-03-10,25190.891726
2017-03-13,25159.523987
2017-03-14,24927.000361
2017-03-15,25306.018632
2017-03-16,25546.518944
2017-03-17,25562.373648
2017-03-20,25503.007868
2017-03-21,25535.23571
2017-03-22,25420.58998
2017-03-23,25633.472154
2017-03-24,25602.777855
2017-03-27,25665.12438
2017-03-28,25778.388265
2017-03-29,25780.942968
2017-03-30,25604.931952
2017-03-31,25685.973317
2017-04-03,25517.42665
2017-04-04,25593.68266
2017-04-05,25531.102676
2017-04-06,25621.469811
2017-04-07,25545.5585
2017-04-10,25458.722512
2017-04-11,25357.3173
2017-04-12,25495.282755
2017-04-13,25217.12538
2017-04-18,25180.884322
2017-04-19,25239.037923
2017-04-20,25374.005283
2017-04-21,25413.962544
2017-04-24,26765.95716
2017-04-25,26953.246152
2017-04-26,26895.437134
2017-04-27,26725.031329
2017-04-28,26738.928162
2017-05-01,26743.911588
2017-05-02,26970.042233
2017-05-03,26932.02025
2017-05-04,27481.553788
2017-05-05,27776.070164
2017-05-08,27470.250464
2017-05-09,27408.604788
2017-05-10,27351.799776
2017-05-11,27170.82732
2017-05-12,27433.084584
2017-05-15,27551.186388
2017-05-16,27795.268669
2017-05-17,27528.626536
2017-05-18,27247.777002
2017-05-19,27677.36916
2017-05-22,27677.335058
2017-05-23,27701.144162
2017-05-24,27723.855276
2017-05-25,27601.035
2017-05-26,27438.914732
2017-05-29,27391.85172
2017-05-30,27309.571692
2017-05-31,27217.140171
2017-06-01,27228.84717
2017-06-02,27602.777518
2017-06-05,27410.404125
2017-06-06,27237.103012
2017-06-07,27148.271116
2017-06-08,27177.436104
2017-06-09,27292.502949
2017-06-12,26991.077595
2017-06-13,27118.440927
2017-06-14,27025.381135
2017-06-15,26748.722658
2017-06-16,27025.274492
2017-06-19,27215.54674
2017-06-20,27075.25864
2017-06-21,27109.73832
2017-06-22,27104.136176
2017-06-23,27119.428672
2017-06-26,27245.326944
2017-06-27,27332.814336
2017-06-28,27355.00376
2017-06-29,26953.488918
2017-06-30,26666.997864
2017-07-03,26987.151947
2017-07-04,26846.894626
2017-07-05,26856.80361
2017-07-06,26898.128964
2017-07-07,26877.66648
2017-07-10,26974.789942
2017-07-11,27026.754928
2017-07-12,27229.674626
2017-07-13,27277.534343
2017-07-14,27400.784928
2017-07-17,27325.55585
2017-07-18,27116.3106
2017-07-19,27215.027028
2017-07-20,27511.940533
2017-07-21,27241.585662
2017-07-24,27140.880249
2017-07-25,27312.097666
2017-07-26,27667.68075
2017-07-27,27503.23779
2017-07-28,27456.792594
2017-07-31,27476.222016
2017-08-01,27570.138876
2017-08-02,27569.05074
2017-08-03,27637.36801
2017-08-04,27783.597574
2017-08-07,27794.33298
2017-08-08,27710.547223
2017-08-09,27220.048755
2017-08-10,26868.823916
2017-08-11,26835.14652
2017-08-14,27117.356676
2017-08-15,27160.068714
2017-08-16,27437.155723
2017-08-17,27094.762008
2017-08-18,27039.963601
2017-08-21,26961.668162
2017-08-22,27079.385476
2017-08-23,27035.884512
2017-08-24,27077.300165
2017-08-25,27264.606805
2017-08-28,27082.583995
2017-08-29,26759.822738
2017-08-30,26674.194528
2017-08-31,26853.749442
2017-09-01,26788.22058
2017-09-04,26648.200616
2017-09-05,26649.525658
2017-09-06,26696.76486
2017-09-07,26887.610808
2017-09-08,26894.395383
2017-09-11,27279.608431
2017-09-12,27470.326736
2017-09-13,27400.869036
2017-09-14,27556.267368
2017-09-15,27511.99119
2017-09-18,27715.591638
2017-09-19,27884.315988
2017-09-20,27568.038225
2017-09-21,27855.511423
2017-09-22,27888.6825
2017-09-25,27753.411888
2017-09-26,27676.95465
