"Index","SP500.usd"
2006-01-04,10274.27528
2006-01-05,10271.507636
2006-01-06,10367.796975
2006-01-09,10403.898615
2006-01-10,10400.705005
2006-01-11,10441.44424
2006-01-12,10373.231354
2006-01-13,10390.755178
2006-01-17,10350.459616
2006-01-18,10312.128342
2006-01-19,10368.602248
2006-01-20,10167.735549
2006-01-23,10190.686188
2006-01-24,10213.678692
2006-01-25,10196.988372
2006-01-26,10270.254375
2006-01-27,10349.607384
2006-01-30,10361.458818
2006-01-31,10320.260976
2006-02-01,10339.449012
2006-02-02,10245.766248
2006-02-03,10190.862666
2006-02-06,10192.519144
2006-02-07,10110.38985
2006-02-08,10194.81075
2006-02-09,10180.632546
2006-02-10,10199.396199
2006-02-13,10161.729276
2006-02-14,10264.827675
2006-02-15,10311.296
2006-02-16,10377.961744
2006-02-17,10360.99476
2006-02-21,10328.3915
2006-02-22,10402.891092
2006-02-23,10363.490025
2006-02-24,10370.88549
2006-02-27,10405.630684
2006-02-28,10297.018664
2006-03-01,10377.69588
2006-03-02,10360.302524
2006-03-03,10345.724956
2006-03-06,10273.37562
2006-03-07,10261.137312
2006-03-08,10289.12656
2006-03-09,10240.560939
2006-03-10,10316.07171
2006-03-13,10337.888565
2006-03-14,10441.859544
2006-03-15,10474.32627
2006-03-16,10493.54787
2006-03-17,10499.701275
2006-03-20,10481.75002
2006-03-21,10414.16244
2006-03-22,10477.905152
2006-03-23,10450.197261
2006-03-24,10462.558205
2006-03-27,10440.734454
2006-03-28,10373.256476
2006-03-29,10456.864851
2006-03-30,10434.896325
2006-03-31,10381.620225
2006-04-03,10409.73401
2006-04-04,10469.771403
2006-04-05,10506.90716
2006-04-06,10482.79232
2006-04-07,10379.41645
2006-04-10,10381.258368
2006-04-11,10306.71227
2006-04-12,10320.288628
2006-04-13,10336.80872
2006-04-17,10308.989265
2006-04-18,10489.61472
2006-04-19,10497.124055
2006-04-20,10509.38471
2006-04-21,10512.53176
2006-04-24,10486.463815
2006-04-25,10429.54088
2006-04-26,10467.169003
2006-04-27,10500.287184
2006-04-28,10503.097479
2006-05-01,10459.662141
2006-05-02,10523.933619
2006-05-03,10483.142868
2006-05-04,10516.240275
2006-05-05,10624.508064
2006-05-08,10606.55262
2006-05-09,10608.010728
2006-05-10,10587.429975
2006-05-11,10452.58368
2006-05-12,10338.31306
2006-05-15,10366.356
2006-05-16,10340.51624
2006-05-17,10163.83032
2006-05-18,10107.602824
2006-05-19,10161.5806
2006-05-22,10129.37382
2006-05-23,10077.7716
2006-05-24,10093.7314
2006-05-25,10214.862
2006-05-26,10273.284
2006-05-30,10119.27584
2006-05-31,10191.20216
2006-06-01,10311.908484
2006-06-02,10335.38906
2006-06-05,10132.062733
2006-06-06,10126.598125
2006-06-07,10070.55455
2006-06-08,10086.711705
2006-06-09,10032.42576
2006-06-12,9919.31904
2006-06-13,9817.66487
2006-06-14,9840.93502
2006-06-15,10050.410544
2006-06-16,10010.192382
2006-06-19,9930.589001
2006-06-20,9924.556348
2006-06-21,10018.8522
2006-06-22,9960.4404
2006-06-23,9955.7511
2006-06-26,10006.98112
2006-06-27,9911.7412
2006-06-28,9966.131
2006-06-29,10177.86852
2006-06-30,10152.0735
2006-07-03,10241.776038
2006-07-05,10162.19636
2006-07-06,10187.54368
2006-07-07,10105.49054
2006-07-10,10125.032728
2006-07-11,10168.624345
2006-07-12,10063.7656
2006-07-13,9928.798672
2006-07-14,9886.88036
2006-07-17,9874.068265
2006-07-18,9893.02471
2006-07-19,10082.889335
2006-07-20,9984.29609
2006-07-21,9900.987012
2006-07-24,10071.644716
2006-07-25,10135.432776
2006-07-26,10127.5398
2006-07-27,10074.02
2006-07-28,10191.32205
2006-07-31,10174.9802
2006-08-01,10134.95154
2006-08-02,10181.596405
2006-08-03,10210.15325
2006-08-04,10206.73408
2006-08-07,10165.973245
2006-08-08,10137.382892
2006-08-09,10098.48315
2006-08-10,10137.343148
2006-08-11,10105.671698
2006-08-14,10125.38864
2006-08-15,10286.56837
2006-08-16,10348.153926
2006-08-17,10352.59292
2006-08-18,10386.49365
2006-08-21,10339.158368
2006-08-22,10349.517288
2006-08-23,10305.001001
2006-08-24,10332.060714
2006-08-25,10330.026367
2006-08-28,10374.145176
2006-08-29,10385.068644
2006-08-30,10389.048219
2006-08-31,10371.757718
2006-09-01,10426.724732
2006-09-05,10428.51825
2006-09-06,10329.655518
2006-09-07,10275.81282
2006-09-08,10323.81616
2006-09-11,10336.801068
2006-09-12,10435.0675
2006-09-13,10476.02036
2006-09-14,10459.16088
2006-09-15,10484.03887
2006-09-18,10499.153224
2006-09-19,10457.054568
2006-09-20,10504.03927
2006-09-21,10444.465129
2006-09-22,10409.11326
2006-09-25,10506.17677
2006-09-26,10571.196675
2006-09-27,10565.209314
2006-09-28,10571.12704
2006-09-29,10562.966705
2006-10-02,10527.146636
2006-10-03,10549.208003
2006-10-04,10676.43646
2006-10-05,10700.316506
2006-10-06,10671.613007
2006-10-09,10672.23999
2006-10-10,10699.055784
2006-10-11,10686.47419
2006-10-12,10785.845469
2006-10-13,10790.44643
2006-10-16,10828.990788
2006-10-17,10786.225375
2006-10-18,10800.33666
2006-10-19,10810.193072
2006-10-20,10818.23556
2006-10-23,10877.08098
2006-10-24,10884.74545
2006-10-25,10918.708668
2006-10-26,10966.09206
2006-10-27,10866.661664
2006-10-30,10854.505782
2006-10-31,10856.78926
2006-11-01,10767.947444
2006-11-02,10765.75149
2006-11-03,10738.67816
2006-11-06,10869.21695
2006-11-07,10889.17358
2006-11-08,10903.260676
2006-11-09,10842.632945
2006-11-10,10860.08805
2006-11-13,10886.38667
2006-11-14,10959.76513
2006-11-15,10988.911045
2006-11-16,11018.21084
2006-11-17,11030.2464
2006-11-20,11027.537
2006-11-21,11039.413295
2006-11-22,11057.632369
2006-11-24,11004.602345
2006-11-27,10838.0213
2006-11-28,10878.8184
2006-11-29,10967.02502
2006-11-30,10971.554979
2006-12-01,10936.937655
2006-12-04,11029.8868
2006-12-05,11068.37486
2006-12-06,11053.68186
2006-12-07,11022.458196
2006-12-08,11031.29308
2006-12-11,11063.114072
2006-12-12,11053.22058
2006-12-13,11058.36825
2006-12-14,11147.189251
2006-12-15,11171.117811
2006-12-18,11124.078096
2006-12-19,11149.083995
2006-12-20,11125.171656
2006-12-21,11085.4328
2006-12-22,11027.20554
2006-12-26,11081.14983
2006-12-27,11152.18144
2006-12-28,11132.127855
2006-12-29,11073.37725
2007-01-03,11072.1456
2007-01-04,11070.85287
2007-01-05,11008.42539
2007-01-08,11038.095068
2007-01-09,11023.777926
2007-01-10,11045.026525
2007-01-11,11098.392136
2007-01-12,11155.831029
2007-01-16,11154.64419
2007-01-17,11123.0705
2007-01-18,11083.608085
2007-01-19,11124.28325
2007-01-22,11061.871005
2007-01-23,11104.764235
2007-01-24,11193.266412
2007-01-25,11061.13998
2007-01-26,11060.29386
2007-01-29,11043.89988
2007-01-30,11110.50432
2007-01-31,11182.028352
2007-02-01,11218.759272
2007-02-02,11233.71284
2007-02-05,11226.471915
2007-02-06,11232.136
2007-02-07,11234.75496
2007-02-08,11222.664528
2007-02-09,11145.68403
2007-02-12,11117.21772
2007-02-13,11207.4576
2007-02-14,11291.6727
2007-02-15,11298.289955
2007-02-16,11280.726108
2007-02-20,11312.811936
2007-02-21,11296.924026
2007-02-22,11287.236276
2007-02-23,11247.012738
2007-02-26,11229.71876
2007-02-27,10829.96864
2007-02-28,10885.97316
2007-03-01,10865.025944
2007-03-02,10743.215499
2007-03-05,10649.43
2007-03-06,10802.706056
2007-03-07,10773.8478
2007-03-08,10850.6286
2007-03-09,10863.59296
2007-03-12,10897.35218
2007-03-13,10674.840855
2007-03-14,10738.360404
2007-03-15,10781.81632
2007-03-16,10729.16781
2007-03-19,10846.616572
2007-03-20,10917.007156
2007-03-21,11100.464912
2007-03-22,11083.25604
2007-03-23,11104.720575
2007-03-26,11120.35625
2007-03-27,11048.155435
2007-03-28,10953.912393
2007-03-29,10992.031563
2007-03-30,10984.384488
2007-04-02,11009.919585
2007-04-03,11116.118755
2007-04-04,11132.951202
2007-04-05,11155.500392
2007-04-09,11171.891435
2007-04-10,11201.84826
2007-04-11,11117.429055
2007-04-12,11185.7028
2007-04-13,11218.471845
2007-04-16,11347.107407
2007-04-17,11379.249136
2007-04-18,11371.5285
2007-04-19,11348.888045
2007-04-20,11456.064865
2007-04-23,11437.22239
2007-04-24,11437.499619
2007-04-25,11543.14698
2007-04-26,11545.1732
2007-04-27,11536.610912
2007-04-30,11422.402035
2007-05-01,11452.68465
2007-05-02,11526.81156
2007-05-03,11576.666145
2007-05-04,11601.55491
2007-05-07,11631.29814
2007-05-08,11603.41312
2007-05-09,11637.03423
2007-05-10,11475.221033
2007-05-11,11559.80811
2007-05-14,11545.69515
2007-05-15,11534.393365
2007-05-16,11631.169238
2007-05-17,11603.548875
2007-05-18,11677.208375
2007-05-21,11688.3664
2007-05-22,11666.37654
2007-05-23,11650.00884
2007-05-24,11535.315769
2007-05-25,11598.820679
2007-05-29,11613.845122
2007-05-30,11700.13858
2007-05-31,11705.41645
2007-06-01,11747.316542
2007-06-04,11773.18782
2007-06-05,11700.43847
2007-06-06,11585.1963
2007-06-07,11401.02656
2007-06-08,11541.21385
2007-06-11,11567.4048
2007-06-12,11411.7455
2007-06-13,11567.59344
2007-06-14,11613.255438
2007-06-15,11688.43875
2007-06-18,11681.9115
2007-06-19,11682.95975
2007-06-20,11524.0587
2007-06-21,11597.56561
2007-06-22,11457.02
2007-06-25,11412.02993
2007-06-26,11369.85024
2007-06-27,11475.29812
2007-06-28,11465.98165
2007-06-29,11445.755225
2007-07-02,11555.26515
2007-07-03,11579.86278
2007-07-05,11589.9892
2007-07-06,11632.87444
2007-07-09,11644.357775
2007-07-10,11448.21972
2007-07-11,11486.38188
2007-07-12,11709.8982
2007-07-13,11752.425
2007-07-16,11725.9926
2007-07-17,11716.33594
2007-07-18,11698.32222
2007-07-19,11745.94404
2007-07-20,11613.137
2007-07-23,11657.35234
2007-07-24,11427.24
2007-07-25,11472.20613
2007-07-26,11216.915964
2007-07-27,11029.662
2007-07-30,11153.07697
2007-07-31,11020.032075
2007-08-01,11096.1817
2007-08-02,11147.4984
2007-08-03,10841.0989
2007-08-06,11097.05287
2007-08-07,11179.137713
2007-08-08,11346.48173
2007-08-09,10992.771159
2007-08-10,11009.86936
2007-08-13,11017.49236
2007-08-14,10807.609694
2007-08-15,10669.39749
2007-08-16,10729.88581
2007-08-17,10981.9143
2007-08-20,10968.110625
2007-08-21,10983.6408
2007-08-22,11129.86014
2007-08-23,11091.6
2007-08-24,11195.87216
2007-08-27,11088.9324
2007-08-28,10822.19598
2007-08-29,11049.92424
2007-08-30,10997.16498
2007-08-31,11121.25455
2007-09-04,11245.121
2007-09-05,11117.556248
2007-09-06,11146.49274
2007-09-07,10956.8599
2007-09-10,10918.2357
2007-09-11,11070.01927
2007-09-12,11068.632852
2007-09-13,11145.206475
2007-09-14,11155.623
2007-09-17,11108.83795
2007-09-18,11433.30494
2007-09-19,11487.60239
2007-09-20,11411.8875
2007-09-21,11447.70225
2007-09-24,11396.63457
2007-09-25,11398.79873
2007-09-26,11463.5313
2007-09-27,11507.55501
2007-10-01,11612.08224
2007-10-02,11609.00478
2007-10-03,11556.16254
2007-10-04,11580.55704
2007-10-05,11691.27054
2007-10-08,11649.939288
2007-10-09,11765.23255
2007-10-10,11736.493405
2007-10-11,11667.40146
2007-10-12,11729.8989
2007-10-15,11658.68888
2007-10-16,11566.66854
2007-10-17,11583.95984
2007-10-18,11567.54088
2007-10-19,11267.180229
2007-10-22,11311.785135
2007-10-23,11402.243565
2007-10-24,11359.701544
2007-10-25,11330.7408
2007-10-26,11496.17664
2007-10-29,11518.8255
2007-10-30,11439.01593
2007-10-31,11576.19267
2007-11-01,11254.47084
2007-11-02,11255.195575
2007-11-05,11197.17518
2007-11-06,11332.09258
2007-11-07,10982.30185
2007-11-08,10943.825739
2007-11-09,10774.09755
2007-11-12,10667.20216
2007-11-13,11009.385175
2007-11-14,10919.0565
2007-11-15,10770.4353
2007-11-16,10830.41513
2007-11-19,10643.46302
2007-11-20,10690.20441
2007-11-21,10499.68247
2007-11-23,10660.17151
2007-11-26,10409.065618
2007-11-27,10550.620656
2007-11-28,10863.4029
2007-11-29,10849.47304
2007-11-30,10957.47372
2007-12-03,10899.58905
2007-12-04,10822.451815
2007-12-05,10979.124433
2007-12-06,11174.66509
2007-12-07,11138.99798
2007-12-10,11212.04016
2007-12-11,10905.795825
2007-12-12,10962.11466
2007-12-13,10965.860675
2007-12-14,10820.25945
2007-12-17,10670.16364
2007-12-18,10745.0273
2007-12-19,10718.781
2007-12-20,10759.62428
2007-12-21,10933.0479
2007-12-24,10995.465665
2007-12-26,11000.013168
2007-12-27,10803.196233
2007-12-28,10799.038809
2007-12-31,10725.048276
2008-01-02,10555.295608
2008-01-03,10525.049964
2008-01-04,10266.78499
2008-01-07,10294.778892
2008-01-08,10099.313293
2008-01-09,10235.356668
2008-01-10,10327.787562
2008-01-11,10174.90775
2008-01-14,10269.936875
2008-01-15,10000.977995
2008-01-16,9931.53168
2008-01-17,9664.19595
2008-01-18,9597.423537
2008-01-22,9486.9716
2008-01-23,9681.02292
2008-01-24,9766.00161
2008-01-25,9594.496466
2008-01-28,9744.043932
2008-01-29,9801.61227
2008-01-30,9749.62971
2008-01-31,9901.02181
2008-02-01,10023.30186
2008-02-04,9930.719358
2008-02-05,9602.42176
2008-02-06,9536.64492
2008-02-07,9611.848136
2008-02-08,9571.442584
2008-02-11,9631.02296
2008-02-12,9698.3034
2008-02-13,9840.767417
2008-02-14,9698.3034
2008-02-15,9692.9282
2008-02-19,9643.777
2008-02-20,9716.05432
2008-02-21,9587.00673
2008-02-22,9664.182242
2008-02-25,9811.1136
2008-02-26,9885.89253
2008-02-27,9856.79285
2008-02-28,9727.624
2008-02-29,9463.307497
2008-03-03,9457.83936
2008-03-04,9428.4162
2008-03-05,9482.607
2008-03-06,9268.64004
2008-03-07,9197.671418
2008-03-10,9049.203905
2008-03-11,9380.709015
2008-03-12,9294.099278
2008-03-13,9327.279392
2008-03-14,9133.685484
2008-03-17,9042.41312
2008-03-18,9421.6392
2008-03-19,9175.544614
2008-03-20,9376.369275
2008-03-24,9524.07834
2008-03-25,9541.150181
2008-03-26,9427.339222
2008-03-27,9294.770784
2008-03-28,9222.32264
2008-03-31,9275.30148
2008-04-01,9607.70216
2008-04-02,9598.556317
2008-04-03,9609.132925
2008-04-04,9616.782
2008-04-07,9609.83881
2008-04-08,9560.418648
2008-04-09,9484.274429
2008-04-10,9512.9656
2008-04-11,9338.473395
2008-04-14,9297.443008
2008-04-15,9331.001775
2008-04-16,9542.325262
2008-04-17,9537.344152
2008-04-18,9723.828987
2008-04-21,9717.19
2008-04-22,9616.44466
2008-04-23,9635.361225
2008-04-24,9704.37975
2008-04-25,9798.8584
2008-04-28,9777.941288
2008-04-29,9715.576806
2008-04-30,9683.195715
2008-05-01,9849.17259
2008-05-02,9881.04015
2008-05-05,9835.962367
2008-05-06,9910.375402
2008-05-07,9732.67173
2008-05-08,9790.468864
2008-05-09,9701.022984
2008-05-12,9809.059188
2008-05-13,9805.425648
2008-05-14,9864.282516
2008-05-15,9957.445079
2008-05-16,9966.759875
2008-05-19,9947.177675
2008-05-20,9856.3449
2008-05-21,9678.924387
2008-05-22,9681.669225
2008-05-23,9551.155688
2008-05-27,9628.1825
2008-05-28,9658.549296
2008-05-29,9700.988054
2008-05-30,9722.13815
2008-06-02,9606.85011
2008-06-03,9540.50178
2008-06-04,9556.94168
2008-06-05,9755.3394
2008-06-06,9420.123708
2008-06-09,9427.600656
2008-06-10,9400.268956
2008-06-11,9238.91982
2008-06-12,9255.152025
2008-06-13,9386.92706
2008-06-16,9385.64607
2008-06-17,9309.799002
2008-06-18,9207.075982
2008-06-19,9235.313325
2008-06-20,9067.490193
2008-06-23,9060.1956
2008-06-24,9029.435158
2008-06-25,9075.720641
2008-06-26,8809.722955
2008-06-27,8771.987884
2008-06-30,8773.632
2008-07-01,8809.856924
2008-07-02,8645.322712
2008-07-03,8652.1279
2008-07-07,8600.113694
2008-07-08,8735.16197
2008-07-09,8538.448931
2008-07-10,8576.822431
2008-07-11,8470.798609
2008-07-14,8407.59067
2008-07-15,8287.144092
2008-07-16,8482.022424
2008-07-17,8596.516688
2008-07-18,8593.803424
2008-07-21,8605.8
2008-07-22,8711.3109
2008-07-23,8756.716605
2008-07-24,8553.470406
2008-07-25,8576.66544
2008-07-28,8440.004875
2008-07-29,8622.22424
2008-07-30,8767.00089
2008-07-31,8658.10647
2008-08-01,8623.671175
2008-08-04,8557.966718
2008-08-05,8808.49484
2008-08-06,8829.275553
2008-08-07,8689.291624
2008-08-08,8889.5144
2008-08-11,8951.492964
2008-08-12,8854.195981
2008-08-13,8817.193476
2008-08-14,8873.37859
2008-08-15,8918.634
2008-08-18,8785.2606
2008-08-19,8689.366731
2008-08-20,8736.589338
2008-08-21,8744.971224
2008-08-22,8831.15324
2008-08-25,8676.207108
2008-08-26,8707.30048
2008-08-27,8763.35025
2008-08-28,8882.473788
2008-08-29,8785.717821
2008-09-02,8729.70414
2008-09-03,8725.198132
2008-09-04,8454.96988
2008-09-05,8500.257713
2008-09-08,8668.387346
2008-09-09,8373.934086
2008-09-10,8425.30554
2008-09-11,8554.368735
2008-09-12,8558.49875
2008-09-15,8168.44449
2008-09-16,8312.06776
2008-09-17,7907.279181
2008-09-18,8245.892595
2008-09-19,8578.4718
2008-09-22,8245.752499
2008-09-23,8094.867572
2008-09-24,8092.37688
2008-09-25,8247.091272
2008-09-26,8304.954477
2008-09-29,7573.555542
2008-09-30,7983.850836
2008-10-01,7947.571806
2008-10-02,7627.358028
2008-10-03,7524.339273
2008-10-06,7232.192581
2008-10-07,6789.506696
2008-10-08,6710.987184
2008-10-09,6206.10936
2008-10-10,6146.1687
2008-10-13,6857.89725
2008-10-14,6817.605912
2008-10-15,6201.90896
2008-10-16,6467.807977
2008-10-17,6427.812755
2008-10-20,6730.38054
2008-10-21,6526.42968
2008-10-22,6129.222266
2008-10-23,6207.385905
2008-10-24,6000.701557
2008-10-27,5817.054516
2008-10-28,6431.959788
2008-10-29,6363.210735
2008-10-30,6524.258238
2008-10-31,6625.765625
2008-11-03,6607.65603
2008-11-04,6875.307
2008-11-05,6505.894668
2008-11-06,6174.177216
2008-11-07,6354.565344
2008-11-10,6274.987065
2008-11-11,6131.827845
2008-11-12,5820.86808
2008-11-13,6224.1107
2008-11-14,5959.592947
2008-11-17,5808.07025
2008-11-18,5862.978528
2008-11-19,5508.9414
2008-11-20,5142.55118
2008-11-21,5464.764921
2008-11-24,5813.943974
2008-11-25,5850.82936
2008-11-26,6061.700416
2008-11-28,6117.644616
2008-12-01,5619.524229
2008-12-02,5839.218633
2008-12-03,5986.598722
2008-12-04,5816.973084
2008-12-05,6023.156464
2008-12-08,6257.91727
2008-12-09,6108.273245
2008-12-10,6172.83298
2008-12-11,5985.314526
2008-12-12,6019.552525
2008-12-15,5949.009644
2008-12-16,6250.7171
2008-12-17,6181.982026
2008-12-18,6050.44616
2008-12-19,6077.09466
2008-12-22,5972.234434
2008-12-23,5911.35126
2008-12-24,5934.6734
2008-12-26,5971.17392
2008-12-29,5951.353784
2008-12-30,6083.783712
2008-12-31,6162.87475
2009-01-02,6357.6714
2009-01-05,6334.947225
2009-01-06,6390.07655
2009-01-07,6195.592775
2009-01-08,6217.731631
2009-01-09,6085.987425
2009-01-12,5949.619516
2009-01-13,5957.987218
2009-01-14,5759.3077
2009-01-15,5768.22851
2009-01-16,5812.610488
2009-01-20,5508.51002
2009-01-21,5746.989528
2009-01-22,5658.03125
2009-01-23,5690.288415
2009-01-26,5721.887829
2009-01-27,5784.402687
2009-01-28,5978.513373
2009-01-29,5780.504058
2009-01-30,5644.8898
2009-02-02,5652.2004
2009-02-03,5735.827655
2009-02-04,5687.45982
2009-02-05,5782.2306
2009-02-06,5936.35984
2009-02-09,5949.786633
2009-02-10,5645.118852
2009-02-11,5697.112168
2009-02-12,5708.52365
2009-02-13,5655.337548
2009-02-17,5394.76612
2009-02-18,5391.137118
2009-02-19,5324.44437
2009-02-20,5264.98586
2009-02-23,5081.40388
2009-02-24,5286.190122
2009-02-25,5229.92726
2009-02-26,5146.797578
2009-02-27,5027.721564
2009-03-02,4796.41208
2009-03-03,4763.872062
2009-03-04,4878.454558
2009-03-05,4669.18804
2009-03-06,4674.3192
2009-03-09,4627.803465
2009-03-10,4923.07144
2009-03-11,4934.390944
2009-03-12,5134.160712
2009-03-13,5173.44021
2009-03-16,5155.325987
2009-03-17,5320.084252
2009-03-18,5429.22338
2009-03-19,5350.68098
2009-03-20,5247.360558
2009-03-23,5623.670696
2009-03-24,5505.39654
2009-03-25,5559.532892
2009-03-26,5690.266092
2009-03-27,5574.09411
2009-03-30,5384.027598
2009-03-31,5452.164858
2009-04-01,5543.082936
2009-04-02,5702.57011
2009-04-03,5758.319
2009-04-06,5710.338704
2009-04-07,5575.507575
2009-04-08,5640.38118
2009-04-09,5854.15932
2009-04-13,5869.677169
2009-04-14,5749.38045
2009-04-15,5821.69995
2009-04-16,5911.81613
2009-04-17,5941.62896
2009-04-20,5688.220304
2009-04-21,5802.561072
2009-04-22,5761.362145
2009-04-23,5815.887456
2009-04-24,5913.319095
2009-04-27,5854.392272
2009-04-28,5838.006288
2009-04-29,5962.15618
2009-04-30,5951.254985
2009-05-01,5983.37012
2009-05-04,6189.554176
2009-05-05,6163.28334
2009-05-06,6269.447493
2009-05-07,6189.760885
2009-05-08,6338.649522
2009-05-11,6204.290064
2009-05-12,6196.309525
2009-05-13,6030.5442
2009-05-14,6094.934829
2009-05-15,6025.656
2009-05-18,6210.59017
2009-05-19,6197.623998
2009-05-20,6166.18275
2009-05-21,6062.585751
2009-05-22,6052.1784
2009-05-26,6220.102824
2009-05-27,6098.081598
2009-05-28,6192.107289
2009-05-29,6276.163662
2009-06-01,6436.596342
2009-06-02,6453.329992
2009-06-03,6364.666208
2009-06-04,6440.111918
2009-06-05,6423.728979
2009-06-08,6421.181922
2009-06-09,6441.886022
2009-06-10,6417.39978
2009-06-11,6460.118441
2009-06-12,6467.723834
2009-06-15,6314.827036
2009-06-16,6232.40298
2009-06-17,6226.433199
2009-06-18,6276.783439
2009-06-19,6297.804649
2009-06-22,6104.37492
2009-06-23,6117.73997
2009-06-24,6156.303208
2009-06-25,6289.608996
2009-06-26,6279.30315
2009-06-29,6336.226205
2009-06-30,6279.41526
2009-07-01,6310.129553
2009-07-02,6123.803588
2009-07-06,6142.211968
2009-07-07,6019.901784
2009-07-08,6009.857568
2009-07-09,6030.293224
2009-07-10,6006.831551
2009-07-13,6156.69444
2009-07-14,6189.514136
2009-07-15,6371.789956
2009-07-16,6426.383088
2009-07-17,6424.111932
2009-07-20,6496.978804
2009-07-21,6520.73598
2009-07-22,6516.965949
2009-07-23,6668.939361
2009-07-24,6689.716764
2009-07-27,6709.468016
2009-07-28,6691.490334
2009-07-29,6661.737225
2009-07-30,6741.772025
2009-07-31,6746.562108
2009-08-03,6849.767634
2009-08-04,6869.79628
2009-08-05,6849.379776
2009-08-06,6811.352604
2009-08-07,6903.397264
2009-08-10,6882.82353
2009-08-11,6797.476035
2009-08-12,6874.811931
2009-08-13,6920.591728
2009-08-14,6862.352696
2009-08-17,6697.630226
2009-08-18,6763.305813
2009-08-19,6809.907286
2009-08-20,6882.150366
2009-08-21,7009.904482
2009-08-24,7005.873784
2009-08-25,7022.782
2009-08-26,7023.293344
2009-08-27,7043.449164
2009-08-28,7027.694793
2009-08-31,6971.242848
2009-09-01,6816.812808
2009-09-02,6794.9383
2009-09-03,6852.731144
2009-09-04,6941.80872
2009-09-08,7000.952764
2009-09-09,7056.677056
2009-09-10,7130.745302
2009-09-11,7120.281805
2009-09-14,7165.837926
2009-09-15,7188.305007
2009-09-16,7294.500752
2009-09-17,7273.567485
2009-09-18,7294.45923
2009-09-21,7270.456674
2009-09-22,7316.22282
2009-09-23,7241.710794
2009-09-24,7173.464904
2009-09-25,7131.54883
2009-09-28,7256.96446
2009-09-29,7241.84508
2009-09-30,7216.15662
2009-10-01,7030.271025
2009-10-02,6998.596065
2009-10-05,7102.70019
2009-10-06,7200.04608
2009-10-07,7219.56987
2009-10-08,7273.49922
2009-10-09,7313.454995
2009-10-12,7343.167227
2009-10-13,7326.238854
2009-10-14,7454.456126
2009-10-15,7486.7634
2009-10-16,7425.373824
2009-10-19,7495.211988
2009-10-20,7448.230196
2009-10-21,7383.15036
2009-10-22,7463.48239
2009-10-23,7372.0486
2009-10-26,7284.814515
2009-10-27,7262.452254
2009-10-28,7119.286166
2009-10-29,7279.39908
2009-10-30,7074.587225
2009-11-02,7120.680352
2009-11-03,7137.954939
2009-11-04,7144.4555
2009-11-05,7282.522988
2009-11-06,7300.53882
2009-11-09,7462.45716
2009-11-10,7461.542066
2009-11-11,7498.319409
2009-11-12,7422.370032
2009-11-13,7464.422524
2009-11-16,7573.1911
2009-11-17,7579.59948
2009-11-18,7576.6046
2009-11-19,7476.52465
2009-11-20,7451.724364
2009-11-23,7553.40672
2009-11-24,7551.036675
2009-11-25,7582.604199
2009-11-27,7453.130316
2009-11-30,7480.413825
2009-12-01,7571.29608
2009-12-02,7572.78148
2009-12-03,7509.15384
2009-12-04,7550.083068
2009-12-07,7534.53555
2009-12-08,7455.329544
2009-12-09,7482.70822
2009-12-10,7526.40486
2009-12-11,7554.124916
2009-12-14,7607.254491
2009-12-15,7564.392075
2009-12-16,7573.370122
2009-12-17,7485.787968
2009-12-18,7527.775407
2009-12-21,7607.290425
2009-12-22,7634.39957
2009-12-23,7651.948815
2009-12-24,7691.60544
2009-12-28,7702.962956
2009-12-29,7691.04504
2009-12-30,7688.37971
2009-12-31,7612.7877
2010-01-04,7736.622215
2010-01-05,7758.794736
2010-01-06,7764.164492
2010-01-07,7795.573489
2010-01-08,7817.465448
2010-01-11,7829.629574
2010-01-12,7756.97394
2010-01-13,7824.765264
2010-01-14,7840.53642
2010-01-15,7755.67681
2010-01-19,7853.540394
2010-01-20,7769.39908
2010-01-21,7622.097312
2010-01-22,7453.44552
2010-01-25,7487.607382
2010-01-26,7455.807722
2010-01-27,7493.5105
2010-01-28,7403.977857
2010-01-29,7331.203103
2010-02-01,7435.90013
2010-02-02,7532.475972
2010-02-03,7491.13056
2010-02-04,7259.446635
2010-02-05,7280.478415
2010-02-08,7213.941284
2010-02-09,7308.225936
2010-02-10,7293.725705
2010-02-11,7370.048286
2010-02-12,7349.390034
2010-02-16,7481.684658
2010-02-17,7513.391634
2010-02-18,7562.533425
2010-02-19,7574.632847
2010-02-22,7564.827474
2010-02-23,7473.60042
2010-02-24,7545.47348
2010-02-25,7529.550792
2010-02-26,7539.359189
2010-03-01,7616.282744
2010-03-02,7634.255046
2010-03-03,7636.636782
2010-03-04,7665.730111
2010-03-05,7773.33555
2010-03-08,7771.74255
2010-03-09,7785.053835
2010-03-10,7819.819299
2010-03-11,7853.378624
2010-03-12,7849.371744
2010-03-15,7853.496311
2010-03-16,7914.47396
2010-03-17,7960.54946
2010-03-18,7958.188746
2010-03-19,7918.17334
2010-03-22,7958.518546
2010-03-23,8015.236671
2010-03-24,7971.557352
2010-03-25,7958.555283
2010-03-26,7964.30993
2010-03-29,8008.869008
2010-03-30,8008.506366
2010-03-31,7982.412237
2010-04-01,8042.18184
2010-04-05,8104.990464
2010-04-06,8118.52272
2010-04-07,8070.812475
2010-04-08,8096.385204
2010-04-09,8149.664258
2010-04-12,8166.813536
2010-04-13,8172.29088
2010-04-14,8263.65477
2010-04-15,8270.980587
2010-04-16,8136.883315
2010-04-19,8174.511024
2010-04-20,8239.418118
2010-04-21,8233.675944
2010-04-22,8250.864888
2010-04-23,8310.9792
2010-04-26,8274.301735
2010-04-27,8079.649347
2010-04-28,8131.032
2010-04-29,8237.359602
2010-04-30,8099.396588
2010-05-03,8205.4245
2010-05-04,8011.5804
2010-05-05,7958.578381
2010-05-06,7701.42879
2010-05-07,7582.533616
2010-05-10,7917.012818
2010-05-11,7892.88991
2010-05-12,7999.811259
2010-05-13,7902.884576
2010-05-14,7753.060224
2010-05-17,7762.685238
2010-05-18,7652.14992
2010-05-19,7612.89237
2010-05-20,7316.602202
2010-05-21,7424.789478
2010-05-24,7331.633755
2010-05-25,7337.021139
2010-05-26,7293.350935
2010-05-27,7533.458576
2010-05-28,7441.541828
2010-06-01,7311.557377
2010-06-02,7501.715724
2010-06-03,7530.564372
2010-06-04,7271.746056
2010-06-07,7177.126181
2010-06-08,7252.8228
2010-06-09,7208.779165
2010-06-10,7423.877988
2010-06-11,7458.13868
2010-06-14,7445.768679
2010-06-15,7620.701159
2010-06-16,7616.464513
2010-06-17,7621.771972
2010-06-18,7629.464272
2010-06-21,7566.53172
2010-06-22,7462.675623
2010-06-23,7439.085684
2010-06-24,7300.662524
2010-06-25,7313.461596
2010-06-28,7303.315005
2010-06-29,7078.245396
2010-06-30,6989.966007
2010-07-01,6966.59597
2010-07-02,6924.502728
2010-07-06,6970.76083
2010-07-07,7185.873898
2010-07-08,7252.335075
2010-07-09,7300.915284
2010-07-12,7304.21625
2010-07-13,7417.861548
2010-07-14,7416.053172
2010-07-15,7432.051088
2010-07-16,7214.774976
2010-07-19,7261.14675
2010-07-20,7344.152484
2010-07-21,7248.61143
2010-07-22,7414.754499
2010-07-23,7476.475864
2010-07-26,7558.764291
2010-07-27,7549.941672
2010-07-28,7497.570366
2010-07-29,7464.297739
2010-07-30,7462.2384
2010-08-02,7626.913398
2010-08-03,7589.211718
2010-08-04,7634.2329
2010-08-05,7623.422415
2010-08-06,7591.596012
2010-08-09,7632.206046
2010-08-10,7592.042532
2010-08-11,7381.050303
2010-08-12,7352.077128
2010-08-13,7334.690925
2010-08-16,7344.209458
2010-08-17,7420.859442
2010-08-18,7431.425304
2010-08-19,7303.420137
2010-08-20,7277.632452
2010-08-23,7258.048
2010-08-24,7149.455203
2010-08-25,7175.821868
2010-08-26,7120.991278
2010-08-27,7237.08282
2010-08-30,7135.80276
2010-08-31,7143.313975
2010-09-01,7357.747161
2010-09-02,7421.07377
2010-09-03,7512.214314
2010-09-07,7415.122176
2010-09-08,7465.942554
2010-09-09,7489.432104
2010-09-10,7511.320635
2010-09-13,7584.044
2010-09-14,7560.6984
2010-09-15,7581.84673
2010-09-16,7563.3385
2010-09-17,7568.579719
2010-09-20,7672.15494
2010-09-21,7644.048548
2010-09-22,7604.21312
2010-09-23,7543.784878
2010-09-24,7700.68368
2010-09-27,7642.992072
2010-09-28,7681.44133
2010-09-29,7655.267402
2010-09-30,7636.56804
2010-10-01,7668.3456
2010-10-04,7608.208839
2010-10-05,7767.622925
2010-10-06,7762.287246
2010-10-07,7749.505908
2010-10-08,7773.8808
2010-10-11,7771.51908
2010-10-12,7806.694049
2010-10-13,7850.74059
2010-10-14,7807.245072
2010-10-15,7810.960171
2010-10-18,7871.450182
2010-10-19,7746.93914
2010-10-20,7837.775925
2010-10-21,7849.555182
2010-10-22,7878.011412
2010-10-25,7894.095084
2010-10-26,7899.445064
2010-10-27,7899.94845
2010-10-28,7916.055238
2010-10-29,7893.172482
2010-11-01,7925.515646
2010-11-02,7971.257245
2010-11-03,7998.539328
2010-11-04,8135.068038
2010-11-05,8159.01243
2010-11-08,8172.7779
2010-11-09,8061.8296
2010-11-10,8085.044011
2010-11-11,8039.7025
2010-11-12,7959.276691
2010-11-15,7957.491675
2010-11-16,7822.527924
2010-11-17,7828.19478
2010-11-18,7938.123446
2010-11-19,7966.327173
2010-11-22,7956.412632
2010-11-23,7845.006266
2010-11-24,7973.10189
2010-11-26,7931.63284
2010-11-29,7911.07548
2010-11-30,7870.72685
2010-12-01,8036.165017
2010-12-02,8137.099942
2010-12-03,8160.610143
2010-12-06,8132.280256
2010-12-07,8132.675375
2010-12-08,8184.02964
2010-12-09,8205.8616
2010-12-10,8255.23412
2010-12-13,8269.402544
2010-12-14,8264.643835
2010-12-15,8220.208604
2010-12-16,8282.237106
2010-12-17,8278.843005
2010-12-20,8323.884876
2010-12-21,8353.7541
2010-12-22,8368.1389
2010-12-23,8354.378575
2010-12-27,8339.125002
2010-12-28,8337.251197
2010-12-29,8342.89305
2010-12-30,8305.1527
2010-12-31,8288.602184
2011-01-03,8381.368926
2011-01-04,8392.2114
2011-01-05,8449.933608
2011-01-06,8440.912255
2011-01-07,8427.7563
2011-01-10,8427.203775
2011-01-11,8436.165464
2011-01-12,8492.994224
2011-01-13,8481.417192
2011-01-14,8520.899712
2011-01-18,8525.246162
2011-01-19,8438.2384
2011-01-20,8431.408282
2011-01-21,8448.934725
2011-01-24,8495.276208
2011-01-25,8499.321468
2011-01-26,8534.029671
2011-01-27,8553.702234
2011-01-28,8400.997514
2011-01-31,8494.8226
2011-02-01,8624.732881
2011-02-02,8552.480755
2011-02-03,8572.61535
2011-02-04,8597.340895
2011-02-07,8656.265625
2011-02-08,8681.894065
2011-02-09,8708.033488
2011-02-10,8707.025503
2011-02-11,8761.49097
2011-02-14,8789.048576
2011-02-15,8750.523492
2011-02-16,8805.547008
2011-02-18,8828.276235
2011-02-22,8655.5952
2011-02-23,8595.37056
2011-02-24,8586.95445
2011-02-25,8679.134916
2011-02-28,8721.958952
2011-03-01,8582.849366
2011-03-02,8599.7219
2011-03-03,8747.667228
2011-03-04,8676.652625
2011-03-07,8589.867345
2011-03-08,8682.506852
2011-03-09,8659.99121
2011-03-10,8513.664607
2011-03-11,8574.98886
2011-03-14,8517.2823
2011-03-15,8424.962388
2011-03-16,8259.712608
2011-03-17,8375.34586
2011-03-18,8403.642174
2011-03-21,8523.8647
2011-03-22,8477.427925
2011-03-23,8509.26732
2011-03-24,8592.02443
2011-03-25,8614.71798
2011-03-28,8601.266331
2011-03-29,8656.84584
2011-03-30,8708.07256
2011-03-31,8682.330338
2011-04-01,8724.354198
2011-04-04,8716.9698
2011-04-05,8717.798934
2011-04-06,8740.040868
2011-04-07,8724.222473
2011-04-08,8679.989401
2011-04-11,8659.584372
2011-04-12,8595.394896
2011-04-13,8587.697735
2011-04-14,8585.393024
2011-04-15,8621.073536
2011-04-18,8521.128546
2011-04-19,8572.06491
2011-04-20,8681.397216
2011-04-21,8684.94572
2011-04-25,8716.24495
2011-04-26,8794.513272
2011-04-27,8827.515656
2011-04-28,8845.568864
2011-04-29,8851.19251
2011-05-02,8837.72085
2011-05-03,8813.96014
2011-05-04,8748.552956
2011-05-05,8669.20483
2011-05-06,8702.18664
2011-05-09,8742.80726
2011-05-10,8810.275572
2011-05-11,8712.78336
2011-05-12,8764.471755
2011-05-13,8692.82946
2011-05-16,8653.121389
2011-05-17,8646.210982
2011-05-18,8722.46408
2011-05-19,8740.118
2011-05-20,8656.92211
2011-05-23,8569.49185
2011-05-24,8553.84558
2011-05-25,8575.13218
2011-05-26,8604.390945
2011-05-27,8642.8323
2011-05-31,8716.2234
2011-06-01,8516.96945
2011-06-02,8512.183902
2011-06-03,8424.126688
2011-06-06,8333.481281
2011-06-07,8328.98108
2011-06-08,8285.918736
2011-06-09,8348.853
2011-06-10,8236.331694
2011-06-13,8245.146707
2011-06-14,8344.882452
2011-06-15,8202.199356
2011-06-16,8208.222528
2011-06-17,8227.8765
2011-06-20,8274.82428
2011-06-21,8375.795904
2011-06-22,8318.78582
2011-06-23,8301.4213
2011-06-24,8213.21375
2011-06-27,8298.24825
2011-06-28,8388.806565
2011-06-29,8450.313794
2011-06-30,8536.881088
2011-07-01,8660.96655
2011-07-05,8653.541628
2011-07-06,8662.07496
2011-07-07,8749.514554
2011-07-08,8686.9951
2011-07-11,8533.405728
2011-07-12,8502.272172
2011-07-13,8522.749416
2011-07-14,8455.3002
2011-07-15,8504.89668
2011-07-18,8444.89136
2011-07-19,8575.319355
2011-07-20,8563.335392
2011-07-21,8673.5571
2011-07-22,8671.881948
2011-07-25,8619.468864
2011-07-26,8579.69151
2011-07-27,8408.189204
2011-07-28,8379.436408
2011-07-29,8318.40636
2011-08-01,8280.043266
2011-08-02,8073.699305
2011-08-03,8109.405662
2011-08-04,7726.410681
2011-08-05,7724.726828
2011-08-08,7203.948992
2011-08-09,7540.305924
2011-08-10,7192.701452
2011-08-11,7498.44648
2011-08-12,7532.242257
2011-08-15,7697.654692
2011-08-16,7613.148528
2011-08-17,7625.614208
2011-08-18,7286.814395
2011-08-19,7181.041995
2011-08-22,7193.00991
2011-08-23,7437.18024
2011-08-24,7523.0976
2011-08-25,7408.199008
2011-08-26,7516.45696
2011-08-29,7721.762496
2011-08-30,7739.399936
2011-08-31,7775.29931
2011-09-01,7686.00623
2011-09-02,7493.45051
2011-09-06,7446.46622
2011-09-07,7662.77766
2011-09-08,7570.54842
2011-09-09,7373.452086
2011-09-12,7425.045668
2011-09-13,7505.19513
2011-09-14,7598.04256
2011-09-15,7725.00379
2011-09-16,7761.79183
2011-09-19,7690.041194
2011-09-20,7674.262769
2011-09-21,7446.378996
2011-09-22,7216.532928
2011-09-23,7259.51484
2011-09-26,7440.5541
2011-09-27,7520.551392
2011-09-28,7359.87764
2011-09-29,7423.54296
2011-09-30,7220.948724
2011-10-03,7007.59125
2011-10-04,7165.18125
2011-10-05,7293.19125
2011-10-06,7431.34363
2011-10-07,7366.0575
2011-10-10,7585.520187
2011-10-11,7621.5675
2011-10-12,7677.264925
2011-10-13,7682.96178
2011-10-14,7811.59582
2011-10-17,7649.598286
2011-10-18,7819.027242
2011-10-19,7716.251676
2011-10-20,7759.414377
2011-10-21,7904.74035
2011-10-24,7995.712088
2011-10-25,7817.98705
2011-10-26,7891.4196
2011-10-27,8169.350105
2011-10-28,8171.630292
2011-10-31,7964.97216
2011-11-01,7742.1694
2011-11-02,7868.21619
2011-11-03,8010.06811
2011-11-04,7946.73143
2011-11-07,8007.859776
2011-11-08,8098.009056
2011-11-09,7792.98564
2011-11-10,7867.940523
2011-11-11,8015.3367
2011-11-14,7955.938146
2011-11-15,7983.697413
2011-11-16,7848.317641
2011-11-17,7724.492921
2011-11-18,7727.64392
2011-11-21,7589.619462
2011-11-22,7557.241244
2011-11-23,7387.009357
2011-11-25,7394.168472
2011-11-28,7614.43175
2011-11-29,7622.085187
2011-11-30,7954.108448
2011-12-01,7926.10773
2011-12-02,7913.994084
2011-12-05,8000.05712
2011-12-06,8009.784009
2011-12-07,8026.454751
2011-12-08,7853.798745
2011-12-09,7988.531236
2011-12-12,7865.062023
2011-12-13,7802.384315
2011-12-14,7720.747584
2011-12-15,7749.1905
2011-12-16,7742.889544
2011-12-19,7639.146695
2011-12-20,7878.5311
2011-12-21,7883.692336
2011-12-22,7949.733
2011-12-23,8018.775809
2011-12-27,7999.795374
2011-12-28,7899.224368
2011-12-29,7981.02338
2011-12-30,7915.20864
2012-01-03,8037.943346
2012-01-04,8039.96485
2012-01-05,8072.727696
2012-01-06,8062.214414
2012-01-09,8087.10822
2012-01-10,8159.226784
2012-01-11,8162.528192
2012-01-12,8185.09855
2012-01-13,8130.032812
2012-01-17,8168.103013
2012-01-18,8256.217676
2012-01-19,8303.30215
2012-01-20,8331.61692
2012-01-23,8335.544
2012-01-24,8326.9931
2012-01-25,8399.2007
2012-01-26,8350.93562
2012-01-27,8337.63422
2012-01-30,8316.342738
2012-01-31,8279.99469
2012-02-01,8351.830084
2012-02-02,8353.55308
2012-02-03,8476.9047
2012-02-06,8485.948692
2012-02-07,8492.88084
2012-02-08,8497.728208
2012-02-09,8510.52525
2012-02-10,8457.96068
2012-02-13,8512.906752
2012-02-14,8507.47475
2012-02-15,8462.617646
2012-02-16,8557.960668
2012-02-17,8574.115524
2012-02-21,8577.155265
2012-02-22,8549.18502
2012-02-23,8588.43454
2012-02-24,8601.157372
2012-02-27,8618.005144
2012-02-28,8643.499038
2012-02-29,8595.316784
2012-03-01,8657.316636
2012-03-02,8627.29937
2012-03-05,8604.692877
2012-03-06,8473.780544
2012-03-07,8534.960037
2012-03-08,8627.633924
2012-03-09,8651.149309
2012-03-12,8673.926667
2012-03-13,8832.17565
2012-03-14,8828.720388
2012-03-15,8876.91514
2012-03-16,8878.56691
2012-03-19,8913.28535
2012-03-20,8888.930136
2012-03-21,8870.192892
2012-03-22,8774.096166
2012-03-23,8810.315371
2012-03-26,8945.402301
2012-03-27,8908.05738
2012-03-28,8862.351362
2012-03-29,8848.803024
2012-03-30,8870.54406
2012-04-02,8937.82344
2012-04-03,8901.46724
2012-04-04,8810.65008
2012-04-05,8826.77808
2012-04-09,8720.16158
2012-04-10,8574.06149
2012-04-11,8635.19139
2012-04-12,8751.820261
2012-04-13,8637.43391
2012-04-16,8649.793249
2012-04-17,8764.973716
2012-04-18,8731.92256
2012-04-19,8679.965988
2012-04-20,8696.594358
2012-04-23,8623.751072
2012-04-24,8653.563578
2012-04-25,8768.30045
2012-04-26,8827.853886
2012-04-27,8855.061264
2012-04-30,8820.672309
2012-05-01,8870.583618
2012-05-02,8845.77148
2012-05-03,8774.266321
2012-05-04,8633.5446
2012-05-07,8639.036724
2012-05-08,8602.209388
2012-05-09,8547.535258
2012-05-10,8574.756257
2012-05-11,8540.161578
2012-05-14,8460.111855
2012-05-15,8406.976814
2012-05-16,8375.91552
2012-05-17,8254.54436
2012-05-18,8196.540726
2012-05-21,8327.58472
2012-05-22,8325.05149
2012-05-23,8354.714328
2012-05-24,8379.450464
2012-05-25,8360.381862
2012-05-29,8458.601886
2012-05-30,8349.957228
2012-05-31,8345.229704
2012-06-01,8140.47578
2012-06-04,8134.720974
2012-06-05,8185.42125
2012-06-06,8369.750346
2012-06-07,8368.201863
2012-06-08,8444.719332
2012-06-11,8336.836956
2012-06-12,8435.68869
2012-06-13,8374.47072
2012-06-14,8467.03155
2012-06-15,8547.982304
2012-06-18,8549.169894
2012-06-19,8629.419708
2012-06-20,8621.917262
2012-06-21,8436.738599
2012-06-22,8497.268798
2012-06-25,8359.725848
2012-06-26,8398.964371
2012-06-27,8466.437265
2012-06-28,8449.3718
2012-06-29,8654.755992
2012-07-02,8669.213337
2012-07-03,8728.324648
2012-07-05,8692.33848
2012-07-06,8621.725392
2012-07-09,8617.063644
2012-07-10,8539.663873
2012-07-11,8542.89018
2012-07-12,8507.09286
2012-07-13,8655.170976
2012-07-16,8634.328104
2012-07-17,8690.396176
2012-07-18,8743.784932
2012-07-19,8772.360579
2012-07-20,8685.186042
2012-07-23,8624.555772
2012-07-24,8546.44766
2012-07-25,8547.110265
2012-07-26,8682.639684
2012-07-27,8843.735973
2012-07-30,8837.52135
2012-07-31,8775.23384
2012-08-01,8757.57909
2012-08-02,8691.501
2012-08-03,8863.944676
2012-08-06,8886.82202
2012-08-07,8921.83491
2012-08-08,8920.92364
2012-08-09,8920.82604
2012-08-10,8941.895548
2012-08-13,8932.526587
2012-08-14,8927.310084
2012-08-15,8942.262966
2012-08-16,9010.995109
2012-08-17,9017.086728
2012-08-20,9018.314109
2012-08-21,8982.10852
2012-08-22,8977.923084
2012-08-23,8908.535904
2012-08-24,8967.307811
2012-08-27,8965.884992
2012-08-28,8953.2829
2012-08-29,8958.586186
2012-08-30,8886.418104
2012-08-31,8929.67313
2012-09-04,8917.15418
2012-09-05,8911.001936
2012-09-06,9083.93716
2012-09-07,9120.582768
2012-09-10,9057.366132
2012-09-11,9081.745956
2012-09-12,9088.540496
2012-09-13,9241.298703
2012-09-14,9256.190973
2012-09-17,9231.067825
2012-09-18,9221.297148
2012-09-19,9218.202765
2012-09-20,9205.186988
2012-09-21,9206.683795
2012-09-24,9191.956077
2012-09-25,9090.954858
2012-09-26,9032.78264
2012-09-27,9120.373445
2012-09-28,9053.890615
2012-10-01,9077.897405
2012-10-02,9085.815875
2012-10-03,9118.746655
2012-10-04,9184.1683
2012-10-05,9181.214585
2012-10-08,9154.282264
2012-10-09,9063.737944
2012-10-10,9001.204248
2012-10-11,8993.93668
2012-10-12,8953.259248
2012-10-15,9030.191152
2012-10-16,9113.327896
2012-10-17,9137.261595
2012-10-18,9108.812202
2012-10-19,8962.883622
2012-10-22,8967.970572
2012-10-23,8828.969969
2012-10-24,8801.87
2012-10-25,8819.334849
2012-10-26,8822.50709
2012-10-31,8807.924352
2012-11-01,8909.731949
2012-11-02,8826.7293
2012-11-05,8851.355604
2012-11-06,8921.152584
2012-11-07,8707.026961
2012-11-08,8599.657179
2012-11-09,8617.43922
2012-11-12,8596.344873
2012-11-13,8557.82378
2012-11-14,8438.196348
2012-11-15,8435.576556
2012-11-16,8479.667728
2012-11-19,8646.565705
2012-11-20,8649.664606
2012-11-21,8666.673312
2012-11-23,8777.172605
2012-11-26,8754.858395
2012-11-27,8704.624362
2012-11-28,8780.198082
2012-11-29,8818.81979
2012-11-30,8818.128006
2012-12-03,8777.975934
2012-12-04,8759.73048
2012-12-05,8773.190784
2012-12-06,8806.442502
2012-12-07,8834.717907
2012-12-10,8860.83072
2012-12-11,8919.00256
2012-12-12,8929.857024
2012-12-13,8846.29629
2012-12-14,8822.85957
2012-12-17,8920.869248
2012-12-18,9016.973996
2012-12-19,8945.527043
2012-12-20,8994.477438
2012-12-21,8907.83229
2012-12-24,8893.227776
2012-12-26,8853.065999
2012-12-27,8843.2716
2012-12-28,8739.523031
2012-12-31,8885.591557
2013-01-02,9111.315326
2013-01-03,9092.312911
2013-01-04,9136.841335
2013-01-07,9106.989944
2013-01-08,9069.447315
2013-01-09,9096.602724
2013-01-10,9162.033244
2013-01-11,9150.410005
2013-01-14,9146.453056
2013-01-15,9148.531824
2013-01-16,9154.604395
2013-01-17,9205.52304
2013-01-18,9235.960092
2013-01-22,9283.424688
2013-01-23,9294.72858
2013-01-24,9294.940242
2013-01-25,9349.16268
2013-01-28,9335.020068
2013-01-29,9385.248512
2013-01-30,9342.94218
2013-01-31,9316.446468
2013-02-01,9423.114858
2013-02-04,9322.461288
2013-02-05,9414.429926
2013-02-06,9423.078204
2013-02-07,9407.273175
2013-02-08,9460.498725
2013-02-11,9454.764825
2013-02-12,9469.847475
2013-02-13,9475.456725
2013-02-14,9482.00085
2013-02-15,9472.091175
2013-02-19,9559.648642
2013-02-20,9430.93932
2013-02-21,9375.85201
2013-02-22,9449.91756
2013-02-25,9275.108115
2013-02-26,9325.18773
2013-02-27,9440.524527
2013-02-28,9423.430152
2013-03-01,9447.15132
2013-03-04,9494.52252
2013-03-05,9579.03359
2013-03-06,9584.952426
2013-03-07,9605.606052
2013-03-08,9640.118346
2013-03-11,9676.731582
2013-03-12,9650.526176
2013-03-13,9659.476376
2013-03-14,9716.256065
2013-03-15,9697.40945
2013-03-18,9647.54318
2013-03-19,9624.016938
2013-03-20,9682.550649
2013-03-21,9606.06494
2013-03-22,9671.712058
2013-03-25,9637.081083
2013-03-26,9712.57547
2013-03-27,9711.5499
2013-03-28,9751.731255
2013-04-01,9697.95136
2013-04-02,9733.35165
2013-04-03,9634.43169
2013-04-04,9674.21597
2013-04-05,9632.66592
2013-04-08,9696.192131
2013-04-09,9729.303525
2013-04-10,9834.558393
2013-04-11,9873.157868
2013-04-12,9838.000315
2013-04-15,9603.985612
2013-04-16,9735.251396
2013-04-17,9579.471323
2013-04-18,9529.153893
2013-04-19,9607.7124
2013-04-22,9660.3125
2013-04-23,9755.597376
2013-04-24,9754.711894
2013-04-25,9782.180876
2013-04-26,9754.5096
2013-04-29,9824.60565
2013-04-30,9849.01905
2013-05-01,9757.3455
2013-05-02,9834.444522
2013-05-03,9937.885194
2013-05-06,9974.63725
2013-05-07,10006.320436
2013-05-08,10026.512559
2013-05-09,9972.951103
2013-05-10,10033.69529
2013-05-13,10041.967305
2013-05-14,10137.708552
2013-05-15,10194.696002
2013-05-16,10148.74003
2013-05-17,10240.266764
2013-05-20,10229.187681
2013-05-21,10241.298096
2013-05-22,10149.116385
2013-05-23,10124.22834
2013-05-24,10114.68736
2013-05-28,10162.05729
2013-05-29,10099.007212
2013-05-30,10143.022269
2013-05-31,10004.263752
2013-06-03,10058.563314
2013-06-04,9998.238606
2013-06-05,9859.01742
2013-06-06,9956.352672
2013-06-07,10079.67123
2013-06-10,10076.175135
2013-06-11,9973.868355
2013-06-12,9890.39142
2013-06-13,10038.086784
2013-06-14,9973.156284
2013-06-17,10039.12
2013-06-18,10123.117585
2013-06-19,9980.291217
2013-06-20,9732.745958
2013-06-21,9767.010162
2013-06-24,9666.795359
2013-06-25,9758.920759
2013-06-26,9855.23922
2013-06-27,9919.5668
2013-06-28,9858.704128
2013-07-01,9904.065192
2013-07-02,9899.15264
2013-07-03,9903.755628
2013-07-05,10007.728614
2013-07-08,10062.253548
2013-07-09,10127.89544
2013-07-10,10137.336342
2013-07-11,10276.582704
2013-07-12,10312.166125
2013-07-15,10326.512
2013-07-16,10283.8551
2013-07-17,10312.887123
2013-07-18,10374.927981
2013-07-19,10385.879211
2013-07-22,10412.080177
2013-07-23,10386.874386
2013-07-24,10344.92784
2013-07-25,10369.176675
2013-07-26,10372.690305
2013-07-29,10335.286225
2013-07-30,10337.800932
2013-07-31,10331.670597
2013-08-01,10463.795848
2013-08-02,10479.422265
2013-08-05,10455.720358
2013-08-06,10390.789929
2013-08-07,10347.016472
2013-08-08,10390.954072
2013-08-09,10354.704098
2013-08-12,10343.442181
2013-08-13,10371.308688
2013-08-14,10313.912644
2013-08-15,10154.8185
2013-08-16,10125.40045
2013-08-19,10078.660774
2013-08-20,10119.98281
2013-08-21,10059.52152
2013-08-22,10142.417856
2013-08-23,10182.2835
2013-08-26,10141.481736
2013-08-27,9981.309416
2013-08-28,10006.609184
2013-08-29,10026.255668
2013-08-30,9992.959915
2013-09-03,10036.376262
2013-09-04,10117.014908
2013-09-05,10128.924092
2013-09-06,10130.467985
2013-09-09,10232.53691
2013-09-10,10306.0188
2013-09-11,10334.941905
2013-09-12,10299.16356
2013-09-13,10328.473212
2013-09-16,10389.82128
2013-09-17,10435.68834
2013-09-18,10562.253024
2013-09-19,10542.787608
2013-09-20,10466.701092
2013-09-23,10416.96264
2013-09-24,10389.738078
2013-09-25,10359.7524
2013-09-26,10398.238538
2013-09-27,10353.340825
2013-09-30,10293.608325
2013-10-01,10375.9425
2013-10-02,10369.025205
2013-10-03,10275.91719
2013-10-04,10348.39575
2013-10-07,10260.36858
2013-10-08,10133.174995
2013-10-09,10138.99004
2013-10-10,10351.358448
2013-10-11,10424.60592
2013-10-14,10445.364106
2013-10-15,10362.580956
2013-10-16,10501.049692
2013-10-17,10569.09533
2013-10-18,10635.8676
2013-10-21,10629.515516
2013-10-22,10690.677909
2013-10-23,10624.10273
2013-10-24,10656.08974
2013-10-25,10706.44068
2013-10-28,10723.320405
2013-10-29,10791.52989
2013-10-30,10745.258478
2013-10-31,10705.23303
2013-11-01,10745.12318
2013-11-04,10782.60507
2013-11-05,10748.475496
2013-11-06,10787.064423
2013-11-07,10641.54122
2013-11-08,10784.077266
2013-11-11,10793.290746
2013-11-12,10768.76748
2013-11-13,10857.5478
2013-11-14,10908.815164
2013-11-15,10954.872196
2013-11-18,10914.179913
2013-11-19,10893.49191
2013-11-20,10853.531136
2013-11-21,10941.934465
2013-11-22,10997.666012
2013-11-25,10981.789648
2013-11-26,10983.614925
2013-11-27,11010.368052
2013-11-29,11003.161492
2013-12-02,10972.8837
2013-12-03,10936.77186
2013-12-04,10921.081396
2013-12-05,10873.153239
2013-12-06,10978.015853
2013-12-09,10980.965151
2013-12-10,10943.70602
2013-12-11,10821.105174
2013-12-12,10779.94825
2013-12-13,10778.500316
2013-12-16,10846.97761
2013-12-17,10812.6291
2013-12-18,10993.90467
2013-12-19,10986.62448
2013-12-20,11039.748048
2013-12-23,11096.264898
2013-12-24,11131.00238
2013-12-26,11189.718894
2013-12-27,11174.72004
2013-12-30,11160.014019
2013-12-31,11189.97144
2014-01-02,11084.761386
2014-01-03,11082.535555
2014-01-06,11056.708102
2014-01-07,11121.379456
2014-01-08,11119.019488
2014-01-09,11129.87715
2014-01-10,11150.207477
2014-01-13,10993.97136
2014-01-14,11109.041856
2014-01-15,11175.30548
2014-01-16,11178.156073
2014-01-17,11124.68661
2014-01-21,11155.9119
2014-01-22,11163.801318
2014-01-23,11065.474228
2014-01-24,10829.106152
2014-01-27,10774.87488
2014-01-28,10846.23825
2014-01-29,10743.84552
2014-01-30,10874.58559
2014-01-31,10804.27799
2014-02-03,10557.59529
2014-02-04,10638.2672
2014-02-05,10616.69004
2014-02-06,10748.75923
2014-02-07,10896.051068
2014-02-10,10905.950496
2014-02-11,11028.77685
2014-02-12,11029.081824
2014-02-13,11095.357188
2014-02-14,11154.784347
2014-02-18,11168.443148
2014-02-19,11112.2165
2014-02-20,11192.30163
2014-02-21,11185.516875
2014-02-24,11267.464824
2014-02-25,11300.43744
2014-02-26,11301.235968
2014-02-27,11363.830836
2014-02-28,11426.32025
2014-03-03,11344.410299
2014-03-04,11512.366085
2014-03-05,11483.082442
2014-03-06,11484.608055
2014-03-07,11504.87304
2014-03-10,11523.195762
2014-03-11,11467.621726
2014-03-12,11480.089
2014-03-13,11329.511508
2014-03-14,11323.317726
2014-03-17,11484.223506
2014-03-18,11593.159225
2014-03-19,11528.214458
2014-03-20,11657.942275
2014-03-21,11619.087
2014-03-24,11508.512496
2014-03-25,11570.015554
2014-03-26,11503.286064
2014-03-27,11487.715712
2014-03-28,11539.906964
2014-03-31,11640.712248
2014-04-01,11703.234088
2014-04-02,11734.35813
2014-04-03,11730.583839
2014-04-04,11586.498607
2014-04-07,11461.941992
2014-04-08,11476.225728
2014-04-09,11608.45209
2014-04-10,11388.192808
2014-04-11,11277.795297
2014-04-14,11384.746651
2014-04-15,11467.02156
2014-04-16,11586.175434
2014-04-17,11597.50215
2014-04-21,11657.007786
2014-04-22,11723.88108
2014-04-23,11698.120203
2014-04-24,11739.246029
2014-04-25,11653.14458
2014-04-28,11689.54579
2014-04-29,11754.58914
2014-04-30,11792.208235
2014-05-01,11790.518224
2014-05-02,11774.619602
2014-05-05,11770.64403
2014-05-06,11627.864404
2014-05-07,11709.512424
2014-05-08,11681.42364
2014-05-09,11698.422048
2014-05-12,11830.54404
2014-05-13,11819.405795
2014-05-14,11763.464517
2014-05-15,11656.705095
2014-05-16,11705.452524
2014-05-19,11757.997992
2014-05-20,11682.900823
2014-05-21,11769.601414
2014-05-22,11799.67515
2014-05-23,11852.655345
2014-05-27,11947.716781
2014-05-28,11943.76412
2014-05-29,11977.14714
2014-05-30,12018.273003
2014-06-02,12027.020063
2014-06-03,12035.351504
2014-06-04,12050.021152
2014-06-05,12141.070128
2014-06-06,12184.97472
2014-06-09,12176.510181
2014-06-10,12142.692355
2014-06-11,12106.741309
2014-06-12,12002.389035
2014-06-13,12022.58552
2014-06-16,12066.55606
2014-06-17,12092.383332
2014-06-18,12194.725172
2014-06-19,12205.796868
2014-06-20,12217.884315
2014-06-23,12218.228555
2014-06-24,12150.520378
2014-06-25,12216.493832
2014-06-26,12181.73728
2014-06-27,12194.22976
2014-06-30,12160.874874
2014-07-01,12234.584
2014-07-02,12263.574972
2014-07-03,12333.55328
2014-07-07,12268.94507
2014-07-08,12177.947565
2014-07-09,12231.348717
2014-07-10,12186.517104
2014-07-11,12205.820495
2014-07-14,12269.8826
2014-07-15,12250.12224
2014-07-16,12293.66028
2014-07-17,12147.784856
2014-07-18,12280.78976
2014-07-21,12254.860759
2014-07-22,12303.83659
2014-07-23,12317.077588
2014-07-24,12314.939706
2014-07-25,12249.287778
2014-07-28,12244.505625
2014-07-29,12175.275975
2014-07-30,12158.287005
2014-07-31,11919.95658
2014-08-01,11897.04197
2014-08-04,11980.049715
2014-08-05,11849.039847
2014-08-06,11834.43912
2014-08-07,11766.961297
2014-08-08,11891.254358
2014-08-11,11918.643528
2014-08-12,11908.0325
2014-08-13,11979.336192
2014-08-14,12029.24495
2014-08-15,12018.144832
2014-08-18,12112.39882
2014-08-19,12169.60008
2014-08-20,12197.1714
2014-08-21,12256.064055
2014-08-22,12231.6426
2014-08-25,12295.998848
2014-08-26,12305.12305
2014-08-27,12287.337196
2014-08-28,12265.574472
2014-08-29,12307.302921
2014-09-02,12310.417896
2014-09-03,12286.42152
2014-09-04,12262.77429
2014-09-05,12328.343255
2014-09-08,12290.45637
2014-09-09,12201.863216
2014-09-10,12232.382286
2014-09-11,12244.3685
2014-09-12,12180.692238
2014-09-15,12186.52646
2014-09-16,12285.930978
2014-09-17,12287.63823
2014-09-18,12350.75608
2014-09-19,12345.8664
2014-09-22,12245.937745
2014-09-23,12169.845706
2014-09-24,12262.76778
2014-09-25,12063.31464
2014-09-26,12149.120235
2014-09-29,12163.47
2014-09-30,12106.902165
2014-10-01,11946.50316
2014-10-02,11946.564545
2014-10-03,12080.9381
2014-10-06,12062.02998
2014-10-07,11879.5789
2014-10-08,12087.01571
2014-10-09,11820.312942
2014-10-10,11686.673643
2014-10-13,11483.71987
2014-10-14,11501.85135
2014-10-15,11409.427491
2014-10-16,11406.238308
2014-10-17,11554.51824
2014-10-20,11659.205235
2014-10-21,11882.57488
2014-10-22,11790.444402
2014-10-23,11938.04299
2014-10-24,12017.33586
2014-10-27,11998.309895
2014-10-28,12135.206165
2014-10-29,12114.23176
2014-10-30,12196.287425
2014-10-31,12335.734235
2014-11-03,12345.566923
2014-11-04,12304.39392
2014-11-05,12372.10698
2014-11-06,12414.75552
2014-11-07,12440.836584
2014-11-10,12473.13207
2014-11-11,12492.02016
2014-11-12,12486.72715
2014-11-13,12490.488384
2014-11-14,12503.07669
2014-11-17,12501.656076
2014-11-18,12559.68334
2014-11-19,12537.14204
2014-11-20,12570.014625
2014-11-21,12638.73115
2014-11-24,12709.695397
2014-11-25,12684.329595
2014-11-26,12725.310653
2014-11-28,12701.434592
2014-12-01,12632.76288
2014-12-02,12708.249225
2014-12-03,12757.544366
2014-12-04,12751.838832
2014-12-05,12763.940574
2014-12-08,12718.29363
2014-12-09,12745.754196
2014-12-10,12514.656324
2014-12-11,12595.843238
2014-12-12,12388.215477
2014-12-15,12316.804515
2014-12-16,12210.27423
2014-12-17,12473.87933
2014-12-18,12809.513835
2014-12-19,12879.235935
2014-12-22,12931.844464
2014-12-23,12963.173986
2014-12-24,12939.508764
2014-12-26,12977.319133
2014-12-29,13008.571825
2014-12-30,12902.3307
2014-12-31,12777.73929
2015-01-02,12773.39502
2015-01-05,12569.219948
2015-01-06,12442.21593
2015-01-07,12586.71411
2015-01-08,12815.375244
2015-01-09,12695.816328
2015-01-12,12581.702432
2015-01-13,12537.728425
2015-01-14,12461.627793
2015-01-15,12329.645625
2015-01-16,12534.53994
2015-01-20,12568.1257
2015-01-21,12622.51338
2015-01-22,12809.68572
2015-01-23,12779.76087
2015-01-26,12865.04086
2015-01-27,12671.495425
2015-01-28,12509.49568
2015-01-29,12625.94025
2015-01-30,12468.6875
2015-02-02,12649.914745
2015-02-03,12828.677734
2015-02-04,12754.742027
2015-02-05,12895.081292
2015-02-06,12834.35468
2015-02-09,12785.98478
2015-02-10,12910.07019
2015-02-11,12913.212231
2015-02-12,13041.51336
2015-02-13,13085.846697
2015-02-17,13137.836734
2015-02-18,13133.708368
2015-02-19,13119.759495
2015-02-20,13200.13753
2015-02-23,13196.134266
2015-02-24,13232.538948
2015-02-25,13231.283898
2015-02-26,13210.910586
2015-02-27,13194.3732
2015-03-02,13281.328775
2015-03-03,13225.054832
2015-03-04,13159.042218
2015-03-05,13165.11664
2015-03-06,12971.26575
2015-03-09,13025.54952
2015-03-10,12800.52992
2015-03-11,12776.594952
2015-03-12,12937.80528
2015-03-13,12853.2573
2015-03-16,13033.452375
2015-03-17,12963.21286
2015-03-18,13078.6253
2015-03-19,12945.11692
2015-03-20,13081.18212
2015-03-23,13076.86588
2015-03-24,12977.96665
2015-03-25,12803.448705
2015-03-26,12770.33642
2015-03-27,12809.2393
2015-03-30,12949.29168
2015-03-31,12819.884055
2015-04-01,12766.988465
2015-04-02,12808.95112
2015-04-06,12886.31997
2015-04-07,12864.94068
2015-04-08,12912.98475
2015-04-09,12976.81749
2015-04-10,13050.63951
2015-04-13,13008.009581
2015-04-14,13018.31016
2015-04-15,13072.060476
2015-04-16,13042.939038
2015-04-17,12898.737404
2015-04-20,13024.5804
2015-04-21,13005.29529
2015-04-22,13056.70424
2015-04-23,13093.82721
2015-04-24,13115.913015
2015-04-27,13115.37348
2015-04-28,13119.97104
2015-04-29,13060.995205
2015-04-30,12936.001428
2015-05-01,13077.301212
2015-05-04,13128.86841
2015-05-05,12967.18876
2015-05-06,12897.76206
2015-05-07,12959.3808
2015-05-08,13139.71134
2015-05-11,13073.257168
2015-05-12,13033.226168
2015-05-13,13020.229008
2015-05-14,13154.21376
2015-05-15,13173.874653
2015-05-18,13210.19556
2015-05-19,13206.589678
2015-05-20,13188.135645
2015-05-21,13204.265376
2015-05-22,13176.044244
2015-05-26,13054.24638
2015-05-27,13168.336524
2015-05-28,13151.442948
2015-05-29,13062.235437
2015-06-01,13091.670135
2015-06-02,13075.72272
2015-06-03,13102.583046
2015-06-04,12996.513424
2015-06-05,12982.661622
2015-06-08,12903.179968
2015-06-09,12908.786855
2015-06-10,13064.45016
2015-06-11,13088.850476
2015-06-12,13000.863113
2015-06-15,12942.22587
2015-06-16,13014.816465
2015-06-17,13042.892224
2015-06-18,13168.233672
2015-06-19,13101.982905
2015-06-22,13181.837075
2015-06-23,13184.48456
2015-06-24,13088.166918
2015-06-25,13054.083714
2015-06-26,13048.15141
2015-06-29,12775.475232
2015-06-30,12793.34511
2015-07-01,12882.912388
2015-07-02,12885.796866
2015-07-06,12845.137716
2015-07-07,12925.1214
2015-07-08,12707.631452
2015-07-09,12736.173528
2015-07-10,12894.148904
2015-07-13,13035.15664
2015-07-14,13094.259655
2015-07-15,13085.26808
2015-07-16,13190.778755
2015-07-17,13205.37108
2015-07-20,13215.980316
2015-07-21,13159.446416
2015-07-22,13127.60301
2015-07-23,13053.300425
2015-07-24,12913.79464
2015-07-27,12839.01058
2015-07-28,12997.82655
2015-07-29,13092.11113
2015-07-30,13093.748848
2015-07-31,13064.215248
2015-08-03,13028.198988
2015-08-04,12998.679872
2015-08-05,13039.166464
2015-08-06,12938.282532
2015-08-07,12901.086429
2015-08-10,13066.116128
2015-08-11,13181.325936
2015-08-12,13323.60135
2015-08-13,13331.195932
2015-08-14,13368.705372
2015-08-17,13444.473068
2015-08-18,13407.287096
2015-08-19,13300.769638
2015-08-20,13006.27897
2015-08-21,12591.622032
2015-08-24,12124.874124
2015-08-25,11976.796169
2015-08-26,12440.60961
2015-08-27,12731.558598
2015-08-28,12705.895995
2015-08-31,12575.408552
2015-09-01,12180.698325
2015-09-02,12386.759274
2015-09-03,12401.187167
2015-09-04,12211.082198
2015-09-08,12539.627352
2015-09-09,12385.942712
2015-09-10,12450.143788
2015-09-11,12501.69375
2015-09-14,12436.699737
2015-09-15,12600.4333
2015-09-16,12711.920479
2015-09-17,12669.6132
2015-09-18,12461.490329
2015-09-21,12527.828627
2015-09-22,12386.91024
2015-09-23,12376.462212
2015-09-24,12334.067592
2015-09-25,12310.554294
2015-09-28,11984.616776
2015-09-29,11989.595124
2015-09-30,12205.822713
2015-10-01,12227.79992
2015-10-02,12402.84416
2015-10-05,12629.6898
2015-10-06,12584.37152
2015-10-07,12685.49548
2015-10-08,12792.327505
2015-10-09,12785.081517
2015-10-12,12756.39958
2015-10-13,12708.003087
2015-10-14,12658.837248
2015-10-15,12843.820332
2015-10-16,12915.331275
2015-10-19,12934.280966
2015-10-20,12892.140268
2015-10-21,12818.855742
2015-10-22,13049.85858
2015-10-23,13175.334865
2015-10-26,13158.620776
2015-10-27,13125.012348
2015-10-28,13292.95372
2015-10-29,13281.752547
2015-10-30,13137.604416
2015-11-02,13334.20647
2015-11-03,13367.840419
2015-11-04,13320.025929
2015-11-05,13326.365773
2015-11-06,13336.2176
2015-11-09,13224.133818
2015-11-10,13243.486296
2015-11-11,13212.355
2015-11-12,13031.396721
2015-11-13,12894.250048
2015-11-16,13081.284128
2015-11-17,13078.936584
2015-11-18,13303.449942
2015-11-19,13284.55492
2015-11-20,13339.35045
2015-11-23,13331.849487
2015-11-24,13349.186772
2015-11-25,13346.208204
2015-11-27,13366.044439
2015-11-30,13310.879262
2015-12-01,13454.098581
2015-12-02,13306.160637
2015-12-03,13112.44395
2015-12-04,13388.90769
2015-12-07,13310.279974
2015-12-08,13242.469748
2015-12-09,13162.10136
2015-12-10,13211.846294
2015-12-11,12990.452061
2015-12-14,13059.508266
2015-12-15,13202.47201
2015-12-16,13419.604031
2015-12-17,13239.002193
2015-12-18,12998.972325
2015-12-21,13098.66892
2015-12-22,13210.078836
2015-12-23,13372.057762
2015-12-24,13349.650527
2015-12-28,13343.8059
2015-12-29,13477.748928
2015-12-30,13393.682432
2015-12-31,13272.528784
2016-01-04,13153.538164
2016-01-05,13138.462308
2016-01-06,13049.338716
2016-01-07,12810.598061
2016-01-08,12678.670895
2016-01-11,12637.550065
2016-01-12,12741.9743
2016-01-13,12429.347112
2016-01-14,12665.117784
2016-01-15,12381.785017
2016-01-19,12376.329405
2016-01-20,12231.416472
2016-01-21,12297.9542
2016-01-22,12545.68579
2016-01-25,12349.872444
2016-01-26,12530.644475
2016-01-27,12385.66851
2016-01-28,12449.031336
2016-01-29,12759.212264
2016-02-01,12758.017392
2016-02-02,12521.556794
2016-02-03,12578.70981
2016-02-04,12574.54616
2016-02-05,12359.260695
2016-02-08,12184.329216
2016-02-09,12176.243319
2016-02-10,12173.942454
2016-02-11,12024.189012
2016-02-12,12258.877242
2016-02-16,12353.305302
2016-02-17,12578.666324
2016-02-18,12501.950204
2016-02-19,12508.528272
2016-02-22,12688.1619
2016-02-23,12540.321417
2016-02-24,12604.87466
2016-02-25,12751.43195
2016-02-26,12741.02622
2016-02-29,12663.83542
2016-03-01,12962.347035
2016-03-02,13013.23395
2016-03-03,13019.69276
2016-03-04,13015.93492
2016-03-07,13045.069568
2016-03-08,12874.492522
2016-03-09,12956.05038
2016-03-10,12949.116345
2016-03-11,13134.730707
2016-03-14,13127.66
2016-03-15,13132.775985
2016-03-16,13221.52884
2016-03-17,13212.82025
2016-03-18,13264.061928
2016-03-21,13303.80536
2016-03-22,13303.40698
2016-03-23,13251.242602
2016-03-24,13263.334724
2016-03-28,13256.102875
2016-03-29,13371.128066
2016-03-30,13343.43675
2016-03-31,13283.26326
2016-04-01,13428.712508
2016-04-04,13385.629818
2016-04-05,13246.975124
2016-04-06,13393.816794
2016-04-07,13196.86433
2016-04-08,13239.37208
2016-04-11,13190.234405
2016-04-12,13330.256832
2016-04-13,13490.749728
2016-04-14,13501.829628
2016-04-15,13473.975188
2016-04-18,13561.270368
2016-04-19,13567.17648
2016-04-20,13604.20992
2016-04-21,13556.764212
2016-04-22,13597.152422
2016-04-25,13556.02047
2016-04-26,13582.45395
2016-04-27,13607.99925
2016-04-28,13442.737979
2016-04-29,13370.95873
2016-05-02,13475.385963
2016-05-03,13394.779029
2016-05-04,13321.409064
2016-05-05,13336.067142
2016-05-06,13371.615714
2016-05-09,13416.276861
2016-05-10,13586.679337
2016-05-11,13402.47432
2016-05-12,13451.392048
2016-05-13,13368.45652
2016-05-16,13477.103192
2016-05-17,13348.628084
2016-05-18,13389.043044
2016-05-19,13356.14188
2016-05-20,13440.64368
2016-05-23,13426.335828
2016-05-24,13613.140632
2016-05-25,13701.608214
2016-05-26,13704.7857
2016-05-27,13776.760498
2016-05-31,13804.077984
2016-06-01,13803.304683
2016-06-02,13862.08447
2016-06-03,13780.368624
2016-06-06,13845.534417
2016-06-07,13879.862295
2016-06-08,13906.725
2016-06-09,13881.568212
2016-06-10,13754.201733
2016-06-13,13692.065442
2016-06-14,13689.84838
2016-06-15,13634.1987
2016-06-16,13698.11008
2016-06-17,13646.025848
2016-06-20,13701.53525
2016-06-21,13766.47767
2016-06-22,13717.047375
2016-06-23,13899.728304
2016-06-24,13491.321538
2016-06-27,13306.791864
2016-06-28,13536.129929
2016-06-29,13743.079259
2016-06-30,13953.22128
2016-07-01,13996.604315
2016-07-05,13950.67858
2016-07-06,14053.49289
2016-07-07,14016.0699
2016-07-08,14244.98419
2016-07-11,14305.935324
2016-07-12,14394.58839
2016-07-13,14391.792709
2016-07-14,14461.6395
2016-07-15,14459.230338
2016-07-18,14527.914005
2016-07-19,14489.320014
2016-07-20,14510.775654
2016-07-21,14453.592335
2016-07-22,14528.112885
2016-07-25,14482.19368
2016-07-26,14472.76896
2016-07-27,14451.0886
2016-07-28,14442.617324
2016-07-29,14426.83528
2016-08-01,14422.843876
2016-08-02,14295.069216
2016-08-03,14355.015618
2016-08-04,14374.51565
2016-08-05,14530.055868
2016-08-08,14527.780646
2016-08-09,14521.006918
2016-08-10,14440.90262
2016-08-11,14486.760383
2016-08-12,14491.826965
2016-08-15,14538.2157
2016-08-16,14430.897195
2016-08-17,14477.502146
2016-08-18,14502.567024
2016-08-19,14529.723884
2016-08-22,14516.083848
2016-08-23,14522.98421
2016-08-24,14486.472504
2016-08-25,14467.129471
2016-08-26,14471.617976
2016-08-29,14559.923526
2016-08-30,14539.092944
2016-08-31,14500.426335
2016-09-01,14482.89249
2016-09-02,14563.35639
2016-09-06,14595.84724
2016-09-07,14565.291
2016-09-08,14536.83759
2016-09-09,14209.727961
2016-09-12,14422.603104
2016-09-13,14207.217388
2016-09-14,14186.113518
2016-09-15,14329.524884
2016-09-16,14275.470344
2016-09-19,14264.72172
2016-09-20,14276.47872
2016-09-21,14432.552952
2016-09-22,14510.469264
2016-09-23,14437.183486
2016-09-26,14312.12629
2016-09-27,14406.949093
2016-09-28,14494.329024
2016-09-29,14342.229049
2016-09-30,14465.830132
2016-10-03,14418.66192
2016-10-04,14347.209084
2016-10-05,14408.854668
2016-10-06,14415.793132
2016-10-07,14368.891784
2016-10-10,14512.533084
2016-10-11,14363.09906
2016-10-12,14373.15042
2016-10-13,14346.51687
2016-10-14,14352.395824
2016-10-17,14327.29375
2016-10-18,14422.82964
2016-10-19,14448.011591
2016-10-20,14444.194836
2016-10-21,14488.587372
2016-10-24,14575.691016
2016-10-25,14533.196592
2016-10-26,14486.294473
2016-10-27,14472.889704
2016-10-28,14414.93339
2016-10-31,14406.36717
2016-11-01,14288.95338
2016-11-02,14175.78058
2016-11-03,14128.949436
2016-11-04,14088.51867
2016-11-07,14444.458432
2016-11-08,14522.049544
2016-11-09,14666.9028
2016-11-10,14742.982212
2016-11-11,14745.315625
2016-11-14,14817.84456
2016-11-15,14955.513049
2016-11-16,14978.217976
2016-11-17,15043.667496
2016-11-18,15030.45453
2016-11-21,15151.615104
2016-11-22,15178.2566
2016-11-23,15257.103344
2016-11-25,15315.93933
2016-11-28,15211.243136
2016-11-29,15205.099088
2016-11-30,15142.764708
2016-12-01,15088.87242
2016-12-02,15094.863675
2016-12-05,15170.60951
2016-12-06,15224.56686
2016-12-07,15421.608675
2016-12-08,15453.562581
2016-12-09,15608.155381
2016-12-12,15588.597024
2016-12-13,15678.729924
2016-12-14,15559.123728
2016-12-15,15708.214929
2016-12-16,15716.844621
2016-12-19,15733.407367
2016-12-20,15782.91738
2016-12-21,15725.106078
2016-12-22,15714.576384
2016-12-23,15725.190856
2016-12-27,15774.3882
2016-12-28,15657.868256
2016-12-29,15644.278078
2016-12-30,15548.67435
2017-01-03,15716.75463
2017-01-04,15747.878325
2017-01-05,15633.41
2017-01-06,15758.295486
2017-01-09,15740.49375
2017-01-10,15704.19135
2017-01-11,15785.715096
2017-01-12,15646.73726
2017-01-13,15696.15332
2017-01-17,15545.478794
2017-01-18,15537.45571
2017-01-19,15554.266728
2017-01-20,15618.663215
2017-01-23,15525.6808
2017-01-24,15639.00013
2017-01-25,15821.059732
2017-01-26,15804.833088
2017-01-27,15791.368173
2017-01-30,15696.24144
2017-01-31,15675.663069
2017-02-01,15688.31901
2017-02-02,15694.98502
2017-02-03,15782.586174
2017-02-06,15733.83928
2017-02-07,15786.250644
2017-02-08,15769.660641
2017-02-09,15852.528243
2017-02-10,15931.29385
2017-02-13,16021.852375
2017-02-14,16053.096892
2017-02-15,16141.931675
2017-02-16,16087.141714
2017-02-17,16144.24014
2017-02-21,16283.512458
2017-02-22,16250.767114
2017-02-23,16230.155841
2017-02-24,16261.25846
2017-02-27,16282.0783
2017-02-28,16233.006792
2017-03-01,16488.757124
2017-03-02,16411.190608
2017-03-03,16436.855264
2017-03-06,16383.463194
2017-03-07,16347.811975
2017-03-08,16335.517038
2017-03-09,16344.326031
2017-03-10,16393.4797
2017-03-13,16411.358315
2017-03-14,16357.08675
2017-03-15,16493.357322
2017-03-16,16426.75924
2017-03-17,16418.01105
2017-03-20,16397.117495
2017-03-21,16143.031338
2017-03-22,16163.91166
2017-03-23,16154.515156
2017-03-24,16135.255126
2017-03-27,16093.279752
2017-03-28,16227.433314
2017-03-29,16268.1857
2017-03-30,16314.512564
2017-03-31,16272.288912
2017-04-03,16238.726328
2017-04-04,16254.657936
2017-04-05,16223.11966
2017-04-06,16261.494522
2017-04-07,16254.168216
2017-04-10,16271.711196
2017-04-11,16222.957894
2017-04-12,16160.085095
2017-04-13,16046.4655
2017-04-17,16166.591523
2017-04-18,16118.717361
2017-04-19,16105.31496
2017-04-20,16213.362048
2017-04-21,16172.844471
2017-04-24,16345.54792
2017-04-25,16444.863267
2017-04-26,16455.73787
2017-04-27,16477.496583
2017-04-28,16435.4827
2017-05-01,16463.236356
2017-05-02,16489.50832
2017-05-03,16475.470057
2017-05-04,16478.607824
2017-05-05,16562.538799
2017-05-08,16566.51921
2017-05-09,16556.485208
2017-05-10,16565.125816
2017-05-11,16530.255984
2017-05-12,16495.77546
2017-05-15,16559.19176
2017-05-16,16532.694089
2017-05-17,16220.844757
2017-05-18,16297.918224
2017-05-19,16398.21105
2017-05-22,16486.179328
2017-05-23,16525.1138
2017-05-24,16566.006661
2017-05-25,16588.874323
2017-05-26,16561.895592
2017-05-30,16541.704505
2017-05-31,16424.59918
2017-06-01,16543.362468
2017-06-02,16614.213119
2017-06-05,16575.2244
2017-06-06,16508.026149
2017-06-07,16534.889498
2017-06-08,16550.502137
2017-06-09,16531.17246
2017-06-12,16515.479098
2017-06-13,16592.183685
2017-06-14,16557.377472
2017-06-15,16559.944434
2017-06-16,16570.72476
2017-06-19,16731.37047
2017-06-20,16642.965276
2017-06-21,16633.998495
2017-06-22,16639.56405
2017-06-23,16675.04604
