"Index","price"
2007-09-28,2616.29136
2007-10-01,2618.8434
2007-10-02,2623.347
2007-10-03,2621.39544
2007-10-04,2624.39784
2007-10-05,2606.23332
2007-10-08,2605.775172
2007-10-09,2608.69968
2007-10-10,2607.316765
2007-10-11,2604.43188
2007-10-12,2602.012725
2007-10-15,2610.55984
2007-10-16,2611.82838
2007-10-17,2629.24712
2007-10-18,2636.28589
2007-10-19,2651.781394
2007-10-22,2652.130115
2007-10-23,2650.08613
2007-10-24,2658.725302
2007-10-25,2651.02224
2007-10-26,2648.58048
2007-10-29,2644.87925
2007-10-30,2643.86499
2007-10-31,2629.37028
2007-11-01,2644.70067
2007-11-02,2655.872765
2007-11-05,2651.61142
2007-11-06,2645.4246
2007-11-07,2647.29725
2007-11-08,2651.045075
2007-11-09,2656.42983
2007-11-13,2657.401915
2007-11-14,2652.6555
2007-11-15,2670.65826
2007-11-16,2673.85943
2007-11-19,2687.8407
2007-11-20,2690.111937
2007-11-21,2693.30562
2007-11-23,2688.90562
2007-11-26,2714.144517
2007-11-27,2697.06672
2007-11-28,2686.38165
2007-11-29,2694.72528
2007-11-30,2698.34652
2007-12-03,2715.607125
2007-12-04,2714.80559
2007-12-05,2711.418842
2007-12-06,2705.112015
2007-12-07,2681.95884
2007-12-10,2675.42904
2007-12-11,2697.42514
2007-12-12,2680.89144
2007-12-13,2664.088
2007-12-14,2656.28727
2007-12-17,2667.504012
2007-12-18,2681.27195
2007-12-19,2686.92471
2007-12-20,2691.23249
2007-12-21,2667.38205
2007-12-24,2653.768809
2007-12-26,2640.896288
2007-12-27,2644.835418
2007-12-28,2658.035031
2007-12-31,2668.91814
2008-01-02,2688.348804
2008-01-03,2680.936398
2008-01-04,2692.97371
2008-01-07,2694.984662
2008-01-08,2693.823407
2008-01-09,2702.42238
2008-01-10,2690.708856
2008-01-11,2701.867875
2008-01-14,2700.386085
2008-01-15,2709.486873
2008-01-16,2706.942672
2008-01-17,2724.821226
2008-01-18,2724.770529
2008-01-22,2753.357328
2008-01-23,2760.675384
2008-01-24,2720.1818
2008-01-25,2726.472072
2008-01-28,2720.640468
2008-01-29,2707.656717
2008-01-30,2693.89242
2008-01-31,2708.551264
2008-02-01,2717.25707
2008-02-04,2715.014169
2008-02-05,2723.74176
2008-02-06,2723.492376
2008-02-07,2705.374584
2008-02-08,2719.753784
2008-02-11,2726.19952
2008-02-12,2715.0159
2008-02-13,2718.067451
2008-02-14,2697.688
2008-02-15,2700.4698
2008-02-19,2673.0275
2008-02-20,2661.92584
2008-02-21,2685.80151
2008-02-22,2687.181328
2008-02-25,2670.69984
2008-02-26,2680.86906
2008-02-27,2677.651825
2008-02-28,2689.3785
2008-02-29,2721.297416
2008-03-03,2719.48224
2008-03-04,2714.857992
2008-03-05,2701.0179
2008-03-06,2712.3602
2008-03-07,2730.635372
2008-03-10,2744.885625
2008-03-11,2714.662758
2008-03-12,2734.536098
2008-03-13,2726.116992
2008-03-14,2752.854544
2008-03-17,2769.389536
2008-03-18,2745.4116
2008-03-19,2755.023662
2008-03-20,2754.635975
2008-03-24,2720.389135
2008-03-25,2721.187172
2008-03-27,2700.668789
2008-03-28,2710.76908
2008-03-31,2718.426984
2008-04-01,2694.15064
2008-04-02,2688.098322
2008-04-03,2686.0183
2008-04-04,2704.755025
2008-04-07,2683.884995
2008-04-08,2683.629972
2008-04-09,2701.200117
2008-04-10,2685.69712
2008-04-11,2702.82744
2008-04-14,2695.328952
2008-04-15,2683.931275
2008-04-16,2660.252412
2008-04-17,2650.434058
2008-04-18,2650.268466
2008-04-21,2657.48
2008-04-22,2650.57825
2008-04-23,2647.275225
2008-04-24,2630.863625
2008-04-25,2633.7271
2008-04-28,2637.313912
2008-04-29,2633.446998
2008-04-30,2644.238745
2008-05-01,2643.959205
2008-05-02,2628.444735
2008-05-05,2629.417758
2008-05-06,2623.252457
2008-05-07,2630.38004
2008-05-08,2648.16464
2008-05-09,2649.214736
2008-05-12,2647.840768
2008-05-13,2623.837528
2008-05-14,2623.243986
2008-05-15,2636.022642
2008-05-16,2634.4943
2008-05-19,2629.678375
2008-05-20,2641.771005
2008-05-21,2627.634735
2008-05-22,2603.604195
2008-05-23,2618.579768
2008-05-27,2607.0145
2008-05-28,2590.747308
2008-05-29,2577.915503
2008-05-30,2582.8877
2008-06-02,2595.7152
2008-06-03,2608.03032
2008-06-04,2607.895914
2008-06-05,2597.57928
2008-06-06,2604.747144
2008-06-09,2589.377862
2008-06-10,2568.805278
2008-06-11,2573.91108
2008-06-12,2547.486
2008-06-13,2538.34854
2008-06-16,2539.453005
2008-06-17,2541.823976
2008-06-18,2551.644472
2008-06-19,2540.41095
2008-06-20,2553.961921
2008-06-23,2545.928712
2008-06-24,2557.019738
2008-06-25,2553.342376
2008-06-26,2569.213597
2008-06-27,2576.125574
2008-06-30,2574.992448
2008-07-01,2574.23538
2008-07-02,2579.712433
2008-07-03,2579.74405
2008-07-07,2596.90731
2008-07-08,2599.699967
2008-07-09,2606.967797
2008-07-10,2604.613027
2008-07-11,2578.984317
2008-07-14,2593.053467
2008-07-15,2592.328848
2008-07-16,2576.495361
2008-07-17,2562.134667
2008-07-18,2553.91412
2008-07-21,2561.25
2008-07-22,2552.270838
2008-07-23,2546.925435
2008-07-24,2569.783359
2008-07-25,2552.55627
2008-07-28,2575.070875
2008-07-29,2566.258429
2008-07-30,2565.80829
2008-07-31,2581.35059
2008-08-01,2591.596875
2008-08-04,2592.241494
2008-08-05,2589.59657
2008-08-06,2581.138056
2008-08-07,2608.427792
2008-08-08,2602.96985
2008-08-11,2594.95368
2008-08-12,2613.298858
2008-08-13,2606.353148
2008-08-14,2615.69519
2008-08-15,2625.7827
2008-08-18,2632.00526
2008-08-19,2625.215131
2008-08-20,2631.108048
2008-08-21,2620.165086
2008-08-22,2610.254348
2008-08-25,2630.517183
2008-08-26,2629.70048
2008-08-27,2628.882
2008-08-28,2621.828072
2008-08-29,2626.544937
2008-09-02,2635.55643
2008-09-03,2647.232422
2008-09-04,2653.3934
2008-09-05,2652.349172
2008-09-08,2647.031036
2008-09-09,2658.710908
2008-09-10,2651.081295
2008-09-11,2659.624158
2008-09-12,2639.13825
2008-09-15,2690.717256
2008-09-16,2686.285511
2008-09-17,2701.517532
2008-09-18,2696.75701
2008-09-19,2633.2521
2008-09-22,2624.50862
2008-09-23,2615.69777
2008-09-24,2635.77
2008-09-25,2616.98748
2008-09-26,2634.542088
2008-09-29,2671.505628
2008-09-30,2633.720676
2008-10-01,2644.878189
2008-10-02,2666.234901
2008-10-03,2668.630686
2008-10-06,2709.377826
2008-10-07,2684.234672
2008-10-08,2638.634736
2008-10-09,2616.548415
2008-10-10,2628.741
2008-10-14,2595.104568
2008-10-15,2598.42934
2008-10-16,2606.996172
2008-10-17,2607.140809
2008-10-20,2615.450193
2008-10-21,2647.473312
2008-10-22,2659.655158
2008-10-23,2674.73115
2008-10-24,2656.537415
2008-10-27,2651.8401
2008-10-28,2635.810296
2008-10-29,2627.478075
2008-10-30,2618.68869
2008-10-31,2615.28801
2008-11-03,2628.975926
2008-11-04,2649.42852
2008-11-05,2657.340144
2008-11-06,2654.975352
2008-11-07,2646.6264
2008-11-10,2653.05096
2008-11-12,2675.086024
2008-11-13,2668.8225
2008-11-14,2678.53775
2008-11-17,2690.79378
2008-11-18,2712.971976
2008-11-19,2736.5078
2008-11-20,2777.062385
2008-11-21,2764.042755
2008-11-24,2732.821906
2008-11-25,2769.8616
2008-11-26,2790.001959
2008-11-28,2797.185561
2008-12-01,2864.600343
2008-12-02,2868.048963
2008-12-03,2870.850268
2008-12-04,2892.038084
2008-12-05,2868.195936
2008-12-08,2857.027812
2008-12-09,2868.380285
2008-12-10,2861.741405
2008-12-11,2871.695796
2008-12-12,2880.487225
2008-12-15,2887.828196
2008-12-16,2919.8032
2008-12-17,2936.786645
2008-12-18,2955.64787
2008-12-19,2949.29505
2008-12-22,2949.151756
2008-12-23,2944.58106
2008-12-24,2932.9858
2008-12-26,2946.24891
2008-12-29,2956.09962
2008-12-30,2948.992976
2008-12-31,2917.71949
2009-01-02,2886.60661
2009-01-05,2884.042015
2009-01-06,2885.481555
2009-01-07,2887.905435
2009-01-08,2899.211393
2009-01-09,2908.77867
2009-01-12,2926.0648
2009-01-13,2926.677808
2009-01-14,2941.2372
2009-01-15,2942.56633
2009-01-16,2924.492728
2009-01-20,2919.87562
2009-01-21,2886.216606
2009-01-22,2873.185875
2009-01-23,2868.638577
2009-01-26,2863.235214
2009-01-27,2882.865153
2009-01-28,2859.610173
2009-01-29,2833.482519
2009-01-30,2827.9129
2009-02-02,2855.202075
2009-02-03,2829.846445
2009-02-04,2814.71958
2009-02-05,2819.98672
2009-02-06,2807.503176
2009-02-09,2802.840663
2009-02-10,2830.066596
2009-02-11,2845.276148
2009-02-12,2857.50845
2009-02-13,2833.208931
2009-02-17,2868.93248
2009-02-18,2854.686492
2009-02-19,2831.195745
2009-02-20,2847.215196
2009-02-23,2843.70764
2009-02-24,2838.915333
2009-02-25,2812.359368
2009-02-26,2807.859986
2009-02-27,2803.757228
2009-03-02,2830.95216
2009-03-03,2824.81406
2009-03-04,2811.747758
2009-03-05,2843.104888
2009-03-06,2840.4468
2009-03-09,2832.035405
2009-03-10,2815.92024
2009-03-11,2827.068916
2009-03-12,2833.930332
2009-03-13,2837.716236
2009-03-16,2827.842199
2009-03-17,2817.363797
2009-03-18,2906.15696
2009-03-19,2892.49608
2009-03-20,2893.237875
2009-03-23,2891.03909
2009-03-24,2888.537025
2009-03-25,2868.841382
2009-03-26,2877.995928
2009-03-27,2872.91901
2009-03-30,2885.181932
2009-03-31,2890.86987
2009-04-01,2896.538986
2009-04-02,2879.033125
2009-04-03,2850.590036
2009-04-06,2845.737328
2009-04-07,2851.91434
2009-04-08,2861.545365
2009-04-09,2850.601605
2009-04-13,2866.72482
2009-04-14,2876.944884
2009-04-15,2881.81185
2009-04-16,2868.662148
2009-04-17,2850.150764
2009-04-20,2866.763536
2009-04-21,2852.270574
2009-04-22,2843.355669
2009-04-23,2847.526548
2009-04-24,2836.13769
2009-04-27,2851.311808
2009-04-28,2836.5354
2009-04-29,2821.043565
2009-04-30,2815.017725
2009-05-01,2810.04022
2009-05-04,2814.171776
2009-05-05,2812.756671
2009-05-06,2813.420784
2009-05-07,2794.63212
2009-05-08,2795.341506
2009-05-11,2816.372664
2009-05-12,2816.801995
2009-05-13,2828.403825
2009-05-14,2828.565162
2009-05-15,2825.75475
2009-05-18,2810.40282
2009-05-19,2804.774108
2009-05-20,2813.46975
2009-05-21,2789.800866
2009-05-22,2774.108424
2009-05-26,2769.060528
2009-05-27,2736.236376
2009-05-28,2736.031527
2009-05-29,2767.578273
2009-06-01,2727.158434
2009-06-02,2737.921256
2009-06-03,2753.017324
2009-06-04,2727.921693
2009-06-05,2695.042971
2009-06-08,2690.135685
2009-06-09,2697.795672
2009-06-10,2685.4476
2009-06-11,2700.302024
2009-06-12,2711.808242
2009-06-15,2724.744091
2009-06-16,2729.90964
2009-06-17,2734.896738
2009-06-18,2700.936746
2009-06-19,2709.22569
2009-06-22,2726.612595
2009-06-23,2733.674959
2009-06-24,2726.4468
2009-06-25,2751.473268
2009-06-26,2759.23063
2009-06-29,2760.802335
2009-06-30,2754.808955
2009-07-01,2755.440779
2009-07-02,2767.40014
2009-07-06,2769.29888
2009-07-07,2776.84992
2009-07-08,2806.025976
2009-07-09,2785.734768
2009-07-10,2806.87316
2009-07-13,2798.578224
2009-07-14,2783.245157
2009-07-15,2756.317682
2009-07-16,2764.518328
2009-07-17,2750.253326
2009-07-20,2763.468448
2009-07-21,2782.74447
2009-07-22,2769.097473
2009-07-23,2741.24017
2009-07-24,2748.61379
2009-07-27,2741.975368
2009-07-28,2743.140813
2009-07-29,2743.598715
2009-07-30,2747.814414
2009-07-31,2772.602822
2009-08-03,2749.594546
2009-08-04,2744.229664
2009-08-05,2731.910152
2009-08-06,2736.140589
2009-08-07,2718.441538
2009-08-10,2734.676802
2009-08-11,2746.471536
2009-08-12,2746.958339
2009-08-13,2765.489584
2009-08-14,2773.194488
2009-08-17,2786.161672
2009-08-18,2778.527062
2009-08-19,2789.474597
2009-08-20,2792.224978
2009-08-21,2769.722816
2009-08-24,2780.708272
2009-08-25,2788.20841
2009-08-26,2790.681824
2009-08-27,2787.579354
2009-08-28,2790.77886
2009-08-31,2801.48856
2009-09-01,2807.758616
2009-09-02,2821.735172
2009-09-03,2816.59791
2009-09-04,2798.988636
2009-09-08,2795.424268
2009-09-09,2795.096128
2009-09-10,2818.861868
2009-09-11,2818.94137
2009-09-14,2808.248547
2009-09-15,2800.395312
2009-09-16,2794.168628
2009-09-17,2807.261595
2009-09-18,2794.331644
2009-09-21,2793.0201
2009-09-22,2798.45557
2009-09-23,2806.182558
2009-09-24,2813.392548
2009-09-25,2821.877625
2009-09-28,2826.58281
2009-09-29,2828.36244
2009-09-30,2827.39977
2009-10-01,2849.449365
2009-10-02,2847.128355
2009-10-05,2846.51397
2009-10-06,2842.96419
2009-10-07,2857.29984
2009-10-08,2843.851635
2009-10-09,2821.456935
2009-10-13,2836.315768
2009-10-14,2818.511007
2009-10-15,2810.813475
2009-10-16,2819.946276
2009-10-19,2823.496212
2009-10-20,2834.06299
2009-10-21,2820.672036
2009-10-22,2820.24042
2009-10-23,2810.405745
2009-10-26,2796.694197
2009-10-27,2816.376266
2009-10-28,2825.099468
2009-10-29,2809.99512
2009-10-30,2831.159425
2009-11-02,2828.389296
2009-11-03,2820.810327
2009-11-04,2810.40282
2009-11-05,2815.770516
2009-11-06,2823.266448
2009-11-09,2825.83184
2009-11-10,2826.348932
2009-11-12,2833.736412
2009-11-13,2835.849809
2009-11-16,2853.48119
2009-11-17,2855.25189
2009-11-18,2848.2244
2009-11-19,2853.35701
2009-11-20,2852.040338
2009-11-23,2851.7142
2009-11-24,2863.19958
2009-11-25,2871.630653
2009-11-27,2886.501248
2009-11-30,2889.26145
2009-12-01,2879.16276
2009-12-02,2869.18329
2009-12-03,2859.8303
2009-12-04,2840.138664
2009-12-07,2849.772032
2009-12-08,2861.242332
2009-12-09,2857.145772
2009-12-10,2846.904372
2009-12-11,2836.116764
2009-12-14,2833.934624
2009-12-15,2823.3078
2009-12-16,2825.521578
2009-12-17,2846.372392
2009-12-18,2835.095401
2009-12-21,2811.70316
2009-12-22,2801.46041
2009-12-23,2799.616715
2009-12-24,2790.2622
2009-12-28,2784.877446
2009-12-29,2789.113572
2009-12-30,2791.970775
2009-12-31,2781.52461
2010-01-04,2788.21312
2010-01-05,2797.827444
2010-01-06,2791.068084
2010-01-07,2789.825098
2010-01-08,2794.741508
2010-01-11,2794.414168
2010-01-12,2812.31438
2010-01-13,2802.881622
2010-01-14,2811.29033
2010-01-15,2822.21353
2010-01-19,2818.106172
2010-01-20,2826.378
2010-01-21,2836.167336
2010-01-22,2838.93968
2010-01-25,2834.119266
2010-01-26,2836.930162
2010-01-27,2831.625216
2010-01-28,2831.593313
2010-01-29,2841.35578
2010-02-01,2832.5223
2010-02-02,2837.547573
2010-02-03,2827.26551
2010-02-04,2848.508775
2010-02-05,2856.49812
2010-02-08,2853.382268
2010-02-09,2842.33818
2010-02-10,2834.51035
2010-02-11,2833.908522
2010-02-12,2841.806058
2010-02-16,2845.906098
2010-02-17,2831.282622
2010-02-18,2821.045335
2010-02-19,2820.281718
2010-02-22,2818.760364
2010-02-23,2839.367322
2010-02-24,2838.93968
2010-02-25,2848.82364
2010-02-26,2853.787627
2010-03-01,2856.16576
2010-03-02,2857.409962
2010-03-03,2856.051236
2010-03-04,2859.605333
2010-03-05,2847.06009
2010-03-08,2842.47132
2010-03-09,2847.795834
2010-03-10,2843.055609
2010-03-11,2840.486428
2010-03-12,2842.930656
2010-03-15,2842.319779
2010-03-16,2854.01886
2010-03-17,2856.20318
2010-03-18,2849.119356
2010-03-19,2845.395146
2010-03-22,2852.15348
2010-03-23,2849.570672
2010-03-24,2822.048174
2010-03-25,2813.311368
2010-03-26,2819.89235
2010-03-29,2816.640904
2010-03-30,2818.645852
2010-03-31,2825.24001
2010-04-01,2819.712784
2010-04-02,2807.36928
2010-04-05,2798.973792
2010-04-06,2805.00748
2010-04-07,2820.637875
2010-04-08,2818.558023
2010-04-09,2818.473604
2010-04-12,2826.590627
2010-04-13,2831.463648
2010-04-14,2825.8812
2010-04-15,2830.305843
2010-04-16,2845.41444
2010-04-19,2839.289628
2010-04-20,2838.888622
2010-04-21,2848.13334
2010-04-22,2841.762056
2010-04-23,2834.5049
2010-04-26,2837.244787
2010-04-27,2862.01601
2010-04-28,2846.844
2010-04-29,2852.065797
2010-04-30,2866.174488
2010-05-03,2859.2655
2010-05-04,2876.755365
2010-05-05,2887.934478
2010-05-06,2927.655676
2010-05-07,2908.567284
2010-05-10,2889.494982
2010-05-11,2893.72046
2010-05-12,2886.000513
2010-05-13,2893.254346
2010-05-14,2910.060036
2010-05-17,2905.86912
2010-05-18,2923.83405
2010-05-19,2924.994708
2010-05-20,2950.087546
2010-05-21,2949.25971
2010-05-24,2949.588678
2010-05-25,2960.138916
2010-05-26,2953.194199
2010-05-27,2927.917816
2010-05-28,2937.517232
2010-06-01,2945.081736
2010-06-02,2931.759948
2010-06-03,2926.583956
2010-06-04,2960.651172
2010-06-07,2972.597084
2010-06-08,2963.686424
2010-06-09,2964.25185
2010-06-10,2941.094499
2010-06-11,2958.180931
2010-06-14,2954.582254
2010-06-15,2946.860625
2010-06-16,2954.445588
2010-06-17,2964.325958
2010-06-18,2959.181568
2010-06-21,2943.212271
2010-06-22,2967.19215
2010-06-23,2975.729643
2010-06-24,2969.793296
2010-06-25,2971.136224
2010-06-28,2990.256105
2010-06-29,3002.088598
2010-06-30,2996.901047
2010-07-01,2995.03208
2010-07-02,2986.61418
2010-07-06,2999.01515
2010-07-07,2990.18888
2010-07-08,2983.875942
2010-07-09,2976.418634
2010-07-12,2978.22435
2010-07-13,2968.25526
2010-07-14,2981.87406
2010-07-15,2997.343601
2010-07-16,3009.679344
2010-07-19,3005.45388
2010-07-20,3009.226285
2010-07-21,3023.08416
2010-07-22,3013.712244
2010-07-23,3002.971356
2010-07-26,3001.446525
2010-07-27,2991.399356
2010-07-28,3004.504932
2010-07-29,3010.777853
2010-07-30,3025.6071
2010-08-02,3016.866762
2010-08-03,3031.796813
2010-08-04,3020.12865
2010-08-05,3030.043105
2010-08-06,3044.855121
2010-08-09,3043.232106
2010-08-10,3060.492624
2010-08-11,3074.381871
2010-08-12,3071.47896
2010-08-13,3086.720659
2010-08-16,3107.228347
2010-08-17,3091.039884
2010-08-18,3088.480687
2010-08-19,3098.842461
2010-08-20,3089.47446
2010-08-23,3098.42
2010-08-24,3115.630991
2010-08-25,3106.73724
2010-08-26,3115.782179
2010-08-27,3085.88412
2010-08-30,3112.57659
2010-08-31,3122.60025
2010-09-01,3107.200689
2010-09-02,3096.686576
2010-09-03,3080.286046
2010-09-07,3095.18055
2010-09-08,3087.352422
2010-09-09,3062.841168
2010-09-10,3050.020638
2010-09-13,3058.6296
2010-09-14,3065.95728
2010-09-15,3055.66477
2010-09-16,3042.39
2010-09-17,3046.824192
2010-09-20,3050.77446
2010-09-21,3071.823998
2010-09-22,3074.32032
2010-09-23,3078.66473
2010-09-24,3065.7392
2010-09-27,3078.784253
2010-09-28,3088.974137
2010-09-29,3081.152676
2010-09-30,3080.791763
2010-10-01,3082.0161
2010-10-04,3091.782078
2010-10-05,3094.468398
2010-10-06,3107.738838
2010-10-07,3111.084738
2010-10-08,3105.21552
2010-10-12,3100.000387
2010-10-13,3097.513998
2010-10-14,3077.17768
2010-10-15,3063.912033
2010-10-18,3079.520258
2010-10-19,3084.821996
2010-10-20,3088.6227
2010-10-21,3075.350187
2010-10-22,3077.74358
2010-10-25,3075.955236
2010-10-26,3060.731814
2010-10-27,3055.42173
2010-10-28,3074.527967
2010-10-29,3078.928292
2010-11-01,3087.416546
2010-11-02,3088.00483
2010-11-03,3097.70136
2010-11-04,3111.827084
2010-11-05,3097.742436
2010-11-08,3108.161052
2010-11-09,3068.33208
2010-11-10,3073.114143
2010-11-12,3048.619143
2010-11-15,3018.498658
2010-11-16,3031.981392
2010-11-17,3027.29076
2010-11-18,3015.87531
2010-11-19,3021.046297
2010-11-22,3036.925983
2010-11-23,3044.305998
2010-11-24,3020.044794
2010-11-26,3035.079918
2010-11-29,3037.387815
2010-11-30,3045.75228
2010-12-01,3010.38858
2010-12-02,3002.759278
2010-12-03,3007.080657
2010-12-06,3016.826512
2010-12-07,2973.884293
2010-12-08,2958.57189
2010-12-09,2954.309832
2010-12-10,2936.651125
2010-12-13,2952.081912
2010-12-14,2920.60594
2010-12-15,2910.343684
2010-12-16,2925.874666
2010-12-17,2944.12698
2010-12-20,2953.421256
2010-12-21,2949.18282
2010-12-22,2937.995575
2010-12-23,2930.61685
2010-12-27,2929.70834
2010-12-28,2901.6186
2010-12-29,2928.535725
2010-12-30,2915.26785
2010-12-31,2921.810698
2011-01-03,2916.052398
2011-01-04,2926.96707
2011-01-05,2907.593718
2011-01-06,2921.601933
2011-01-07,2940.998622
2011-01-10,2953.885083
2011-01-11,2936.520059
2011-01-12,2925.617112
2011-01-13,2942.029577
2011-01-14,2929.512256
2011-01-18,2920.460653
2011-01-19,2924.7364
2011-01-20,2906.598695
2011-01-21,2913.33042
2011-01-24,2912.575872
2011-01-25,2927.018916
2011-01-26,2912.665518
2011-01-27,2920.609412
2011-01-28,2936.208989
2011-01-31,2935.262
2011-02-01,2918.817668
2011-02-02,2894.13488
2011-02-03,2880.4932
2011-02-04,2863.57227
2011-02-07,2863.48125
2011-02-08,2843.47319
2011-02-09,2871.538782
2011-02-10,2861.020015
2011-02-11,2874.552144
2011-02-14,2877.260288
2011-02-15,2878.228452
2011-02-16,2875.745948
2011-02-17,2884.074907
2011-02-18,2878.93006
2011-02-22,2906.4518
2011-02-23,2898.587216
2011-02-24,2902.707495
2011-02-25,2911.259661
2011-02-28,2911.021652
2011-03-01,2914.080806
2011-03-02,2902.481725
2011-03-03,2883.574776
2011-03-04,2899.4199
2011-03-07,2890.957545
2011-03-08,2891.49772
2011-03-09,2900.987495
2011-03-10,2926.939925
2011-03-11,2924.534835
2011-03-14,2930.5485
2011-03-15,2939.440176
2011-03-16,2960.900096
2011-03-17,2954.306395
2011-03-18,2946.967146
2011-03-21,2932.65115
2011-03-22,2925.69125
2011-03-23,2925.32706
2011-03-24,2913.321235
2011-03-25,2905.319868
2011-03-28,2907.856806
2011-03-29,2898.25614
2011-03-30,2904.76692
2011-03-31,2895.332518
2011-04-01,2898.580104
2011-04-04,2901.798
2011-04-05,2890.428912
2011-04-06,2880.691398
2011-04-07,2883.126187
2011-04-08,2874.355646
2011-04-11,2877.200292
2011-04-12,2894.86956
2011-04-13,2898.979285
2011-04-14,2891.36224
2011-04-15,2908.750002
2011-04-18,2914.827405
2011-04-19,2917.892705
2011-04-20,2907.089544
2011-04-21,2893.98616
2011-04-25,2918.122434
2011-04-26,2928.436358
2011-04-27,2916.480524
2011-04-28,2921.323758
2011-04-29,2921.5991
2011-05-02,2923.507825
2011-05-03,2930.92664
2011-05-04,2934.32227
2011-05-05,2945.880344
2011-05-06,2947.718004
2011-05-09,2952.88674
2011-05-10,2939.961096
2011-05-11,2948.991
2011-05-12,2947.615359
2011-05-13,2955.42036
2011-05-16,2966.600373
2011-05-17,2972.025238
2011-05-18,2959.12398
2011-05-19,2961.92165
2011-05-20,2961.84688
2011-05-23,2971.0937
2011-05-24,2970.98423
2011-05-25,2969.0568
2011-05-26,2982.12513
2011-05-27,2983.59843
2011-05-31,2981.930695
2011-06-01,3002.69255
2011-06-02,2990.162793
2011-06-03,2998.814419
2011-06-06,2998.360868
2011-06-07,3004.86074
2011-06-08,3008.822784
2011-06-09,2998.59192
2011-06-10,3006.470382
2011-06-13,3003.722057
2011-06-14,2981.458348
2011-06-15,3008.786742
2011-06-16,3013.363824
2011-06-17,3010.11507
2011-06-20,3008.45621
2011-06-21,3000.240712
2011-06-22,2999.93071
2011-06-23,3015.353038
2011-06-24,3030.3
2011-06-27,3024.60485
2011-06-28,2993.95521
2011-06-29,2975.167654
2011-06-30,2964.094268
2011-07-01,2958.2547
2011-07-05,2977.783878
2011-07-06,2982.84756
2011-07-07,2970.083952
2011-07-08,2997.71794
2011-07-11,3018.048224
2011-07-12,3026.576926
2011-07-13,3027.57718
2011-07-14,3010.9414
2011-07-15,3023.18208
2011-07-18,3025.5513
2011-07-19,3030.282705
2011-07-20,3016.711716
2011-07-21,3001.148865
2011-07-22,3005.45551
2011-07-25,2998.056512
2011-07-26,3006.24805
2011-07-27,3001.622188
2011-07-28,3007.054624
2011-07-29,3036.13979
2011-08-01,3042.913005
2011-08-02,3068.913508
2011-08-03,3066.909095
2011-08-04,3101.135961
2011-08-05,3073.840756
2011-08-08,3108.137248
2011-08-09,3125.3688
2011-08-10,3145.571478
2011-08-11,3099.989655
2011-08-12,3115.298235
2011-08-15,3107.5265
2011-08-16,3117.231864
2011-08-17,3132.346752
2011-08-18,3143.299132
2011-08-19,3146.855025
2011-08-22,3146.86983
2011-08-23,3135.727872
2011-08-24,3106.34424
2011-08-25,3120.624032
2011-08-26,3128.195072
2011-08-29,3111.281684
2011-08-30,3126.592
2011-08-31,3118.18278
2011-09-01,3135.99673
2011-09-02,3155.49988
2011-09-06,3161.89159
2011-09-07,3151.94079
2011-09-08,3158.448888
2011-09-09,3172.955058
2011-09-12,3163.918984
2011-09-13,3163.85757
2011-09-14,3158.47896
2011-09-15,3141.91853
2011-09-16,3142.73388
2011-09-19,3164.688032
2011-09-20,3165.939031
2011-09-21,3173.81833
2011-09-22,3200.14992
2011-09-23,3180.9046
2011-09-26,3172.64024
2011-09-27,3158.57016
2011-09-28,3156.0784
2011-09-29,3156.541134
2011-09-30,3162.69921
2011-10-03,3182.08125
2011-10-04,3171.5625
2011-10-05,3161.17125
2011-10-06,3145.03837
2011-10-07,3130.06125
2011-10-11,3112.9125
2011-10-12,3098.378146
2011-10-13,3119.69125
2011-10-14,3107.40227
2011-10-17,3117.52694
2011-10-18,3123.259123
2011-10-19,3125.519439
2011-10-20,3122.624973
2011-10-21,3119.188518
2011-10-24,3110.77884
2011-10-25,3127.83092
2011-10-26,3106.309282
2011-10-27,3079.333495
2011-10-28,3093.365436
2011-10-31,3125.423808
2011-11-01,3156.5285
2011-11-02,3152.307795
2011-11-03,3139.433506
2011-11-04,3140.88753
2011-11-07,3148.611828
2011-11-08,3135.573072
2011-11-09,3151.49582
2011-11-10,3144.853317
2011-11-14,3151.918744
2011-11-15,3145.594934
2011-11-16,3151.674621
2011-11-17,3160.097784
2011-11-18,3152.400688
2011-11-21,3160.273825
2011-11-22,3167.19169
2011-11-23,3174.826356
2011-11-25,3172.61244
2011-11-28,3173.6004
2011-11-29,3164.862671
2011-11-30,3153.35978
2011-12-01,3147.758495
2011-12-02,3155.790051
2011-12-05,3156.03488
2011-12-06,3150.5265
2011-12-07,3161.354217
2011-12-08,3172.44222
2011-12-09,3158.779008
2011-12-12,3163.91166
2011-12-13,3175.36602
2011-12-14,3186.23712
2011-12-15,3187.89236
2011-12-16,3186.706348
2011-12-19,3188.750378
2011-12-20,3172.99224
2011-12-21,3160.081964
2011-12-22,3168.60889
2011-12-23,3147.356672
2011-12-27,3142.503562
2011-12-28,3159.146124
2011-12-29,3161.20613
2011-12-30,3154.250924
2012-01-03,3141.511192
2012-01-04,3136.108735
2012-01-05,3140.465376
2012-01-06,3152.365522
2012-01-09,3156.479102
2012-01-10,3153.232232
2012-01-11,3165.91002
2012-01-12,3163.283127
2012-01-13,3168.473252
2012-01-17,3175.323449
2012-01-18,3166.175278
2012-01-19,3153.549308
2012-01-20,3153.19188
2012-01-23,3146.47784
2012-01-24,3149.5815
2012-01-25,3165.16314
2012-01-26,3178.84458
2012-01-27,3186.6354
2012-01-30,3194.45203
2012-01-31,3191.53383
2012-02-01,3183.950328
2012-02-02,3183.89644
2012-02-03,3166.05993
2012-02-06,3177.283416
2012-02-07,3157.822128
2012-02-08,3152.058152
2012-02-09,3146.80755
2012-02-10,3161.46707
2012-02-13,3158.939136
2012-02-14,3164.49083
2012-02-15,3167.299546
2012-02-16,3156.080411
2012-02-17,3152.360436
2012-02-21,3142.016465
2012-02-22,3152.71899
2012-02-23,3156.30292
2012-02-24,3156.520338
2012-02-27,3168.507496
2012-02-28,3167.628417
2012-02-29,3156.403638
2012-03-01,3150.704032
2012-03-02,3161.40511
2012-03-05,3160.639866
2012-03-06,3171.549041
2012-03-07,3168.579384
2012-03-08,3164.074252
2012-03-09,3159.325741
2012-03-12,3164.984627
2012-03-13,3147.36615
2012-03-14,3122.35851
2012-03-15,3119.324943
2012-03-16,3113.31874
2012-03-19,3100.097232
2012-03-20,3098.717271
2012-03-21,3111.702792
2012-03-22,3103.547205
2012-03-23,3115.402583
2012-03-26,3119.469947
2012-03-27,3128.717715
2012-03-28,3124.717521
2012-03-29,3134.676238
2012-03-30,3119.90324
2012-04-02,3127.07928
2012-04-03,3107.62214
2012-04-04,3119.96622
2012-04-05,3138.377715
2012-04-06,3160.474848
2012-04-09,3162.714659
2012-04-10,3176.51563
2012-04-11,3166.80255
2012-04-12,3160.966468
2012-04-13,3172.110305
2012-04-16,3179.007595
2012-04-17,3169.187314
2012-04-18,3173.7488
2012-04-19,3177.228639
2012-04-20,3179.660572
2012-04-23,3185.439296
2012-04-24,3179.181896
2012-04-25,3175.51325
2012-04-26,3183.874044
2012-04-27,3188.960361
2012-04-30,3191.105727
2012-05-01,3186.625698
2012-05-02,3189.76636
2012-05-03,3188.211892
2012-05-04,3198.65544
2012-05-07,3199.505394
2012-05-08,3205.04399
2012-05-09,3207.991739
2012-05-10,3206.969827
2012-05-11,3212.333514
2012-05-14,3228.351123
2012-05-15,3227.120141
2012-05-16,3230.11416
2012-05-17,3240.1772
2012-05-18,3239.646619
2012-05-21,3235.25328
2012-05-22,3227.95473
2012-05-23,3239.426676
2012-05-24,3239.464536
2012-05-25,3244.37274
2012-05-29,3245.631858
2012-05-30,3275.208606
2012-05-31,3289.994704
2012-06-01,3309.97437
2012-06-04,3291.870532
2012-06-05,3286.585125
2012-06-06,3268.398552
2012-06-07,3273.614554
2012-06-08,3278.678238
2012-06-11,3285.23336
2012-06-12,3272.01621
2012-06-13,3280.99035
2012-06-14,3276.921495
2012-06-15,3286.622936
2012-06-18,3281.828979
2012-06-19,3272.491908
2012-06-20,3268.555612
2012-06-21,3276.268626
2012-06-22,3266.021137
2012-06-25,3278.42368
2012-06-26,3273.71205
2012-06-27,3273.739931
2012-06-28,3282.567975
2012-06-29,3270.567075
2012-07-02,3280.690725
2012-07-03,3282.793272
2012-07-05,3284.27232
2012-07-06,3297.39564
2012-07-09,3307.839738
2012-07-10,3306.321142
2012-07-11,3305.135916
2012-07-12,3313.136505
2012-07-13,3314.377152
2012-07-16,3319.42344
2012-07-17,3310.733328
2012-07-18,3311.642142
2012-07-19,3310.339176
2012-07-20,3320.952648
2012-07-23,3331.309065
2012-07-24,3336.62114
2012-07-25,3338.37456
2012-07-26,3329.04109
2012-07-27,3308.177605
2012-07-30,3316.70205
2012-07-31,3310.27584
2012-08-01,3305.952035
2012-08-02,3311.748414
2012-08-03,3298.800308
2012-08-06,3302.81558
2012-08-07,3285.1656
2012-08-08,3278.3386
2012-08-09,3275.802616
2012-08-10,3282.984064
2012-08-13,3283.082519
2012-08-14,3268.550376
2012-08-15,3256.619314
2012-08-16,3252.465628
2012-08-17,3252.969863
2012-08-20,3254.816926
2012-08-21,3254.9076
2012-08-22,3274.440348
2012-08-23,3280.403402
2012-08-24,3278.453277
2012-08-27,3286.211328
2012-08-28,3286.72455
2012-08-29,3283.102174
2012-08-30,3289.51389
2012-08-31,3304.52122
2012-09-04,3299.23407
2012-09-05,3298.640288
2012-09-06,3279.52129
2012-09-07,3283.782759
2012-09-10,3282.144894
2012-09-11,3274.803243
2012-09-12,3259.970448
2012-09-13,3269.669832
2012-09-14,3239.606849
2012-09-17,3245.4261
2012-09-18,3252.527397
2012-09-19,3251.939406
2012-09-20,3250.55447
2012-09-21,3256.813556
2012-09-24,3265.756773
2012-09-25,3271.719622
2012-09-26,3279.68684
2012-09-27,3275.809494
2012-09-28,3271.33363
2012-10-01,3270.893715
2012-10-02,3271.019405
2012-10-03,3273.34467
2012-10-04,3264.232145
2012-10-05,3252.794355
2012-10-09,3257.646302
2012-10-10,3259.461875
2012-10-11,3257.57469
2012-10-12,3253.742224
2012-10-15,3254.776528
2012-10-16,3240.389016
2012-10-17,3217.81516
2012-10-18,3211.654152
2012-10-19,3223.583748
2012-10-22,3215.302222
2012-10-23,3222.791778
2012-10-24,3219.03208
2012-10-25,3205.549869
2012-10-26,3227.85013
2012-10-29,3227.794848
2012-10-31,3229.247928
2012-11-01,3228.021742
2012-11-02,3229.85142
2012-11-05,3238.114992
2012-11-06,3225.727488
2012-11-07,3246.224504
2012-11-08,3270.03102
2012-11-09,3257.80858
2012-11-13,3252.4624
2012-11-14,3252.853756
2012-11-15,3256.286012
2012-11-16,3259.597544
2012-11-19,3253.224445
2012-11-20,3242.323172
2012-11-21,3237.440448
2012-11-23,3235.622789
2012-11-26,3238.193825
2012-11-27,3242.44053
2012-11-28,3248.647758
2012-11-29,3251.805502
2012-11-30,3252.20541
2012-12-03,3251.462032
2012-12-04,3253.872096
2012-12-05,3257.450478
2012-12-06,3260.577333
2012-12-07,3254.292735
2012-12-10,3265.055744
2012-12-11,3258.986445
2012-12-12,3252.488877
2012-12-13,3236.256816
2012-12-14,3245.392755
2012-12-17,3229.789248
2012-12-18,3217.78812
2012-12-19,3220.753585
2012-12-20,3221.200306
2012-12-21,3227.473662
2012-12-24,3227.508736
2012-12-26,3232.566579
2012-12-27,3239.47728
2012-12-28,3241.979608
2012-12-31,3234.14873
2013-01-02,3219.694434
2013-01-03,3206.299289
2013-01-04,3207.399095
2013-01-07,3208.057112
2013-01-08,3211.884564
2013-01-09,3214.89837
2013-01-10,3207.07261
2013-01-11,3210.429167
2013-01-14,3212.092416
2013-01-15,3214.792368
2013-01-16,3219.463185
2013-01-17,3207.02088
2013-01-18,3213.486108
2013-01-22,3218.7465
2013-01-23,3218.99642
2013-01-24,3215.006424
2013-01-25,3198.021255
2013-01-28,3194.185032
2013-01-29,3191.323096
2013-01-30,3190.86768
2013-01-31,3191.985664
2013-02-01,3188.241978
2013-02-04,3205.84068
2013-02-05,3196.055964
2013-02-06,3204.96331
2013-02-07,3206.9952
2013-02-08,3208.491
2013-02-11,3205.935675
2013-02-12,3202.570125
2013-02-13,3193.346025
2013-02-14,3204.065925
2013-02-15,3202.196175
2013-02-19,3204.449874
2013-02-20,3205.81452
2013-02-21,3213.35826
2013-02-22,3213.258785
2013-02-25,3233.52393
2013-02-26,3227.566245
2013-02-27,3225.803673
2013-02-28,3225.609258
2013-03-01,3232.391796
2013-03-04,3229.395127
2013-03-05,3223.84662
2013-03-06,3213.762804
2013-03-07,3204.33603
2013-03-08,3189.197599
2013-03-11,3190.818015
2013-03-12,3197.053822
2013-03-13,3194.079614
2013-03-14,3195.947945
2013-03-15,3204.736895
2013-03-18,3214.563128
2013-03-19,3222.094566
2013-03-20,3211.303824
2013-03-21,3217.950969
2013-03-22,3218.168088
2013-03-25,3219.440559
2013-03-26,3222.20469
2013-03-27,3235.50552
2013-03-28,3233.590785
2013-04-01,3233.31264
2013-04-02,3224.387748
2013-04-03,3236.23989
2013-04-04,3246.423235
2013-04-05,3253.616975
2013-04-08,3247.489583
2013-04-09,3248.24925
2013-04-10,3232.948554
2013-04-11,3236.99936
2013-04-12,3247.156198
2013-04-15,3249.192973
2013-04-16,3240.281824
2013-04-17,3239.84027
2013-04-18,3245.491565
2013-04-19,3241.263168
2013-04-22,3246.050478
2013-04-23,3242.596992
2013-04-24,3244.135716
2013-04-25,3238.099592
2013-04-26,3243.7764
2013-04-29,3243.83805
2013-04-30,3243.09825
2013-05-01,3251.0511
2013-05-02,3246.507362
2013-05-03,3225.771471
2013-05-06,3227.404112
2013-05-07,3217.855808
2013-05-08,3212.655054
2013-05-09,3207.012481
2013-05-10,3198.106024
2013-05-13,3195.995605
2013-05-14,3185.226084
2013-05-15,3192.487755
2013-05-16,3206.82648
2013-05-17,3190.04634
2013-05-20,3187.009935
2013-05-21,3190.573356
2013-05-22,3168.675102
2013-05-23,3172.1981
2013-05-24,3171.87668
2013-05-28,3136.595385
2013-05-29,3147.530858
2013-05-30,3149.933802
2013-05-31,3146.048136
2013-06-03,3147.217659
2013-06-04,3140.100732
2013-06-05,3150.547092
2013-06-06,3157.197624
2013-06-07,3136.365225
2013-06-10,3130.109055
2013-06-11,3135.19986
2013-06-12,3124.588905
2013-06-13,3142.837152
2013-06-14,3147.736644
2013-06-17,3138.8175
2013-06-18,3137.975855
2013-06-19,3098.495868
2013-06-20,3088.30639
2013-06-21,3063.142628
2013-06-24,3061.058663
2013-06-25,3058.823075
2013-06-26,3070.36503
2013-06-27,3085.50671
2013-06-28,3080.093184
2013-07-01,3076.652936
2013-07-02,3077.04876
2013-07-03,3069.38502
2013-07-05,3029.381748
2013-07-08,3045.063672
2013-07-09,3046.60668
2013-07-10,3040.796052
2013-07-11,3068.152168
2013-07-12,3066.5405
2013-07-15,3074.507968
2013-07-16,3074.92335
2013-07-17,3086.301312
2013-07-18,3078.879342
2013-07-19,3090.125755
2013-07-22,3092.250195
2013-07-23,3086.743956
2013-07-24,3070.08624
2013-07-25,3073.362006
2013-07-26,3073.882527
2013-07-29,3070.78805
2013-07-30,3068.486631
2013-07-31,3069.414409
2013-08-01,3045.214896
2013-08-02,3069.714895
2013-08-05,3060.941319
2013-08-06,3059.809311
2013-08-07,3066.147544
2013-08-08,3070.983952
2013-08-09,3072.826486
2013-08-12,3067.823307
2013-08-13,3045.473064
2013-08-14,3045.357744
2013-08-15,3029.72175
2013-08-16,3021.11575
2013-08-19,3015.160876
2013-08-20,3028.737192
2013-08-21,3011.426886
2013-08-22,3005.949788
2013-08-23,3020.04019
2013-08-26,3027.23946
2013-08-27,3041.505428
2013-08-28,3029.781612
2013-08-29,3033.147832
2013-08-30,3028.112185
2013-09-03,3014.579118
2013-09-04,3004.785497
2013-09-05,2984.920026
2013-09-06,3001.064765
2013-09-09,3007.92061
2013-09-10,2996.7804
2013-09-11,3009.0783
2013-09-12,3009.4442
2013-09-13,3013.386624
2013-09-16,3032.60865
2013-09-17,3026.530815
2013-09-18,3059.192124
2013-09-19,3050.989716
2013-09-20,3052.887288
2013-09-23,3059.8879
2013-09-24,3068.835633
2013-09-25,3075.4836
2013-09-26,3071.228808
2013-09-27,3075.86174
2013-09-30,3079.84908
2013-10-01,3074.09487
2013-10-02,3079.97151
2013-10-03,3083.15469
2013-10-04,3075.19674
2013-10-07,3078.073845
2013-10-08,3075.546695
2013-10-09,3071.690402
2013-10-10,3064.93317
2013-10-11,3070.460196
2013-10-15,3054.473352
2013-10-16,3065.088502
2013-10-17,3078.493324
2013-10-18,3078.701096
2013-10-21,3073.7167
2013-10-22,3090.887637
2013-10-23,3089.93132
2013-10-24,3084.97286
2013-10-25,3090.18528
2013-10-28,3088.9998
2013-10-29,3095.161444
2013-10-30,3091.445678
2013-10-31,3088.022205
2013-11-01,3077.258745
2013-11-04,3081.70272
2013-11-05,3070.775256
2013-11-06,3076.630719
2013-11-07,3082.371156
2013-11-08,3055.65402
2013-11-12,3051.42188
2013-11-13,3062.169682
2013-11-14,3074.672418
2013-11-15,3073.332134
2013-11-18,3081.506022
2013-11-19,3072.76083
2013-11-20,3061.144576
2013-11-21,3062.108753
2013-11-22,3068.909194
2013-11-25,3071.827994
2013-11-26,3077.239989
2013-11-27,3071.727156
2013-11-29,3070.302548
2013-12-02,3059.84367
2013-12-03,3063.989808
2013-12-04,3053.536332
2013-12-05,3046.502782
2013-12-06,3042.917778
2013-12-09,3039.307596
2013-12-10,3049.03833
2013-12-11,3041.010945
2013-12-12,3033.139255
2013-12-13,3034.860731
2013-12-16,3034.232125
2013-12-17,3041.924655
2013-12-18,3032.742664
2013-12-19,3021.200306
2013-12-20,3024.103626
2013-12-23,3016.707294
2013-12-24,3007.8211
2013-12-26,3008.009199
2013-12-27,3004.381802
2013-12-30,3007.512455
2013-12-31,2994.6111
2014-01-02,3000.905172
2014-01-03,2999.84958
2014-01-06,3007.476414
2014-01-07,3010.290464
2014-01-08,2997.219872
2014-01-09,3005.0965
2014-01-10,3025.868437
2014-01-13,3028.599795
2014-01-14,3017.5794
2014-01-15,3016.16802
2014-01-16,3029.000583
2014-01-17,3031.018791
2014-01-21,3027.79121
2014-01-22,3020.80896
2014-01-23,3038.245672
2014-01-24,3046.720072
2014-01-27,3038.93856
2014-01-28,3045.054916
2014-01-29,3059.107452
2014-01-30,3059.10792
2014-01-31,3068.80552
2014-02-03,3083.29131
2014-02-04,3076.13933
2014-02-05,3068.0782
2014-02-06,3062.32025
2014-02-07,3071.294002
2014-02-10,3070.29798
2014-02-11,3060.178758
2014-02-12,3054.055248
2014-02-13,3067.090152
2014-02-14,3066.999957
2014-02-18,3074.118891
2014-02-19,3074.111524
2014-02-20,3072.958355
2014-02-21,3079.801485
2014-02-24,3080.362824
2014-02-25,3102.487965
2014-02-26,3110.17344
2014-02-27,3115.862412
2014-02-28,3120.73825
2014-03-03,3133.629592
2014-03-04,3113.710105
2014-03-05,3107.732784
2014-03-06,3093.574785
2014-03-07,3085.48242
2014-03-10,3094.77519
2014-03-11,3098.03791
2014-03-12,3108.81695
2014-03-13,3119.091822
2014-03-14,3125.654644
2014-03-17,3130.741068
2014-03-18,3143.419565
2014-03-19,3118.45459
2014-03-20,3133.740275
2014-03-21,3136.155
2014-03-24,3120.936789
2014-03-25,3121.93578
2014-03-26,3136.926786
2014-03-27,3139.886992
2014-03-28,3131.57002
2014-03-31,3134.774412
2014-04-01,3125.17415
2014-04-02,3113.772032
2014-04-03,3117.522972
2014-04-04,3134.850826
2014-04-07,3141.311618
2014-04-08,3137.191968
2014-04-09,3141.1733
2014-04-10,3158.113084
2014-04-11,3162.918186
2014-04-14,3160.733193
2014-04-15,3164.13588
2014-04-16,3157.67157
2014-04-17,3139.47558
2014-04-21,3146.269302
2014-04-22,3149.177112
2014-04-23,3155.777184
2014-04-24,3161.068554
2014-04-25,3167.49905
2014-04-28,3162.82993
2014-04-29,3167.98734
2014-04-30,3178.034389
2014-05-01,3184.481468
2014-05-02,3186.421851
2014-05-05,3179.58405
2014-05-06,3169.50387
2014-05-07,3177.486648
2014-05-08,3178.64664
2014-05-09,3177.695176
2014-05-12,3175.87404
2014-05-13,3181.139079
2014-05-14,3193.183296
2014-05-15,3202.455186
2014-05-16,3199.230216
2014-05-19,3199.661452
2014-05-20,3207.319115
2014-05-21,3200.993962
2014-05-22,3198.36795
2014-05-23,3202.56748
2014-05-27,3212.412346
2014-05-28,3228.75258
2014-05-29,3216.87422
2014-05-30,3218.605685
2014-06-02,3207.359465
2014-06-03,3198.227164
2014-06-04,3193.766888
2014-06-05,3201.854832
2014-06-06,3195.318105
2014-06-09,3185.735553
2014-06-10,3172.75214
2014-06-11,3177.389777
2014-06-12,3183.00141
2014-06-13,3172.80612
2014-06-16,3181.56111
2014-06-17,3170.499756
2014-06-18,3185.990192
2014-06-19,3181.20137
2014-06-20,3180.781745
2014-06-23,3179.36285
2014-06-24,3191.320176
2014-06-25,3196.37688
2014-06-26,3197.82896
2014-06-27,3196.122445
2014-06-30,3190.552302
2014-07-01,3180.724
2014-07-02,3175.603992
2014-07-03,3171.78508
2014-07-07,3171.69275
2014-07-08,3180.62532
2014-07-09,3181.78868
2014-07-10,3188.301228
2014-07-11,3192.879415
2014-07-14,3188.58074
2014-07-15,3186.31808
2014-07-16,3186.00216
2014-07-17,3200.478382
2014-07-18,3196.93376
2014-07-21,3198.037872
2014-07-22,3197.70853
2014-07-23,3196.163268
2014-07-24,3183.580224
2014-07-25,3189.901923
2014-07-28,3184.5825
2014-07-29,3184.93526
2014-07-30,3162.708605
2014-07-31,3163.49586
2014-08-01,3183.400374
2014-08-04,3185.14032
2014-08-05,3181.180971
2014-08-06,3179.73822
2014-08-07,3190.180791
2014-08-08,3185.464128
2014-08-11,3183.030752
2014-08-12,3182.57756
2014-08-13,3188.733984
2014-08-14,3192.101575
2014-08-15,3198.449632
2014-08-18,3188.52415
2014-08-19,3185.676549
2014-08-20,3176.1606
2014-08-21,3185.61579
2014-08-22,3184.077915
2014-08-25,3186.74832
2014-08-26,3187.11805
2014-08-27,3187.942669
2014-08-28,3192.536016
2014-08-29,3192.365845
2014-09-02,3181.201644
2014-09-03,3179.74839
2014-09-04,3170.648286
2014-09-05,3173.963045
2014-09-08,3170.524365
2014-09-09,3161.534644
2014-09-10,3151.43101
2014-09-11,3149.3488
2014-09-12,3142.745463
2014-09-15,3151.7673
2014-09-16,3154.424364
2014-09-17,3143.04522
2014-09-18,3141.72542
2014-09-19,3149.28903
2014-09-22,3156.155595
2014-09-23,3158.941526
2014-09-24,3152.06459
2014-09-25,3163.59888
2014-09-26,3152.454221
2014-09-29,3171.801
2014-09-30,3163.7829
2014-10-01,3185.697345
2014-10-02,3178.822225
2014-10-03,3176.74833
2014-10-06,3182.33482
2014-10-07,3197.43676
2014-10-08,3209.4692
2014-10-09,3200.148306
2014-10-10,3208.40463
2014-10-14,3225.994575
2014-10-15,3243.296496
2014-10-16,3235.306788
2014-10-17,3227.47048
2014-10-20,3231.187245
2014-10-21,3223.62465
2014-10-22,3220.742844
2014-10-23,3210.2897
2014-10-24,3210.38511
2014-10-27,3212.691625
2014-10-28,3204.59186
2014-10-29,3192.613104
2014-10-30,3196.844035
2014-10-31,3191.624051
2014-11-03,3192.467757
2014-11-04,3192.44016
2014-11-05,3191.99712
2014-11-06,3183.25184
2014-11-07,3205.784493
2014-11-10,3194.13422
2014-11-12,3196.95747
2014-11-13,3200.146752
2014-11-14,3208.1803
2014-11-17,3201.906526
2014-11-18,3203.949633
2014-11-19,3196.09246
2014-11-20,3201.97815
2014-11-21,3207.61013
2014-11-24,3219.172055
2014-11-25,3223.687545
2014-11-26,3229.719119
2014-11-28,3246.435472
2014-12-01,3243.21136
2014-12-02,3228.180025
2014-12-03,3227.62496
2014-12-04,3237.873514
2014-12-05,3219.076182
2014-12-08,3238.29407
2014-12-09,3255.649092
2014-12-10,3255.932924
2014-12-11,3262.691806
2014-12-12,3281.346153
2014-12-15,3273.969735
2014-12-16,3285.75797
2014-12-17,3270.90054
2014-12-18,3266.776215
2014-12-19,3276.581121
2014-12-22,3277.53888
2014-12-23,3260.389202
2014-12-24,3254.144621
2014-12-26,3256.367277
2014-12-29,3270.359325
2014-12-30,3264.36068
2014-12-31,3272.104164
2015-01-02,3283.213083
2015-01-05,3305.813458
2015-01-06,3319.54377
2015-01-07,3320.484405
2015-01-08,3312.506092
2015-01-09,3321.832176
2015-01-12,3329.87776
2015-01-13,3330.722425
2015-01-14,3341.572788
2015-01-15,3361.42125
2015-01-16,3350.78688
2015-01-20,3359.72338
2015-01-21,3345.824475
2015-01-22,3337.23
2015-01-23,3364.075135
2015-01-26,3371.46886
2015-01-27,3370.36617
2015-01-28,3392.22664
2015-01-29,3383.345958
2015-01-30,3409.3125
2015-02-02,3410.722739
2015-02-03,3387.785186
2015-02-04,3386.440831
2015-02-05,3380.51047
2015-02-06,3342.35076
2015-02-09,3342.145
2015-02-10,3332.694
2015-02-11,3331.479282
2015-02-12,3335.18745
2015-02-13,3325.580676
2015-02-17,3314.077082
2015-02-18,3328.463812
2015-02-19,3321.4581
2015-02-20,3318.267999
2015-02-23,3330.778199
2015-02-24,3349.793703
2015-02-25,3355.047393
2015-02-26,3337.120302
2015-02-27,3352.543208
2015-03-02,3335.276425
2015-03-03,3330.075056
2015-03-04,3330.691896
2015-03-05,3330.88028
2015-03-06,3301.276875
2015-03-09,3313.3428
2015-03-10,3324.43318
2015-03-11,3328.099335
2015-03-12,3330.532192
2015-03-13,3326.736465
2015-03-16,3336.722625
2015-03-17,3334.670705
2015-03-18,3356.836778
2015-03-19,3323.90616
2015-03-20,3341.376096
2015-03-23,3350.15382
2015-03-24,3352.987836
2015-03-25,3346.582512
2015-03-26,3330.914148
2015-03-27,3342.86205
2015-03-30,3339.9867
2015-03-31,3343.51434
2015-04-01,3355.74393
2015-04-02,3346.75182
2015-04-03,3363.81372
2015-04-06,3352.04607
2015-04-07,3353.64696
2015-04-08,3354.68415
2015-04-09,3344.950665
2015-04-10,3345.946905
2015-04-13,3356.023328
2015-04-14,3360.483615
2015-04-15,3359.619384
2015-04-16,3357.906666
2015-04-17,3361.438808
2015-04-20,3359.39175
2015-04-21,3355.3611
2015-04-22,3335.84064
2015-04-23,3345.07863
2015-04-24,3353.28477
2015-04-27,3363.98148
2015-04-28,3343.21152
2015-04-29,3331.007876
2015-04-30,3332.76444
2015-05-01,3317.56758
2015-05-04,3317.09616
2015-05-05,3310.09422
2015-05-06,3295.636608
2015-05-07,3307.373008
2015-05-08,3321.780624
2015-05-11,3296.428256
2015-05-12,3298.229769
2015-05-13,3293.960094
2015-05-14,3302.786112
2015-05-15,3322.063269
2015-05-18,3304.844481
2015-05-19,3292.415102
2015-05-20,3298.445253
2015-05-21,3308.719392
2015-05-22,3301.726824
2015-05-26,3319.210578
2015-05-27,3317.509461
2015-05-28,3320.43254
2015-05-29,3322.536732
2015-06-01,3310.16103
2015-06-02,3293.227624
2015-06-03,3270.703016
2015-06-04,3284.474626
2015-06-05,3265.966032
2015-06-08,3272.088768
2015-06-09,3263.701744
2015-06-10,3253.70094
2015-06-11,3272.553982
2015-06-12,3272.829511
2015-06-15,3280.02843
2015-06-16,3289.077045
2015-06-17,3293.944416
2015-06-18,3291.437638
2015-06-19,3305.56523
2015-06-22,3283.397315
2015-06-23,3275.266292
2015-06-24,3280.948918
2015-06-25,3276.38991
2015-06-26,3265.56146
2015-06-29,3295.693128
2015-06-30,3285.84789
2015-07-01,3272.230724
2015-07-02,3284.830227
2015-07-06,3305.352294
2015-07-07,3313.1592
2015-07-08,3323.189547
2015-07-09,3304.137096
2015-07-10,3285.59818
2015-07-13,3277.166024
2015-07-14,3286.867482
2015-07-15,3296.588464
2015-07-16,3295.567935
2015-07-17,3294.077655
2015-07-20,3287.787762
2015-07-21,3295.621008
2015-07-22,3297.439776
2015-07-23,3307.92484
2015-07-24,3311.082912
2015-07-27,3322.0825
2015-07-28,3314.701908
2015-07-29,3309.397
2015-07-30,3311.89016
2015-07-31,3330.075819
2015-08-03,3337.775847
2015-08-04,3320.89408
2015-08-05,3310.95872
2015-08-06,3320.140299
2015-08-07,3329.516946
2015-08-10,3319.34168
2015-08-11,3401.034704
2015-08-12,3433.97055
2015-08-13,3430.652632
2015-08-14,3423.639834
2015-08-17,3431.651808
2015-08-18,3426.693172
2015-08-19,3445.73725
2015-08-20,3448.97387
2015-08-21,3458.640768
2015-08-24,3474.70722
2015-08-25,3464.440967
2015-08-26,3447.00237
2015-08-27,3442.656591
2015-08-28,3432.732705
2015-08-31,3420.874836
2015-09-01,3426.01035
2015-09-02,3415.469983
2015-09-03,3422.715709
2015-09-04,3430.27923
2015-09-08,3423.516096
2015-09-09,3431.766624
2015-09-10,3425.19412
2015-09-11,3432.6825
2015-09-14,3431.470273
2015-09-15,3409.9247
2015-09-16,3408.941172
2015-09-17,3431.52864
2015-09-18,3442.577156
2015-09-21,3431.352625
2015-09-22,3448.96968
2015-09-23,3450.134502
2015-09-24,3454.450461
2015-09-25,3442.65141
2015-09-28,3455.201376
2015-09-29,3462.052944
2015-09-30,3459.279536
2015-10-01,3460.46064
2015-10-02,3476.4142
2015-10-05,3461.85896
2015-10-06,3467.07088
2015-10-07,3458.99876
2015-10-08,3451.47534
2015-10-09,3446.576601
2015-10-13,3458.646459
2015-10-14,3477.143106
2015-10-15,3466.421364
2015-10-16,3466.55925
2015-10-19,3470.134161
2015-10-20,3453.783536
2015-10-21,3463.289178
2015-10-22,3470.38714
2015-10-23,3450.227922
2015-10-26,3458.555016
2015-10-27,3466.051792
2015-10-28,3451.77376
2015-10-29,3435.79635
2015-10-30,3418.913453
2015-11-02,3420.991894
2015-11-03,3413.193709
2015-11-04,3407.763815
2015-11-05,3411.282594
2015-11-06,3395.29732
2015-11-09,3395.643633
2015-11-10,3401.718078
2015-11-12,3406.93857
2015-11-13,3420.12742
2015-11-16,3421.844096
2015-11-17,3425.435772
2015-11-18,3426.328887
2015-11-19,3431.24548
2015-11-20,3429.3835
2015-11-23,3434.057071
2015-11-24,3437.967992
2015-11-25,3438.731332
2015-11-27,3445.57212
2015-11-30,3447.925998
2015-12-01,3462.400557
2015-12-02,3454.210221
2015-12-03,3425.60535
2015-12-04,3436.44086
2015-12-07,3449.21365
2015-12-08,3456.817296
2015-12-09,3466.299
2015-12-10,3465.532118
2015-12-11,3497.223328
2015-12-14,3480.636621
2015-12-15,3471.36608
2015-12-16,3470.400863
2015-12-17,3486.869023
2015-12-18,3496.38036
2015-12-21,3497.622952
2015-12-22,3487.602828
2015-12-23,3481.364054
2015-12-24,3484.852173
2015-12-28,3492.943152
2015-12-29,3474.426144
2015-12-30,3478.569168
2015-12-31,3488.946344
2016-01-04,3520.554626
2016-01-05,3509.327316
2016-01-06,3548.825316
2016-01-07,3575.923031
2016-01-08,3588.166175
2016-01-11,3565.00487
2016-01-12,3577.67465
2016-01-13,3591.680742
2016-01-14,3594.042837
2016-01-15,3607.471616
2016-01-19,3598.83421
2016-01-20,3613.251984
2016-01-21,3608.3404
2016-01-22,3600.08352
2016-01-25,3608.285499
2016-01-26,3613.2659
2016-01-27,3614.435322
2016-01-28,3617.357016
2016-01-29,3633.95286
2016-02-01,3627.395544
2016-02-02,3650.604636
2016-02-03,3647.47266
2016-02-04,3646.7464
2016-02-05,3654.036576
2016-02-08,3676.848009
2016-02-09,3677.636877
2016-02-10,3686.182947
2016-02-11,3697.621533
2016-02-12,3675.336012
2016-02-16,3635.061651
2016-02-17,3633.204428
2016-02-18,3642.509876
2016-02-19,3642.303832
2016-02-22,3639.294836
2016-02-23,3647.99619
2016-02-24,3650.959032
2016-02-25,3661.569405
2016-02-26,3650.655068
2016-02-29,3662.0475
2016-03-01,3637.005189
2016-03-02,3630.95726
2016-03-03,3621.98787
2016-03-04,3600.16052
2016-03-07,3598.642128
2016-03-08,3609.653171
2016-03-09,3602.47056
2016-03-10,3587.61537
2016-03-11,3571.76547
2016-03-14,3576.365
2016-03-15,3583.952175
2016-03-16,3606.20946
2016-03-17,3583.32975
2016-03-18,3588.955212
2016-03-21,3587.151028
2016-03-22,3583.768319
2016-03-23,3606.451722
2016-03-24,3607.003728
2016-03-28,3606.7168
2016-03-29,3627.819896
2016-03-30,3604.3668
2016-03-31,3606.02284
2016-04-01,3621.926116
2016-04-04,3625.813276
2016-04-05,3636.429624
2016-04-06,3631.637124
2016-04-07,3637.57029
2016-04-08,3634.167548
2016-04-11,3630.36819
2016-04-12,3621.317904
2016-04-13,3629.134896
2016-04-14,3624.032704
2016-04-15,3630.156604
2016-04-18,3626.306256
2016-04-19,3611.240358
2016-04-20,3605.918008
2016-04-21,3605.88097
2016-04-22,3613.460256
2016-04-25,3605.04346
2016-04-26,3598.243155
2016-04-27,3616.61085
2016-04-28,3616.013042
2016-04-29,3614.813735
2016-05-02,3605.944218
2016-05-03,3632.690403
2016-05-04,3640.604085
2016-05-05,3652.179372
2016-05-06,3643.95606
2016-05-09,3661.259589
2016-05-10,3661.524659
2016-05-11,3649.93224
2016-05-12,3656.185472
2016-05-13,3675.09916
2016-05-16,3657.023748
2016-05-17,3653.314916
2016-05-18,3637.665216
2016-05-19,3645.95883
2016-05-20,3649.36476
2016-05-23,3654.737193
2016-05-24,3648.557224
2016-05-25,3645.128256
2016-05-26,3658.54372
2016-05-27,3656.020632
2016-05-31,3669.505947
2016-06-01,3663.842973
2016-06-02,3678.49677
2016-06-03,3697.098416
2016-06-06,3689.652681
2016-06-07,3698.70306
2016-06-08,3695.475
2016-06-09,3700.058553
2016-06-10,3710.491974
2016-06-13,3731.984476
2016-06-14,3736.2576
2016-06-15,3739.712942
2016-06-16,3746.49728
2016-06-17,3736.676944
2016-06-20,3716.20231
2016-06-21,3717.192812
2016-06-22,3715.563975
2016-06-23,3700.793124
2016-06-24,3768.665034
2016-06-27,3811.233768
2016-06-28,3809.893148
2016-06-29,3790.153003
2016-06-30,3803.45376
2016-07-01,3811.852504
2016-07-05,3848.78552
2016-07-06,3851.1522
2016-07-07,3844.78188
2016-07-08,3852.746886
2016-07-11,3838.550016
2016-07-12,3817.12695
2016-07-13,3825.365956
2016-07-14,3811.055556
2016-07-15,3799.114713
2016-07-18,3811.64234
2016-07-19,3813.54285
2016-07-20,3796.606335
2016-07-21,3801.764005
2016-07-22,3800.969475
2016-07-25,3799.13151
2016-07-26,3797.10192
2016-07-27,3808.1031
2016-07-28,3800.56617
2016-07-29,3804.765852
2016-08-01,3801.041629
2016-08-02,3784.197472
2016-08-03,3788.725278
2016-08-04,3803.227516
2016-08-05,3789.1557
2016-08-08,3790.736284
2016-08-09,3796.078495
2016-08-10,3795.6084
2016-08-11,3771.028746
2016-08-12,3788.822653
2016-08-15,3782.53154
2016-08-16,3768.934411
2016-08-17,3777.371391
2016-08-18,3783.364848
2016-08-19,3783.67484
2016-08-22,3791.830098
2016-08-23,3784.051229
2016-08-24,3794.35518
2016-08-25,3789.607851
2016-08-26,3779.030879
2016-08-29,3799.210638
2016-08-30,3799.732064
2016-08-31,3798.384324
2016-09-01,3794.015335
2016-09-02,3793.789145
2016-09-06,3807.237915
2016-09-07,3800.623125
2016-09-08,3783.256467
2016-09-09,3779.938162
2016-09-12,3784.744257
2016-09-13,3773.727412
2016-09-14,3777.344602
2016-09-15,3779.213154
2016-09-16,3781.415376
2016-09-19,3774.63774
2016-09-20,3780.28848
2016-09-21,3785.616098
2016-09-22,3789.27204
2016-09-23,3793.754802
2016-09-26,3804.340694
2016-09-27,3809.761017
2016-09-28,3809.469888
2016-09-29,3808.895144
2016-09-30,3801.744544
2016-10-03,3795.406524
2016-10-04,3781.663028
2016-10-05,3774.524416
2016-10-06,3767.252372
2016-10-07,3771.855776
2016-10-11,3791.34244
2016-10-12,3789.85195
2016-10-13,3802.461028
2016-10-14,3793.764728
2016-10-17,3807.428625
2016-10-18,3814.338265
2016-10-19,3813.853537
2016-10-20,3815.737872
2016-10-21,3830.087534
2016-10-24,3829.885056
2016-10-25,3833.75142
2016-10-26,3821.270285
2016-10-27,3817.365111
2016-10-28,3815.08562
2016-10-31,3817.960026
2016-11-01,3813.531735
2016-11-02,3817.56986
2016-11-03,3820.849018
2016-11-04,3825.5303
2016-11-07,3822.951124
2016-11-08,3817.505256
2016-11-09,3767.1714
2016-11-10,3761.314662
2016-11-14,3760.331028
2016-11-15,3765.714491
2016-11-16,3779.74774
2016-11-17,3765.112637
2016-11-18,3755.512579
2016-11-21,3761.676672
2016-11-22,3762.9735
2016-11-23,3767.080072
2016-11-25,3766.308744
2016-11-28,3772.273888
2016-11-29,3768.342552
2016-11-30,3743.457876
2016-12-01,3731.24343
2016-12-02,3745.56735
2016-12-05,3741.40613
2016-12-06,3744.56502
2016-12-07,3754.069605
2016-12-08,3743.078394
2016-12-09,3742.039244
2016-12-12,3742.918179
2016-12-13,3740.238281
2016-12-14,3713.700882
2016-12-15,3723.811432
2016-12-16,3737.611497
2016-12-19,3748.708412
2016-12-20,3740.967615
2016-12-21,3742.000163
2016-12-22,3744.388992
2016-12-23,3744.873704
2016-12-27,3743.712675
2016-12-28,3759.622639
2016-12-29,3768.172881
2016-12-30,3770.7183
2017-01-03,3779.96222
2017-01-04,3769.504254
2017-01-05,3765.2472
2017-01-06,3766.521768
2017-01-09,3788.43
2017-01-10,3778.931355
2017-01-11,3789.842628
2017-01-12,3767.789795
2017-01-13,3764.015735
2017-01-17,3757.143352
2017-01-18,3724.24584
2017-01-19,3731.130312
2017-01-20,3736.896395
2017-01-23,3742.35254
2017-01-24,3732.05049
2017-01-25,3730.154004
2017-01-26,3734.437872
2017-01-27,3738.277074
2017-01-30,3738.153936
2017-01-31,3747.309399
2017-02-01,3743.641512
2017-02-02,3744.336168
2017-02-03,3740.208165
2017-02-06,3752.27662
2017-02-07,3768.603506
2017-02-08,3774.748221
2017-02-09,3755.22763
2017-02-10,3757.793335
2017-02-13,3754.339955
2017-02-14,3733.942728
2017-02-15,3728.94597
2017-02-16,3733.416001
2017-02-17,3749.314995
2017-02-21,3757.479462
2017-02-22,3759.213266
2017-02-23,3761.592885
2017-02-24,3778.08738
2017-02-27,3766.503852
2017-02-28,3763.142332
2017-03-01,3746.712817
2017-03-02,3743.28267
2017-03-03,3750.283528
2017-03-06,3750.185354
2017-03-07,3746.607975
2017-03-08,3742.337554
2017-03-09,3731.41087
2017-03-10,3737.003075
2017-03-13,3732.30881
2017-03-14,3736.24365
2017-03-15,3764.224386
2017-03-16,3746.92462
2017-03-17,3758.072892
2017-03-20,3769.070345
2017-03-21,3768.029597
2017-03-22,3769.984872
2017-03-23,3768.487086
2017-03-24,3768.82575
2017-03-27,3771.10536
2017-03-28,3764.570232
2017-03-29,3779.9229
2017-03-30,3770.430832
2017-03-31,3776.265801
2017-04-03,3792.023886
2017-04-04,3788.938065
2017-04-05,3800.41376
2017-04-06,3800.135976
2017-04-07,3789.285656
2017-04-10,3796.428876
2017-04-11,3806.61729
2017-04-12,3816.09921
2017-04-13,3824.5701
2017-04-17,3815.54712
2017-04-18,3835.489327
2017-04-19,3828.90144
2017-04-20,3818.382204
2017-04-21,3823.120539
2017-04-24,3814.86768
2017-04-25,3798.770919
2017-04-26,3811.6078
2017-04-27,3817.711734
2017-04-28,3817.964975
2017-05-01,3810.285232
2017-05-02,3820.17712
2017-05-03,3812.746074
2017-05-04,3804.219768
2017-05-05,3809.475735
2017-05-08,3802.377195
2017-05-09,3801.14222
2017-05-10,3796.967096
2017-05-11,3800.77698
2017-05-12,3815.299206
2017-05-15,3808.79608
2017-05-16,3809.515839
2017-05-17,3833.90649
2017-05-18,3834.87318
2017-05-19,3830.88285
2017-05-22,3828.631808
2017-05-23,3821.6763
2017-05-24,3830.922198
2017-05-25,3819.520534
2017-05-26,3813.77028
2017-05-30,3822.146915
2017-05-31,3798.469477
2017-06-01,3795.756968
2017-06-02,3812.849075
2017-06-05,3802.27932
2017-06-06,3807.746355
2017-06-07,3800.359311
2017-06-08,3798.579577
2017-06-09,3793.89582
2017-06-12,3794.07542
2017-06-13,3795.25762
2017-06-14,3807.71054
2017-06-15,3809.496603
2017-06-16,3813.619688
2017-06-19,3809.50909
2017-06-20,3822.849576
2017-06-21,3822.06138
2017-06-22,3827.82974
2017-06-23,3829.987707
2017-06-26,3834.641783
2017-06-27,3801.839556
2017-06-28,3794.560392
2017-06-29,3776.21893
2017-06-30,3764.07759
2017-07-03,3764.119443
2017-07-05,3768.507105
2017-07-06,3762.113695
2017-07-07,3760.600045
2017-07-10,3764.567952
2017-07-11,3768.585
2017-07-12,3770.703104
2017-07-13,3763.21446
2017-07-14,3765.041028
2017-07-17,3765.6771
2017-07-18,3764.300474
2017-07-19,3765.399592
2017-07-20,3770.17872
2017-07-21,3781.005375
2017-07-24,3769.071619
2017-07-25,3751.451248
2017-07-26,3764.421243
2017-07-27,3753.96296
2017-07-28,3756.167874
2017-07-31,3750.494605
2017-08-01,3754.611728
2017-08-02,3753.105646
2017-08-03,3761.464
2017-08-04,3758.292517
2017-08-07,3756.25439
2017-08-08,3745.513185
2017-08-09,3732.512053
2017-08-10,3728.7157
2017-08-11,3742.962167
2017-08-14,3738.48444
2017-08-15,3736.25853
2017-08-16,3747.296
2017-08-17,3749.294575
2017-08-18,3745.93495
2017-08-21,3745.600608
2017-08-22,3736.140672
2017-08-23,3745.831017
2017-08-24,3741.17934
2017-08-25,3739.325801
2017-08-28,3724.553223
2017-08-29,3721.320848
2017-08-30,3716.010344
2017-08-31,3718.548772
2017-09-01,3691.723844
2017-09-05,3703.380156
2017-09-06,3685.86428
2017-09-07,3679.27253
2017-09-08,3673.957194
2017-09-11,3684.383225
2017-09-12,3679.168784
2017-09-13,3677.49315
2017-09-14,3684.7998
2017-09-15,3679.481478
2017-09-18,3686.295093
2017-09-19,3688.639788
2017-09-20,3676.618331
2017-09-21,3681.908928
2017-09-22,3688.247738
2017-09-25,3714.758048
2017-09-26,3721.388
2017-09-27,3708.707025
2017-09-28,3721.57744
2017-09-29,3709.203966
2017-10-02,3707.60715
2017-10-03,3712.064928
2017-10-04,3712.5972
2017-10-05,3707.207946
2017-10-06,3702.94977
2017-10-10,3662.89836
2017-10-11,3675.542116
2017-10-12,3677.61924
2017-10-13,3682.404732
2017-10-16,3681.908928
2017-10-17,3698.5624
2017-10-18,3693.45002
2017-10-19,3691.093498
2017-10-20,3679.740105
